[{"id":44,"description":"Music time...","values":{"Deception":"0","Personal_Data":"0","Cyber_Bullying":"-2","Pleasure":"5","Addiction":"-5","Money":"0","Interaction":"0"},"imguri":"","layers":"Main","latlng":{"lat":294.17752644037586,"lng":493.784841760703}},{"id":47,"description":"Games time...","values":{"Deception":"0","Personal_Data":"0","Cyber_Bullying":"0","Pleasure":"3","Addiction":"1","Money":"0","Interaction":"0"},"imguri":"","layers":"Main","latlng":{"lat":287.16044782803664,"lng":680.7336898602739}},{"id":50,"description":"Shopping time...","values":{"Deception":"2","Personal_Data":"4","Cyber_Bullying":"-4","Pleasure":"5","Addiction":"4","Money":"-5","Interaction":"-2"},"imguri":"","layers":"Main","latlng":{"lat":187.3020214216705,"lng":457.33399220540946}},{"id":53,"description":"Searching time...","values":{"Deception":"-3","Personal_Data":"0","Cyber_Bullying":"-1","Pleasure":"3","Addiction":"3","Money":"0","Interaction":"0"},"imguri":"","layers":"Main","latlng":{"lat":185.14292031018152,"lng":668.2592179790503}},{"id":56,"description":"Socializing time...","values":{"Deception":"3","Personal_Data":"3","Cyber_Bullying":"3","Pleasure":"4","Addiction":"5","Money":"0","Interaction":"4"},"imguri":"","layers":"Main","isDummy":false,"latlng":{"lat":154.37572947146333,"lng":271.33503855711416}},{"id":59,"description":"Movie time...","values":{"Deception":"0","Personal_Data":"0","Cyber_Bullying":"-2","Pleasure":"5","Addiction":"2","Money":"0","Interaction":"0"},"imguri":"","layers":"Main","isDummy":false,"latlng":{"lat":294.71730171824817,"lng":287.65048862423595}},{"id":62,"description":"PirateMovies","values":{"Deception":"3","Personal_Data":"0","Cyber_Bullying":"0","Pleasure":"0","Addiction":"3","Money":"5","Interaction":"1"},"imguri":"","layers":"Movies","isDummy":false,"latlng":{"lat":381.7632882542611,"lng":214.807774052405}},{"id":63,"description":"Neflix","values":{"Deception":"-2","Personal_Data":"2","Cyber_Bullying":"-1","Pleasure":"0","Addiction":"4","Money":"-2","Interaction":"-3"},"imguri":"","layers":"Movies","isDummy":false,"latlng":{"lat":375.71422007274856,"lng":458.8639280539098}},{"id":64,"description":"Radio","values":{"Deception":"-5","Personal_Data":"-5","Cyber_Bullying":"-5","Pleasure":"3","Addiction":"-4","Money":"5","Interaction":"2"},"imguri":"","layers":"Music","isDummy":false,"latlng":{"lat":304.09711757655583,"lng":254.60475004872112}},{"id":65,"description":"Spotify","values":{"Deception":"-3","Personal_Data":"2","Cyber_Bullying":"-5","Pleasure":"5","Addiction":"-2","Money":"-1","Interaction":"2"},"imguri":"","layers":"Music","isDummy":false,"latlng":{"lat":285.67421519851524,"lng":504.41468371234384}},{"id":66,"description":"CreditCard","values":{"Deception":"3","Personal_Data":"4","Cyber_Bullying":"-5","Pleasure":"-3","Addiction":"-2","Money":"0","Interaction":"0"},"imguri":"","layers":"Payment","isDummy":false,"latlng":{"lat":254.23415587782944,"lng":361.48235343320795}},{"id":67,"description":"Paypal","values":{"Deception":"-4","Personal_Data":"-2","Cyber_Bullying":"-5","Pleasure":"-3","Addiction":"2","Money":"-1","Interaction":"0"},"imguri":"","layers":"Payment","isDummy":false,"latlng":{"lat":262.8705603237854,"lng":660.7198486330343}},{"id":68,"description":"Chrome","values":{"Deception":"-1","Personal_Data":"5","Cyber_Bullying":"0","Pleasure":"4","Addiction":"2","Money":"0","Interaction":"0"},"imguri":"","layers":"Search","isDummy":false,"latlng":{"lat":380.4790583871248,"lng":425.77969499673134}},{"id":69,"description":"DuckDuckGo","values":{"Deception":"1","Personal_Data":"-2","Cyber_Bullying":"0","Pleasure":"2","Addiction":"1","Money":"0","Interaction":"0"},"imguri":"","layers":"Search","isDummy":false,"latlng":{"lat":385.60592415963595,"lng":246.45356219405394}},{"id":70,"description":"LinkedIn","values":{"Deception":"2","Personal_Data":"2","Cyber_Bullying":"2","Pleasure":"1","Addiction":"-2","Money":"3","Interaction":"1"},"imguri":"","layers":"Social","isDummy":false,"latlng":{"lat":198.81806953693322,"lng":318.85528960903866}},{"id":71,"description":"Facebook","values":{"Deception":"5","Personal_Data":"5","Cyber_Bullying":"5","Pleasure":"5","Addiction":"5","Money":"0","Interaction":"5"},"imguri":"","layers":"Social","isDummy":false,"latlng":{"lat":337.428140758971,"lng":321.25269780158783}},{"id":72,"description":"Educational Game","values":{"Deception":"-5","Personal_Data":"-5","Cyber_Bullying":"-5","Pleasure":"3","Addiction":"2","Money":"0","Interaction":"1"},"imguri":"","layers":"Games","isDummy":false,"latlng":{"lat":247.75685254336244,"lng":367.2369206485891}},{"id":73,"description":"Multiplayer Game (Destiny)","values":{"Deception":"5","Personal_Data":"2","Cyber_Bullying":"5","Pleasure":"5","Addiction":"5","Money":"-3","Interaction":"5"},"imguri":"","layers":"Games","isDummy":false,"latlng":{"lat":254.7739311557017,"lng":655.92437595355}},{"id":74,"description":"ExitMovies","values":{"Deception":"0","Personal_Data":"0","Cyber_Bullying":"0","Pleasure":"0","Addiction":"0","Money":"0","Interaction":"0"},"imguri":"","layers":"Movies","isDummy":false,"latlng":{"lat":63.34319386270489,"lng":754.2246173759667}},{"id":75,"description":"ExitMusic","values":{"Deception":"0","Personal_Data":"0","Cyber_Bullying":"0","Pleasure":"0","Addiction":"0","Money":"0","Interaction":"0"},"imguri":"","layers":"Music","isDummy":false,"latlng":{"lat":84.57914871140098,"lng":722.5788292343177}},{"id":76,"description":"ExitPayment","values":{"Deception":"0","Personal_Data":"0","Cyber_Bullying":"0","Pleasure":"0","Addiction":"0","Money":"0","Interaction":"0"},"imguri":"","layers":"Payment","isDummy":false,"latlng":{"lat":83.51274892500682,"lng":758.5399521225552}},{"id":77,"description":"ExitSearch","values":{"Deception":"0","Personal_Data":"0","Cyber_Bullying":"0","Pleasure":"0","Addiction":"0","Money":"0","Interaction":"0"},"imguri":"","layers":"Search","isDummy":false,"latlng":{"lat":105.79595446296088,"lng":513.9783846408119}},{"id":78,"description":"ExitSocial","values":{"Deception":"0","Personal_Data":"0","Cyber_Bullying":"0","Pleasure":"0","Addiction":"0","Money":"0","Interaction":"0"},"imguri":"","layers":"Social","isDummy":false,"latlng":{"lat":106.17670621417425,"lng":725.4557190653767}},{"id":79,"description":"ExitGames","values":{"Deception":"0","Personal_Data":"0","Cyber_Bullying":"0","Pleasure":"0","Addiction":"0","Money":"0","Interaction":"0"},"imguri":"","layers":"Games","isDummy":false,"latlng":{"lat":92.30157251615462,"lng":505.3465338177399}},{"id":80,"description":"Instagram","values":{"Deception":"5","Personal_Data":"5","Cyber_Bullying":"5","Pleasure":"5","Addiction":"5","Money":"0","Interaction":"-1"},"imguri":"","layers":"Social","isDummy":false,"latlng":{"lat":351.5088779364827,"lng":503.3729115260671}},{"id":81,"description":"Twitter","values":{"Deception":"4","Personal_Data":"2","Cyber_Bullying":"1","Pleasure":"1","Addiction":"2","Money":"0","Interaction":"3"},"imguri":"","layers":"Social","isDummy":false,"latlng":{"lat":368.52218604988934,"lng":679.8221544976856}},{"id":82,"description":"Skype","values":{"Deception":"2","Personal_Data":"2","Cyber_Bullying":"-3","Pleasure":"1","Addiction":"1","Money":"1","Interaction":"4"},"imguri":"","layers":"Social","isDummy":false,"latlng":{"lat":221.7824035717566,"lng":491.8653522018312}},{"id":83,"description":"GMAIL","values":{"Deception":"-3","Personal_Data":"-5","Cyber_Bullying":"-2","Pleasure":"-2","Addiction":"1","Money":"3","Interaction":"2"},"imguri":"","layers":"Social","isDummy":false,"latlng":{"lat":221.7824035717566,"lng":639.5456968628596}},{"id":84,"description":"Movie Streaming","values":{"Deception":"4","Personal_Data":"3","Cyber_Bullying":"-2","Pleasure":"3","Addiction":"3","Money":"5","Interaction":"0"},"imguri":"","layers":"Movies","isDummy":false,"latlng":{"lat":394.7510360580581,"lng":675.9863013896069}},{"id":85,"description":"Hulu","values":{"Deception":"-2","Personal_Data":"2","Cyber_Bullying":"-3","Pleasure":"3","Addiction":"1","Money":"-1","Interaction":"0"},"imguri":"","layers":"Movies","isDummy":false,"latlng":{"lat":248.0898649877484,"lng":706.2764535249834}},{"id":86,"description":"Disney","values":{"Deception":"-3","Personal_Data":"2","Cyber_Bullying":"-5","Pleasure":"3","Addiction":"3","Money":"-3","Interaction":"0"},"imguri":"","layers":"Movies","isDummy":false,"latlng":{"lat":270.69566439780084,"lng":458.30163750614275}},{"id":87,"description":"HBO","values":{"Deception":"-3","Personal_Data":"2","Cyber_Bullying":"-3","Pleasure":"3","Addiction":"2","Money":"-2","Interaction":"0"},"imguri":"","layers":"Movies","isDummy":false,"latlng":{"lat":204.76909545834985,"lng":265.5500188251901}},{"id":88,"description":"Amazon prime","values":{"Deception":"-2","Personal_Data":"2","Cyber_Bullying":"-3","Pleasure":"3","Addiction":"1","Money":"-1","Interaction":"0"},"imguri":"","layers":"Movies","isDummy":false,"latlng":{"lat":136.25944156850724,"lng":654.4924365659214}},{"id":89,"description":"Apple Music","values":{"Deception":"-2","Personal_Data":"2","Cyber_Bullying":"-3","Pleasure":"3","Addiction":"1","Money":"-1","Interaction":"0"},"imguri":"","layers":"Music","isDummy":false,"latlng":{"lat":393.879407989066,"lng":322.21166107860745}},{"id":90,"description":"SoundCloud","values":{"Deception":"-4","Personal_Data":"-5","Cyber_Bullying":"-5","Pleasure":"3","Addiction":"-3","Money":"5","Interaction":"2"},"imguri":"","layers":"Music","isDummy":false,"latlng":{"lat":414.4289738812825,"lng":622.8466484242724}},{"id":91,"description":"Amazon Music","values":{"Deception":"-3","Personal_Data":"2","Cyber_Bullying":"-3","Pleasure":"3","Addiction":"1","Money":"-2","Interaction":"0"},"imguri":"","layers":"Music","isDummy":false,"latlng":{"lat":297.9989609261436,"lng":668.3974040827065}},{"id":92,"description":"Google Play","values":{"Deception":"-2","Personal_Data":"3","Cyber_Bullying":"-3","Pleasure":"2","Addiction":"1","Money":"-2","Interaction":"0"},"imguri":"","layers":"Music","isDummy":false,"latlng":{"lat":188.28599693315957,"lng":586.8855255360351}},{"id":93,"description":"YouTube Music","values":{"Deception":"-2","Personal_Data":"3","Cyber_Bullying":"-3","Pleasure":"1","Addiction":"1","Money":"3","Interaction":"3"},"imguri":"","layers":"Music","isDummy":false,"latlng":{"lat":176.5862795758862,"lng":340.91144498049096}},{"id":94,"description":"Firefox","values":{"Deception":"-3","Personal_Data":"2","Cyber_Bullying":"-2","Pleasure":"2","Addiction":"1","Money":"0","Interaction":"0"},"imguri":"","layers":"Search","isDummy":false,"latlng":{"lat":388.60570161391354,"lng":584.008635704976}},{"id":95,"description":"Opera","values":{"Deception":"-3","Personal_Data":"2","Cyber_Bullying":"-2","Pleasure":"2","Addiction":"1","Money":"0","Interaction":"0"},"imguri":"","layers":"Search","isDummy":false,"latlng":{"lat":397.45861817816296,"lng":745.1144662442798}},{"id":96,"description":"SamsungBrowser","values":{"Deception":"-3","Personal_Data":"3","Cyber_Bullying":"-2","Pleasure":"2","Addiction":"1","Money":"0","Interaction":"0"},"imguri":"","layers":"Search","isDummy":false,"latlng":{"lat":241.6312630373977,"lng":676.9452646666266}},{"id":97,"description":"IncognitoBrowser","values":{"Deception":"-1","Personal_Data":"-5","Cyber_Bullying":"-1","Pleasure":"3","Addiction":"1","Money":"0","Interaction":"0"},"imguri":"","layers":"Search","isDummy":false,"latlng":{"lat":223.9090670859324,"lng":282.81135781154404}},{"id":98,"description":"Private Browser","values":{"Deception":"1","Personal_Data":"2","Cyber_Bullying":"-1","Pleasure":"3","Addiction":"1","Money":"0","Interaction":"0"},"imguri":"","layers":"Search","isDummy":false,"latlng":{"lat":224.617954923991,"lng":481.31675615461484}}]