<xml xmlns="http://www.w3.org/1999/xhtml"><block type="initialvalues" id="7%pi|u/wU`(M`t7@0~7Z" x="247" y="139"><statement name="Initial Values"><block type="initialValue" id="jd}7|@k^UOk?!q65^3CR"><field name="varName">Deception</field><value name="varVal"><block type="math_number" id="var2"><field name="NUM">0</field></block></value><next><block type="initialValue" id="K/Z#3dQ!H3Amv7xUW7{v"><field name="varName">Personal_Data</field><value name="varVal"><block type="math_number" id="#q-[V[7|g5UeTsW^H[cu"><field name="NUM">0</field></block></value><next><block type="initialValue" id="m~xQpk!r_1Fz{wt-[CuL"><field name="varName">Cyber_Bullying</field><value name="varVal"><block type="math_number" id="M[|2_U=BtW|N0JOXg^#="><field name="NUM">0</field></block></value><next><block type="initialValue" id="eoK276=AD|i1m@[m~4-M"><field name="varName">Pleasure</field><value name="varVal"><block type="math_number" id="EStf+?}*tNyfMahq)F:y"><field name="NUM">0</field></block></value><next><block type="initialValue" id="LaeV/gU*niuvW7(wx*r,"><field name="varName">Addiction</field><value name="varVal"><block type="math_number" id="YdFU6dN!6GUeIwyjdw:r"><field name="NUM">0</field></block></value><next><block type="initialValue" id="#S!eGRr}fPXjjD.)eBt9"><field name="varName">Money</field><value name="varVal"><block type="math_number" id="]fWTmFgp:f_]C0t~,qFg"><field name="NUM">30</field></block></value><next><block type="initialValue" id="GnTn/##?nuj~rL};K(gt"><field name="varName">Interaction</field><value name="varVal"><block type="math_number" id="l*@Sx~2Agi(k#Wo+99?7"><field name="NUM">0</field></block></value></block></next></block></next></block></next></block></next></block></next></block></next></block></statement></block></xml>