<xml xmlns="http://www.w3.org/1999/xhtml"><block type="controls_if" id="oUgd{3K~U[F@#aF]}ygA" x="185" y="12"><value name="IF0"><block type="logic_compare" id="~a@gT-aydG21O-1G.sjK"><field name="OP">GTE</field><value name="A"><block type="singleVar" id="RTuC:_mI#d@k69q|ly)+"><field name="varName">Deception</field></block></value><value name="B"><block type="math_number" id="qIM#58w_X12vI;dXPueD"><field name="NUM">50</field></block></value></block></value><statement name="DO0"><block type="popup" id="[XMzb=tiZEwjnqR(]mUV"><field name="popuptext">Too bad ... You are victim to cyber fraud ...</field><next><block type="sound" id="igncg(Z4DLZaY|bmiSIg"><field name="NAME">lose2</field><next><block type="gameover" id="MLR/6i}9oB6st5-+BGN}"></block></next></block></next></block></statement><next><block type="controls_if" id="s|22Z9F}WCN/yxlXF*c/"><value name="IF0"><block type="logic_compare" id="t]0]K7~RG5P|~P%Iat.%"><field name="OP">GTE</field><value name="A"><block type="singleVar" id="A.j?p=H93g?/uC7cXFA4"><field name="varName">Personal_Data</field></block></value><value name="B"><block type="math_number" id="!Lk+QA7ZA}}`O2H4Opsn"><field name="NUM">50</field></block></value></block></value><statement name="DO0"><block type="popup" id="rvm1v;(7UPHaPmn]_ZF*"><field name="popuptext">I'm sorry ... The leak of your personal data may lead you to unpleasant situations ...</field><next><block type="sound" id="aDLe[FSWw9=s4K!|o5Q?"><field name="NAME">lose</field><next><block type="gameover" id="IAoQII{s547]Ky/@)fmw"></block></next></block></next></block></statement><next><block type="controls_if" id="ZlR?v6F6tI%iV7]Fu)Bi"><value name="IF0"><block type="logic_compare" id="mWKG9gvn[OP3){|I+*FV"><field name="OP">GTE</field><value name="A"><block type="singleVar" id="HR.F;^HAc?Y+KZ=!xR`P"><field name="varName">Cyber_Bullying</field></block></value><value name="B"><block type="math_number" id="_u^1#?P%(}djVA:MLpZ|"><field name="NUM">50</field></block></value></block></value><statement name="DO0"><block type="popup" id="=crD|{gtwEmN;`*1-mu1"><field name="popuptext">You are a victim of cyberbullying ... Ask for help from the Cybercrime Prosecution</field><next><block type="sound" id="Uqs}K4rf7v*ui)U)L@_t"><field name="NAME">lose2</field><next><block type="gameover" id="Qq4|^ZayP[]4Kq(1!.x~"></block></next></block></next></block></statement><next><block type="controls_if" id="3S-1K+jf)tjNgcYM/^(/"><value name="IF0"><block type="logic_compare" id="o*EfR**/d(-[Vg0bvKB*"><field name="OP">GTE</field><value name="A"><block type="singleVar" id="{QX|.ewKYG4VGmFv[}09"><field name="varName">Addiction</field></block></value><value name="B"><block type="math_number" id="ApOo@d1YLMFTa#v4vH59"><field name="NUM">50</field></block></value></block></value><statement name="DO0"><block type="popup" id="CIADq6=-G@B1/Pk_2Q9;"><field name="popuptext">You lost ... The applications you chose led you to addiction. Next time, make sure you are in control!</field><next><block type="sound" id="HD@I@ItXUj}}vLTp?_C3"><field name="NAME">lose2</field><next><block type="gameover" id="q+4]39Zq5RYN]9t8KjF3"></block></next></block></next></block></statement><next><block type="controls_if" id="|RC[9FcMj+D/ndlD+M/p"><value name="IF0"><block type="logic_compare" id="MC#8ui_@@I*R;ybshBu7"><field name="OP">LTE</field><value name="A"><block type="singleVar" id="V.L@gKlO918FNuSRkH=]"><field name="varName">Interaction</field></block></value><value name="B"><block type="math_number" id="9j[nai*iBpznQ;J0`70Y"><field name="NUM">-30</field></block></value></block></value><statement name="DO0"><block type="popup" id="~2lwx90Yu;fv,N|d,%rW"><field name="popuptext">You lost ... Next time chose applications with greater social interaction</field><next><block type="sound" id="9=+ILunEed=Q3?o[JO}["><field name="NAME">lose2</field><next><block type="gameover" id="-/=L+Nq.Ku-/rn6nGEMD"></block></next></block></next></block></statement><next><block type="controls_if" id="U1/PTc!as;sSoVAnbwNa"><value name="IF0"><block type="logic_compare" id="uHYL}ReYA~ZFVQJKxcuE"><field name="OP">LTE</field><value name="A"><block type="singleVar" id=")cB:ep[h|y]x=qCLz*#B"><field name="varName">Pleasure</field></block></value><value name="B"><block type="math_number" id="[F^+Ji]HQB]I5imNVlz("><field name="NUM">-30</field></block></value></block></value><statement name="DO0"><block type="popup" id="2od@*Y`J=rg=FD%{[@7C"><field name="popuptext"> You lost ... Next time choose applications that satisfy you more...</field><next><block type="sound" id="NgXJ9BH+f@H)X{U/aDk["><field name="NAME">lose2</field><next><block type="gameover" id="|B8~9Eu0XkS{DO39U.GX"></block></next></block></next></block></statement></block></next></block></next></block></next></block></next></block></next></block></xml>