<xml xmlns="http://www.w3.org/1999/xhtml"><block type="controls_if" id="rS;yflE|M}MJs[!`5Ix0" x="-203" y="-200"><value name="IF0"><block type="current_point_check" id=")mQVEbtO9-QJ2Y}W})%H"><field name="pointsNames">Music time...</field></block></value><statement name="DO0"><block type="change_layer" id="%h[ytM{;dE+~NLF=a#1M"><field name="layersNames">Music</field></block></statement><next><block type="controls_if" id="8v!,Mm8uM8:ZYo(Abz@s"><value name="IF0"><block type="current_point_check" id=",3!buroJSZNFUYa?0Fu["><field name="pointsNames">Games time...</field></block></value><statement name="DO0"><block type="change_layer" id="yOfU9fdvt}Y)xW[LetDJ"><field name="layersNames">Games</field></block></statement><next><block type="controls_if" id="oUgd{3K~U[F@#aF]}ygA"><value name="IF0"><block type="current_point_check" id="bKa8B.OJq4G#3x)B+yMK"><field name="pointsNames">Shopping time...</field></block></value><statement name="DO0"><block type="change_layer" id="G!(O6(@FL@H+XnfrZp|?"><field name="layersNames">Payment</field></block></statement><next><block type="controls_if" id="X.J(j7NQE*{`KJ|xH=V3"><value name="IF0"><block type="current_point_check" id="A38rEw^ykSWW8nx+p^]D"><field name="pointsNames">Searching time...</field></block></value><statement name="DO0"><block type="change_layer" id="][msi]+Zb3n]y.v;chsz"><field name="layersNames">Search</field></block></statement><next><block type="controls_if" id="Hc0jEXGR8SzYnE2a+Oul"><value name="IF0"><block type="current_point_check" id="^W4Hd2*Ti}PKKcJ^WxnL"><field name="pointsNames">Socializing time...</field></block></value><statement name="DO0"><block type="change_layer" id="Zp_GYE0aTq,e`w*%pH8o"><field name="layersNames">Social</field><next><block type="sound" id="n:{6^TKr1*rt4^Y86gip"><field name="NAME">hello</field></block></next></block></statement><next><block type="controls_if" id="M2eK-uJe#)]EP[UPf,=^"><value name="IF0"><block type="current_point_check" id="=R,;ak`*Mj)IT(:@Uu[C"><field name="pointsNames">Movie time...</field></block></value><statement name="DO0"><block type="change_layer" id="8_?ttIcsM7XYe%@BHx]r"><field name="layersNames">Movies</field></block></statement><next><block type="controls_if" id="gFjR~i|8s-{Ap.U!Sqig"><value name="IF0"><block type="current_point_check" id="*W@t:(*n;,Woltz?m60["><field name="pointsNames">Music time...</field></block></value><statement name="DO0"><block type="change_layer" id=";0g@18K(O;h|G[6{*^8*"><field name="layersNames">Music</field></block></statement><next><block type="controls_if" id="l#UIxm^E=a.1e#G+yQfZ"><value name="IF0"><block type="current_point_check" id="2;}Mfg,?eL4CPx6rC=+y"><field name="pointsNames">Games time...</field></block></value><statement name="DO0"><block type="change_layer" id="qEGqsPLZ5--y2?Rhc!Ci"><field name="layersNames">Games</field></block></statement><next><block type="controls_if" id="^/*q]1WLs{jKDLo:LeuM"><value name="IF0"><block type="current_point_check" id="dY!#/n1~TWSr~nN:K]UL"><field name="pointsNames">Shopping time...</field></block></value><statement name="DO0"><block type="change_layer" id="jKnjj-a?~5lys+NzSU3y"><field name="layersNames">Payment</field></block></statement><next><block type="controls_if" id=".s:D?WGA#Vlh_7=MuA}1"><value name="IF0"><block type="current_point_check" id="OFHILeH4c@1d6])UEFHg"><field name="pointsNames">Searching time...</field></block></value><statement name="DO0"><block type="change_layer" id="s[.Wfe8(}`cY?HjV-#yd"><field name="layersNames">Search</field></block></statement><next><block type="controls_if" id="NE;mB@x1Q,(BZRS_jV*R"><value name="IF0"><block type="current_point_check" id="?w/:%k^q.w1bGH/?T?4c"><field name="pointsNames">Socializing time...</field></block></value><statement name="DO0"><block type="change_layer" id="D`#lj.4WQ:}I?QOX~2Xz"><field name="layersNames">Social</field></block></statement><next><block type="controls_if" id="Yp8w6%=i0NJ^T#x!gC*_"><value name="IF0"><block type="current_point_check" id="iqAHGcyGuyM|ZZlgJPN5"><field name="pointsNames">Movie time...</field></block></value><statement name="DO0"><block type="change_layer" id=":g*eMGTD0{K`T19|b,[8"><field name="layersNames">Movies</field></block></statement><next><block type="controls_if" id="|7efZ)rkvx/T|a^mp?1["><value name="IF0"><block type="current_point_check" id="k%azkp2nrk1|L_o:Ug-g"><field name="pointsNames">ExitMovies</field></block></value><statement name="DO0"><block type="change_layer" id="X~zlW5]t9-4}^u!}f8wt"><field name="layersNames">Main</field></block></statement><next><block type="controls_if" id="4+#|U%;o|f^5)coVvc[6"><value name="IF0"><block type="current_point_check" id="qu!m#of,[C-y,A.2*Dn|"><field name="pointsNames">ExitMusic</field></block></value><statement name="DO0"><block type="change_layer" id="r/l7nQ3pab_SZYPPz#gM"><field name="layersNames">Main</field></block></statement><next><block type="controls_if" id="p;HLFpjpeLA%:S|EfxjC"><value name="IF0"><block type="current_point_check" id="_#PP%amo{lm?%t=}1bF."><field name="pointsNames">ExitPayment</field></block></value><statement name="DO0"><block type="change_layer" id="GCzz:A*7@DB`qFzl%6~w"><field name="layersNames">Main</field></block></statement><next><block type="controls_if" id="]dO56h6foyu=`X?fDD1;"><value name="IF0"><block type="current_point_check" id="*+Y2{oV8A}8_bfhe9%R+"><field name="pointsNames">ExitSearch</field></block></value><statement name="DO0"><block type="change_layer" id=":_+3YH*~Wr/A58fM_bF%"><field name="layersNames">Main</field></block></statement><next><block type="controls_if" id="|#dB.x:D@zScT(h1U(VE"><value name="IF0"><block type="current_point_check" id=",|bqclGD80k+axZJ,@{H"><field name="pointsNames">ExitSocial</field></block></value><statement name="DO0"><block type="change_layer" id="f|4CIf6`y|I01gI5^WXT"><field name="layersNames">Main</field></block></statement><next><block type="controls_if" id="GT~0-Jr([`;*tF0JVox="><value name="IF0"><block type="current_point_check" id="vGJj[RHq_6Ul;a4bw!_]"><field name="pointsNames">ExitGames</field></block></value><statement name="DO0"><block type="change_layer" id="!@}3)zJ]!i@(VXzIzoC="><field name="layersNames">Main</field></block></statement></block></next></block></next></block></next></block></next></block></next></block></next></block></next></block></next></block></next></block></next></block></next></block></next></block></next></block></next></block></next></block></next></block></next></block><block type="controls_if" id="MvWNZ`s]}G^)|D+i2uj3" x="471" y="-227"><value name="IF0"><block type="logic_compare" id="3NecL]2v7U#.S_khZH#["><field name="OP">GTE</field><value name="A"><block type="singleVar" id="/3tY(^oCfx0FOX/WQ+Km"><field name="varName">Deception</field></block></value><value name="B"><block type="math_number" id="Lqj50TU4Np|X;%SaE#e?"><field name="NUM">40</field></block></value></block></value><statement name="DO0"><block type="popup" id="H0I0.g]jPI(:tQ)tQAeI"><field name="popuptext">Watch out! You risk falling victim to fraud!</field></block></statement><next><block type="controls_if" id="#G#cOS,Fh+]:+CUCDGdu"><mutation elseif="1"></mutation><value name="IF0"><block type="logic_compare" id="7%V)eY68H.6[cAU%1^2l"><field name="OP">GTE</field><value name="A"><block type="singleVar" id="Fqm`B0gJeIIy|^w=c_33"><field name="varName">Personal_Data</field></block></value><value name="B"><block type="math_number" id="SRWiLkbbm.kqO,Vc4y:B"><field name="NUM">40</field></block></value></block></value><statement name="DO0"><block type="popup" id="=Z?q~z:kG%`l75+_;9rs"><field name="popuptext">Caution! Your sensitive personal data has been leaked. You will need the help of Cybercrime Prosecution</field></block></statement><value name="IF1"><block type="logic_compare" id="48Vpo^`2/R-}4Jv.CbB?"><field name="OP">GTE</field><value name="A"><block type="singleVar" id="=XeMb6]Z_gVs0Jmd02*E"><field name="varName">Cyber_Bullying</field></block></value><value name="B"><block type="math_number" id="K;~]6kMwz0[F/a_otp,)"><field name="NUM">40</field></block></value></block></value><statement name="DO1"><block type="popup" id="#|q0aLq+PSU}HQg,I]KM"><field name="popuptext">You have been a victim of cyberbullying! It's time to talk ...</field></block></statement><next><block type="controls_if" id="YR7Se-l(f*1kw*XfuQ5:"><value name="IF0"><block type="logic_compare" id="z{ziu70qsN_UeW*P23gh"><field name="OP">LTE</field><value name="A"><block type="singleVar" id="(!cJoYx|_Wju[dkmwEq*"><field name="varName">Pleasure</field></block></value><value name="B"><block type="math_number" id="RZ48%1/a7hdL.l)xVz2E"><field name="NUM">-30</field></block></value></block></value><statement name="DO0"><block type="popup" id="^x=9-4*Ri-?ycdWQ_4vx"><field name="popuptext">Pleasure is running low ... Maybe you need an activity that you enjoy more...</field></block></statement><next><block type="controls_if" id="Q/vLS+VL4JoV@ujlda{U"><value name="IF0"><block type="logic_compare" id="T)7BC#8,-K)p|E%mlv*q"><field name="OP">GTE</field><value name="A"><block type="singleVar" id=".gs:t2erbXDK=~3h+m%z"><field name="varName">Addiction</field></block></value><value name="B"><block type="math_number" id="P3t-hzmd5BGwCmo}MCr_"><field name="NUM">40</field></block></value></block></value><statement name="DO0"><block type="popup" id="m!|HYKN1+%ub3=:OCx|M"><field name="popuptext">The applications you choose pose a risk of addiction. Can you reconsider?</field></block></statement><next><block type="controls_if" id="WKmYe{Weo@kPMHs82TeP"><value name="IF0"><block type="logic_compare" id="FK--|=?wt{XoSMGD5M[M"><field name="OP">EQ</field><value name="A"><block type="singleVar" id="eDDcj[Rx^:#!NU{GSDZe"><field name="varName">Money</field></block></value><value name="B"><block type="math_number" id=",G2m]D}[Ub@Tcxh5_9n9"><field name="NUM">5</field></block></value></block></value><statement name="DO0"><block type="popup" id="]b.l8S;fCJE}ix,m9chc"><field name="popuptext">Your money is running out. Watch your choices!</field></block></statement><next><block type="controls_if" id="lqTd^}Au=LC=7pqdt%mh"><value name="IF0"><block type="logic_operation" id="KW@M_enxS(juQynWCT;."><field name="OP">AND</field><value name="A"><block type="logic_compare" id="=hw;i)H=kK*%Nt*A{1pR"><field name="OP">EQ</field><value name="A"><block type="singleVar" id="S/bsBgh(Cs#nXW)a^N=}"><field name="varName">Money</field></block></value><value name="B"><block type="math_number" id="W^?:3Iv#UJ-zSgTKIDTB"><field name="NUM">4</field></block></value></block></value><value name="B"><block type="logic_compare" id="selections"><field name="OP">EQ</field><value name="A"><block type="times_selected_check" id="selectionsNum"></block></value><value name="B"><block type="math_number" id="Ku0jt[%[qRvR6|-+Y)AH"><field name="NUM">-5</field></block></value></block></value></block></value><statement name="DO0"><block type="popup" id="uoLf5W0oy~JqOw#0I/=J"><field name="popuptext">You can not make this selection. Choose something free or cheaper!</field></block></statement><next><block type="controls_if" id="/,quv;730/m;[=E7Xey="><value name="IF0"><block type="logic_operation" id="0ztupsgi29oXZIAqn%Q5"><field name="OP">AND</field><value name="A"><block type="logic_compare" id=".reo9`vF:2Iq?+%`hsg,"><field name="OP">EQ</field><value name="A"><block type="singleVar" id="yfd(t[43:MM7}Yc8iTkl"><field name="varName">Money</field></block></value><value name="B"><block type="math_number" id="PG~Wc/2gyow/qMx7,|^W"><field name="NUM">3</field></block></value></block></value><value name="B"><block type="logic_compare" id="N{pMfQC4J+V+b7NBFgGp"><field name="OP">EQ</field><value name="A"><block type="times_selected_check" id="+YAmfoL-DCX=amp*?,:)"></block></value><value name="B"><block type="math_number" id="JHw|nGreEli7m}e@xJDP"><field name="NUM">-4</field></block></value></block></value></block></value><statement name="DO0"><block type="popup" id="52od3)x)~:G(8SyUFGHH"><field name="popuptext">You can not make this selection. Choose something free or cheaper!</field></block></statement><next><block type="controls_if" id="w9T8/pxG@Dl#32J90(*I"><value name="IF0"><block type="logic_operation" id="3]U8g{i(E-v9:v8=Bc(q"><field name="OP">AND</field><value name="A"><block type="logic_compare" id="g5]x3ktAz,Kd0U}CV#QB"><field name="OP">EQ</field><value name="A"><block type="singleVar" id="hd3}]5t1W.,Dpdt4*FT+"><field name="varName">Money</field></block></value><value name="B"><block type="math_number" id="]!p-Gw}I-Jo=%IBTL6,o"><field name="NUM">2</field></block></value></block></value><value name="B"><block type="logic_compare" id="ov)xI1l8)JZ2kwwd:e_/"><field name="OP">EQ</field><value name="A"><block type="times_selected_check" id="{qPc,;tUg~_^GPu@=oX4"></block></value><value name="B"><block type="math_number" id="+gMcY{ZH4Pdn%iU-a3[e"><field name="NUM">-3</field></block></value></block></value></block></value><statement name="DO0"><block type="popup" id="{d_%(*RZpjwG,Y6zWZT0"><field name="popuptext">You can not make this selection. Choose something free or cheaper!</field></block></statement><next><block type="controls_if" id="u9QJJZh`]A6#WGYT,F;]"><value name="IF0"><block type="logic_operation" id="Ba@,Jej9*kUjo}Q?m!C:"><field name="OP">AND</field><value name="A"><block type="logic_compare" id="vbrsY^t%jgI1hL4yRSN1"><field name="OP">EQ</field><value name="A"><block type="singleVar" id="vOAfBQ^~~4_^mq+djy-C"><field name="varName">Money</field></block></value><value name="B"><block type="math_number" id="0`nc[bpG4L9x3YgcSt.J"><field name="NUM">1</field></block></value></block></value><value name="B"><block type="logic_compare" id="w=ttAv8p:wbXYWHXOy7Y"><field name="OP">EQ</field><value name="A"><block type="times_selected_check" id="|%Y*Rz2Ezqmi@9^}Nmtq"></block></value><value name="B"><block type="math_number" id="Y8UmPV%@47cfqlLH5WFb"><field name="NUM">-2</field></block></value></block></value></block></value><statement name="DO0"><block type="popup" id="+.dOVlDW9D57oPj_(@|!"><field name="popuptext">You can not make this selection. Choose something free or cheaper!</field></block></statement><next><block type="controls_if" id="W5UmUEOs+%qmcMAs3lzG"><value name="IF0"><block type="logic_compare" id="H*(/{|vy{bxLkMI3-ZE]"><field name="OP">LTE</field><value name="A"><block type="singleVar" id="O4BoH;O7@/LgC!*JRKLt"><field name="varName">Money</field></block></value><value name="B"><block type="math_number" id="lJaN.=syx)*WY7-(D9S}"><field name="NUM">0</field></block></value></block></value><statement name="DO0"><block type="popup" id="/n=9(G`(XoY]@M3w,!eK"><field name="popuptext">Your money is gone! You can continue the game by doing activities that are offered to you for free!</field><next><block type="hide_point" id="?O8.n_mHY7-;k8=tq/VW"><field name="pointsNames">Shopping time...</field><next><block type="hide_point" id="@FE=;(G#O#nP{3/_q6/F"><field name="pointsNames">Neflix</field><next><block type="hide_point" id="lI]+)by!^4u[Ur-~R[2["><field name="pointsNames">Spotify</field><next><block type="hide_point" id="xk3e#M(W}%QsYCZ+q+Q="><field name="pointsNames">Paypal</field><next><block type="hide_point" id="ja~Mu6PQ1`mHysev,uQx"><field name="pointsNames">LinkedIn</field><next><block type="hide_point" id="9ouMX][l0yvj8fNHLVQ+"><field name="pointsNames">Destiny</field><next><block type="hide_point" id="upag@A++7vvGw?8ErZfi"><field name="pointsNames">Hulu</field><next><block type="hide_point" id="=bKiKQ+p;*W[w1P~V.O@"><field name="pointsNames">Disney</field><next><block type="hide_point" id="DuziBJEyK1~kM)?k[V}|"><field name="pointsNames">HBO</field></block></next></block></next></block></next></block></next></block></next></block></next></block></next></block></next></block></next></block></statement><next><block type="controls_if" id="qt85AbT5{|:I3pPdF_,v"><value name="IF0"><block type="logic_compare" id="veet5*Si.q{}dTuKjv6s"><field name="OP">LTE</field><value name="A"><block type="singleVar" id="acK5?Z3)|E.}djCpoMzZ"><field name="varName">Interaction</field></block></value><value name="B"><block type="math_number" id="~U-|`Hzv3/DA}v7)i8R]"><field name="NUM">-20</field></block></value></block></value><statement name="DO0"><block type="popup" id="Wn.=cX2A9.uq@VOncN?P"><field name="popuptext">You choose solitary activities. Can you find something with more interaction?</field></block></statement><next><block type="controls_if" id="ff7s#DVq8_H=1j#ub@Op"><value name="IF0"><block type="current_point_check" id="`E~E%,cwZ|--~cfLdOmc"><field name="pointsNames">Destiny</field></block></value><statement name="DO0"><block type="popup" id="4*BpJkE;#SYv6P3q|I~W"><field name="popuptext">Watch out! Cyberbullying incidents have been reported on this platform ...</field></block></statement><next><block type="controls_if" id="qvqj+:*#/C!..!3wl(@l"><mutation elseif="1"></mutation><value name="IF0"><block type="current_point_check" id="Cj@bY:S!=MZY:W^CXnZU"><field name="pointsNames">PirateMovies</field></block></value><statement name="DO0"><block type="popup" id=".]tm[|Q6M:UiU(E^i)kO"><field name="popuptext">Piracy kills cinema ...</field></block></statement><value name="IF1"><block type="current_point_check" id="~E^G.kE6RmskRS;Bad0q"><field name="pointsNames">Neflix</field></block></value><statement name="DO1"><block type="popup" id="zmk@!T_rk+h6OOB#e%L2"><field name="popuptext">There is a new series! Have fun!</field><next><block type="sound" id="BWDi6xe8!_To%iq/|M[@"><field name="NAME">cheering</field></block></next></block></statement></block></next></block></next></block></next></block></next></block></next></block></next></block></next></block></next></block></next></block></next></block></next></block></next></block></xml>