[{"id":234,"description":"ΠΑΝ. ΠΕΙΡΑΙΑ ","values":{"ΧΡΗΜΑΤΑ":{"type":"plus","num":"-300"},"ΦΟΙΤΗΤΙΚΗ_ΖΩΗ":{"type":"plus","num":"-1"},"ΙΚΑΝΟΠΟΙΗΣΗ":{"type":"plus","num":"2"}},"imguri":"","layers":"Main","isDummy":false,"latlng":{"lat":267,"lng":502.99933252166534}},{"id":237,"description":"ΠΑΝΤΕΙΟ ΠΑΝ.","values":{"ΧΡΗΜΑΤΑ":{"type":"plus","num":"-300"},"ΦΟΙΤΗΤΙΚΗ_ΖΩΗ":{"type":"plus","num":"-1"},"ΙΚΑΝΟΠΟΙΗΣΗ":{"type":"plus","num":"2"}},"imguri":"","layers":"Main","isDummy":false,"latlng":{"lat":309,"lng":506.01368330585956}},{"id":240,"description":"ΕΚΠΑ ","values":{"ΧΡΗΜΑΤΑ":{"type":"plus","num":"-300"},"ΦΟΙΤΗΤΙΚΗ_ΖΩΗ":{"type":"plus","num":"-1"},"ΙΚΑΝΟΠΟΙΗΣΗ":{"type":"plus","num":"2"}},"imguri":"","layers":"Main","isDummy":false,"latlng":{"lat":342,"lng":469.0030036525055}},{"id":243,"description":"ΔΗΜΟΚΡΙΤΕΙΟ ΠΑΝ.","values":{"ΧΡΗΜΑΤΑ":{"type":"plus","num":"-760"},"ΦΟΙΤΗΤΙΚΗ_ΖΩΗ":{"type":"plus","num":"1"},"ΙΚΑΝΟΠΟΙΗΣΗ":{"type":"plus","num":"-2"}},"imguri":"","layers":"Main","isDummy":false,"latlng":{"lat":616,"lng":686.0116808708553}},{"id":246,"description":"ΑΠΘ","values":{"ΧΡΗΜΑΤΑ":{"type":"plus","num":"-700"},"ΦΟΙΤΗΤΙΚΗ_ΖΩΗ":{"type":"plus","num":"1"},"ΙΚΑΝΟΠΟΙΗΣΗ":{"type":"plus","num":"-1"}},"imguri":"","layers":"Main","isDummy":false,"latlng":{"lat":590,"lng":432.0086772183496}},{"id":249,"description":"ΠΑΜΑΚ","values":{"ΧΡΗΜΑΤΑ":{"type":"plus","num":"-700"},"ΦΟΙΤΗΤΙΚΗ_ΖΩΗ":{"type":"plus","num":"1"},"ΙΚΑΝΟΠΟΙΗΣΗ":{"type":"plus","num":"-1"}},"imguri":"","layers":"Main","isDummy":false,"latlng":{"lat":544,"lng":400.98731791164266}},{"id":252,"description":"ΠΑΝ. ΔΥΤΙΚΗΣ ΜΑΚΕΔΟΝΙΑΣ","values":{"ΧΡΗΜΑΤΑ":{"type":"plus","num":"-670"},"ΦΟΙΤΗΤΙΚΗ_ΖΩΗ":{"type":"plus","num":"-1"},"ΙΚΑΝΟΠΟΙΗΣΗ":{"type":"plus","num":"-1"}},"imguri":"","layers":"Main","isDummy":false,"latlng":{"lat":508.99999999999994,"lng":292.00901095751715}},{"id":255,"description":"ΠΑΝ. ΘΕΣΣΑΛΙΑΣ","values":{"ΧΡΗΜΑΤΑ":{"type":"plus","num":"-550"},"ΦΟΙΤΗΤΙΚΗ_ΖΩΗ":{"type":"plus","num":"1"},"ΙΚΑΝΟΠΟΙΗΣΗ":{"type":"plus","num":"1"}},"imguri":"","layers":"Main","isDummy":false,"latlng":{"lat":418.00000000000006,"lng":392.00400487000763}},{"id":258,"description":"ΠΑΝ. ΠΑΤΡΩΝ","values":{"ΧΡΗΜΑΤΑ":{"type":"plus","num":"-650"},"ΦΟΙΤΗΤΙΚΗ_ΖΩΗ":{"type":"plus","num":"2"},"ΙΚΑΝΟΠΟΙΗΣΗ":{"type":"plus","num":"1"}},"imguri":"","layers":"Main","isDummy":false,"latlng":{"lat":295,"lng":310.0086772183498}},{"id":261,"description":"ΠΑΝ. ΑΙΓΑΙΟΥ ","values":{"ΧΡΗΜΑΤΑ":{"type":"plus","num":"-590"},"ΦΟΙΤΗΤΙΚΗ_ΖΩΗ":{"type":"plus","num":"-2"},"ΙΚΑΝΟΠΟΙΗΣΗ":{"type":"plus","num":"-1"}},"imguri":"","layers":"Main","isDummy":false,"latlng":{"lat":361,"lng":718.0026699133384}},{"id":264,"description":"ΠΑΝ. ΚΡΗΤΗΣ","values":{"ΧΡΗΜΑΤΑ":{"type":"plus","num":"-620"},"ΦΟΙΤΗΤΙΚΗ_ΖΩΗ":{"type":"plus","num":"1"},"ΙΚΑΝΟΠΟΙΗΣΗ":{"type":"plus","num":"-2"}},"imguri":"","layers":"Main","isDummy":false,"latlng":{"lat":48,"lng":616.9989987824981}},{"id":267,"description":"ΠΑΝ. ΙΩΑΝΝΙΝΩΝ","values":{"ΧΡΗΜΑΤΑ":{"type":"plus","num":"-700"},"ΦΟΙΤΗΤΙΚΗ_ΖΩΗ":{"type":"plus","num":"1"},"ΙΚΑΝΟΠΟΙΗΣΗ":{"type":"plus","num":"-1"}},"imguri":"","layers":"Main","isDummy":false,"latlng":{"lat":463.00000000000006,"lng":196.0133495666921}},{"id":270,"description":"ΠΑΝ. ΠΕΛΟΠΟΝΝΗΣΟΥ","values":{"ΧΡΗΜΑΤΑ":{"type":"plus","num":"-550"},"ΦΟΙΤΗΤΙΚΗ_ΖΩΗ":{"type":"plus","num":"-1"},"ΙΚΑΝΟΠΟΙΗΣΗ":{"type":"plus","num":"1"}},"imguri":"","layers":"Main","isDummy":false,"latlng":{"lat":227,"lng":378.01902313253606}},{"id":273,"description":"ΔΙ. ΠΑ .Ε ","values":{"ΧΡΗΜΑΤΑ":{"type":"plus","num":"-630"},"ΦΟΙΤΗΤΙΚΗ_ΖΩΗ":{"type":"plus","num":"+1"},"ΙΚΑΝΟΠΟΙΗΣΗ":{"type":"plus","num":"-2"}},"imguri":"","layers":"Main","isDummy":false,"latlng":{"lat":636,"lng":470.0026699133384}},{"id":334,"description":"ΕΠΙΒΡΑΒΕΥΣΗ","values":{"ΧΡΗΜΑΤΑ":{"type":"rand","from":"100","to":"300"},"ΦΟΙΤΗΤΙΚΗ_ΖΩΗ":{"type":"rand","from":"0","to":"+2"},"ΙΚΑΝΟΠΟΙΗΣΗ":{"type":"rand","from":"0","to":"+2"}},"imguri":"","layers":"Main","isDummy":false,"latlng":{"lat":27,"lng":41.99966626083278}}]