<xml xmlns="http://www.w3.org/1999/xhtml"><block type="initialvalues" id="7%pi|u/wU`(M`t7@0~7Z" x="409" y="156"><statement name="Initial Values"><block type="show_all" id="5uR]%j;S|{)D1uZ_QJI4"><next><block type="initialValue" id="id1"><field name="varName">ΧΡΗΜΑΤΑ</field><value name="varVal"><block type="math_number" id="var1"><field name="NUM">5500</field></block></value><next><block type="initialValue" id="id2"><field name="varName">ΦΟΙΤΗΤΙΚΗ_ΖΩΗ</field><value name="varVal"><block type="math_number" id="var2"><field name="NUM">3</field></block></value><next><block type="initialValue" id="K}|3Zm1PW!Gls8@)DwBd"><field name="varName">ΙΚΑΝΟΠΟΙΗΣΗ</field><value name="varVal"><block type="math_number" id="mTKSeJS`_OI^ADar.@}~"><field name="NUM">3</field></block></value><next><block type="hide_point" id="0;d7i.[xno^`A~-4TJ.S"><field name="pointsNames">ΕΠΙΒΡΑΒΕΥΣΗ</field></block></next></block></next></block></next></block></next></block></statement></block></xml>