<xml xmlns="http://www.w3.org/1999/xhtml"><block type="controls_if" id="oUgd{3K~U[F@#aF]}ygA" x="363" y="84"><value name="IF0"><block type="logic_compare" id="~a@gT-aydG21O-1G.sjK"><field name="OP">LTE</field><value name="A"><block type="singleVar" id="RTuC:_mI#d@k69q|ly)+"><field name="varName">ΧΡΗΜΑΤΑ</field></block></value><value name="B"><block type="math_number" id="qIM#58w_X12vI;dXPueD"><field name="NUM">0</field></block></value></block></value><statement name="DO0"><block type="popup" id="[XMzb=tiZEwjnqR(]mUV"><field name="popuptext">Λυπάμαι..Τα χρήματά σου εξαντλήθηκαν. Δοκίμασε με νέες επιλογές!</field><next><block type="sound" id="l%RY,h`],%OA?}foXd/T"><field name="NAME">lose2</field><next><block type="gameover" id="MLR/6i}9oB6st5-+BGN}"></block></next></block></next></block></statement></block><block type="controls_if" id="XFO-Y@hgXe%V{.g{~Thg" x="363" y="241"><value name="IF0"><block type="logic_compare" id="Pozc6:rOZu!hyKh+R(PP"><field name="OP">LTE</field><value name="A"><block type="singleVar" id="xhAE+2ht*L.^ry?)SSAU"><field name="varName">ΦΟΙΤΗΤΙΚΗ_ΖΩΗ</field></block></value><value name="B"><block type="math_number" id="@=:+O#f[wfH|ZHQ6}#%u"><field name="NUM">0</field></block></value></block></value><statement name="DO0"><block type="popup" id="MRZK}+VATRTqwiub/2=}"><field name="popuptext">Λυπάμαι..Οι επιλογές σου δεν θα σε ικανοποιήσουν... </field><next><block type="sound" id="kQCzh@-W[)gLYv^,1DKa"><field name="NAME">lose2</field><next><block type="gameover" id="}z?CVzMD5~`rTpPl8yU9"></block></next></block></next></block></statement></block><block type="controls_if" id="c^k_tAW4z.!Pj+@x^IfU" x="368" y="403"><value name="IF0"><block type="logic_compare" id=".Nn]jnJp,%{sFqkm*^SS"><field name="OP">LTE</field><value name="A"><block type="singleVar" id="oqhk{_~[#m~s48X|hwIe"><field name="varName">ΙΚΑΝΟΠΟΙΗΣΗ</field></block></value><value name="B"><block type="math_number" id="nu/+[6[`|@x~~;vP@ppL"><field name="NUM">0</field></block></value></block></value><statement name="DO0"><block type="sound" id="^GDuV.#Gv:iOUi;d[QVu"><field name="NAME">lose2</field><next><block type="popup" id="rfkPWVQLTU0B)f+93?zf"><field name="popuptext">Λυπάμαι..Βρίσκεσαι πολύ μακριά από το σπίτι και αυτό δεν σε ικανοποιεί ιδιαίτερα... </field><next><block type="gameover" id="GYjWJu;Ox*XweP9aOiUc"></block></next></block></next></block></statement></block></xml>