<xml xmlns="http://www.w3.org/1999/xhtml"><block type="controls_if" id="oUgd{3K~U[F@#aF]}ygA" x="69" y="84"><value name="IF0"><block type="logic_compare" id="~a@gT-aydG21O-1G.sjK"><field name="OP">LT</field><value name="A"><block type="singleVar" id="RTuC:_mI#d@k69q|ly)+"><field name="varName">ΧΡΗΜΑΤΑ</field></block></value><value name="B"><block type="math_number" id="qIM#58w_X12vI;dXPueD"><field name="NUM">2000</field></block></value></block></value><statement name="DO0"><block type="popup" id="[Q+z*@b?dHC7[R=3+,rX"><field name="popuptext">Προσοχή!! Έχεις καταναλώσει σχεδόν το 1/3 των χρημάτων σου!</field><next><block type="sound" id="-[64+i4l5v9`{81}T6UH"><field name="NAME">fail</field></block></next></block></statement></block><block type="controls_if" id="=@(H:xI2{]s/{a(FQi;*" x="74" y="230"><value name="IF0"><block type="logic_compare" id="=F=pZfTL8rZA.%!!Beys"><field name="OP">LTE</field><value name="A"><block type="singleVar" id="^#rCD[fQaX4FhycWVm1`"><field name="varName">ΦΟΙΤΗΤΙΚΗ_ΖΩΗ</field></block></value><value name="B"><block type="math_number" id="B44xfH#xp84.gVx7o4Q,"><field name="NUM">1</field></block></value></block></value><statement name="DO0"><block type="popup" id="]qc-(y)wW5bp}dyr[t{y"><field name="popuptext">Προσοχή!! Με τις επιλογές σου φαίνεται πως δεν θα περνάς και τόσο καλά..Προσπάθησε περισσότερο!!</field><next><block type="sound" id="n(/e6@~10erR;Ihc9QYh"><field name="NAME">fail</field></block></next></block></statement></block><block type="controls_if" id="t[]U%!P(daQv_O/:LuIC" x="845" y="230"><value name="IF0"><block type="logic_compare" id="PswP~0+2lsB7]Y6HJ^Ev"><field name="OP">GT</field><value name="A"><block type="singleVar" id="dgMRgxN_5=|F*^5T/P,}"><field name="varName">ΦΟΙΤΗΤΙΚΗ_ΖΩΗ</field></block></value><value name="B"><block type="math_number" id="lg9~IIWGL(D?R@1uehh3"><field name="NUM">7</field></block></value></block></value><statement name="DO0"><block type="popup" id="BvgOW9/8;=11cE*u8j{["><field name="popuptext">Μπράβο!! Φαίνεται πως θα περάσεις ξέγνοιαστες φοιτητικές στιγμές!!</field><next><block type="sound" id="L-8B~nS^pbnfj0x`D1U^"><field name="NAME">drums</field></block></next></block></statement></block><block type="controls_if" id="-|UcdILX[4hb[C{yi_A*" x="70" y="391"><value name="IF0"><block type="logic_compare" id="(dNsJ^Mw]nC./qgvwDwb"><field name="OP">LTE</field><value name="A"><block type="singleVar" id="oVt{pR})),.N:M_/2|IZ"><field name="varName">ΙΚΑΝΟΠΟΙΗΣΗ</field></block></value><value name="B"><block type="math_number" id="14*3`4c373V#~X+jl:An"><field name="NUM">1</field></block></value></block></value><statement name="DO0"><block type="popup" id="*2+:9O4l4ll(a/wR/@3J"><field name="popuptext">Προσοχή!! Φαίνεται πως βρέθηκες πολύ μακριά από το σπίτι και αυτό δεν σου είναι και τόσο ευχάριστο.. Άλλαξε κατεύθυνση!! </field><next><block type="sound" id="fU`2BKCym,^.fcPQ^ele"><field name="NAME">fail</field></block></next></block></statement></block><block type="controls_if" id="S];rs/VY-HK8STHIFKYN" x="825" y="400"><value name="IF0"><block type="logic_compare" id="3vh[(ZYD!z{y|:4!(DH%"><field name="OP">GT</field><value name="A"><block type="singleVar" id="(c4B*`1KzrBO]Hec#4oD"><field name="varName">ΙΚΑΝΟΠΟΙΗΣΗ</field></block></value><value name="B"><block type="math_number" id="]ZD,|L]V|5%Q;HOZb!W3"><field name="NUM">7</field></block></value></block></value><statement name="DO0"><block type="popup" id="cKiyjCl%tx4_5j(z]GsL"><field name="popuptext">Μπράβο!! Φαίνεται πως βρίσκεσαι κοντά στο σπίτι και αυτό σε κάνει πολύ χαρούμενο!!!!</field><next><block type="sound" id="=_}tS,xY(emc2gn8Yr4c"><field name="NAME">drums</field></block></next></block></statement></block><block type="controls_if" id="d+zGsBgM3HJvz4x}Afj]" x="273" y="604"><value name="IF0"><block type="logic_compare" id="-W+~]y=i9An-Kb`{K;ue"><field name="OP">EQ</field><value name="A"><block type="math_modulo" id="R{so[(bbN#J?U^L)pjip"><value name="DIVIDEND"><shadow type="math_number" id="Ul/@J4_|QC:4ZG0od_RS"><field name="NUM">64</field></shadow><block type="movescounter" id="-rcJuqCS-OsNC8u@dcc^"></block></value><value name="DIVISOR"><shadow type="math_number" id="PP3pz(|#,%ykbLE0:c4m"><field name="NUM">8</field></shadow></value></block></value><value name="B"><block type="math_number" id="2Asq?,RzRWMMc_XvC+:y"><field name="NUM">0</field></block></value></block></value><statement name="DO0"><block type="show_all" id="m8geY3UfR#^#Cp(4TkdZ"><next><block type="show_point" id="c`*iEHk`8|pX`iMERM{l"><field name="pointsNames">ΕΠΙΒΡΑΒΕΥΣΗ</field><next><block type="controls_if" id="?8oUCm_pFIyUdcXc-A[C"><mutation else="1"></mutation><value name="IF0"><block type="current_point_check" id="@OxO}:BJxf6KWX1%PmW|"><field name="pointsNames">ΕΠΙΒΡΑΒΕΥΣΗ</field></block></value><statement name="DO0"><block type="hide_point" id="#=q7?|[w}NEa%v/XzHu%"><field name="pointsNames">ΕΠΙΒΡΑΒΕΥΣΗ</field></block></statement><next><block type="popup" id="|WWo?Ys]=G!pR!lm5.Ng"><field name="popuptext">Μπράβο!! Έχεις κάνει τους ιδανικούς συνδυασμούς για τις σπουδές σου!! Σου αξίζει μία επιβράβευση ώστε να συνεχίσεις!!!</field></block></next></block></next></block></next></block></statement><next><block type="controls_if" id="@lo(Z#x%Vp}Jw(fPKi71"><value name="IF0"><block type="current_point_check" id="x5TU5,6eT7%,0:@cnBZ#"><field name="pointsNames">ΕΠΙΒΡΑΒΕΥΣΗ</field></block></value><statement name="DO0"><block type="hide_point" id="[NSC6)XJ+|1fy2HQX@Iz"><field name="pointsNames">ΕΠΙΒΡΑΒΕΥΣΗ</field></block></statement></block></next></block></xml>