[{"id":42,"description":"Bycicle","values":{"Pleasure":"-1","Safety":"-3","Number_of_delays":{"type":"rand","from":"2","to":"7"},"Air_polution":"-3"},"imguri":"","layers":"Main","isDummy":false,"latlng":{"lat":73.40042811833453,"lng":115.80291288675409}},{"id":46,"description":"Car","values":{"Pleasure":"3","Safety":"-2","Number_of_delays":{"type":"rand","from":"-8","to":"-3"},"Air_polution":"4"},"imguri":"","layers":"Main","isDummy":false,"latlng":{"lat":98.51705599560078,"lng":65.00630408226317}},{"id":52,"description":"Walk","values":{"Pleasure":"2","Safety":"2","Number_of_delays":{"type":"rand","from":"10","to":"15"},"Air_polution":"-4"},"imguri":"","layers":"Main","isDummy":false,"latlng":{"lat":9.182080130199083,"lng":-9.199719568526405}},{"id":56,"description":"Bus","values":{"Pleasure":"-4","Safety":"-1","Number_of_delays":{"type":"rand","from":"1","to":"6"},"Air_polution":"2"},"imguri":"","layers":"Main","isDummy":false,"latlng":{"lat":-5.265265341717026,"lng":189.2086159541525}},{"id":65,"description":"Train","values":{"Pleasure":"-1","Safety":"2","Number_of_delays":{"type":"rand","from":"-5","to":"0"},"Air_polution":"1"},"imguri":"","layers":"Main","isDummy":false,"latlng":{"lat":-106.34988363179878,"lng":126.90921809419575}},{"id":93,"description":"Carpooling","values":{"Pleasure":"3","Safety":"-3","Number_of_delays":{"type":"rand","from":"-5","to":"0"},"Air_polution":"3"},"imguri":"","layers":"Main","isDummy":false,"latlng":{"lat":79.28592555767864,"lng":-125}}]