<xml xmlns="http://www.w3.org/1999/xhtml"><block type="controls_if" id="9dcQpj(gUgvXuJC`qcKV" x="327" y="129"><value name="IF0"><block type="logic_compare" id="rOj.|M1H`f|F6|FC*GOe"><field name="OP">LT</field><value name="A"><block type="singleVar" id="G%!LLf6a3W/!s={8jdDu"><field name="varName">Safety</field></block></value><value name="B"><block type="math_number" id="SIoe:(Hd.HZq_ZBdcZLb"><field name="NUM">5</field></block></value></block></value><statement name="DO0"><block type="popup" id="zcIRmPpu*E)Zzq)OFk]{"><field name="popuptext">You are not feeling safe</field></block></statement><next><block type="controls_if" id="kT)nHM+A@fxC]Z#X*M~J"><value name="IF0"><block type="logic_compare" id="UM814b`)Km`af#|3rtLo"><field name="OP">GT</field><value name="A"><block type="singleVar" id="OKnI1-h(2Oa0I4te_|Z,"><field name="varName">Air_polution</field></block></value><value name="B"><block type="math_number" id="qkz(0XP*fUkxJ7eeTD}E"><field name="NUM">9</field></block></value></block></value><statement name="DO0"><block type="popup" id="zL6.5E}x+-8#zW79}?/B"><field name="popuptext">The air of your city is becoming poluted</field></block></statement><next><block type="controls_if" id="lQ)f:=a/KIOx493{P9.j"><value name="IF0"><block type="logic_compare" id="W!CxRMlr.O=-YTwVU[8v"><field name="OP">GT</field><value name="A"><block type="singleVar" id="~t7kScT2#1JPM[tLI=b{"><field name="varName">Number_of_delays</field></block></value><value name="B"><block type="math_number" id="_o#bG/44ocZFBAV.+sK3"><field name="NUM">30</field></block></value></block></value><statement name="DO0"><block type="popup" id="SD^RMke(+oKAUUj1n+DG"><field name="popuptext">You are late at school</field></block></statement></block></next></block></next></block></xml>