<xml xmlns="http://www.w3.org/1999/xhtml"><block type="controls_if" id="oUgd{3K~U[F@#aF]}ygA" x="65" y="39"><value name="IF0"><block type="logic_compare" id="~a@gT-aydG21O-1G.sjK"><field name="OP">LTE</field><value name="A"><block type="singleVar" id="RTuC:_mI#d@k69q|ly)+"><field name="varName">Safety</field></block></value><value name="B"><block type="math_number" id="qIM#58w_X12vI;dXPueD"><field name="NUM">0</field></block></value></block></value><statement name="DO0"><block type="popup" id="[XMzb=tiZEwjnqR(]mUV"><field name="popuptext">Your safety is very low. Try again! </field><next><block type="gameover" id="MLR/6i}9oB6st5-+BGN}"></block></next></block></statement><next><block type="controls_if" id="Hp=YW9ddo)-w3O{|}xbB"><value name="IF0"><block type="logic_compare" id="Yzri1#eB;ZIve^.g#*GG"><field name="OP">LTE</field><value name="A"><block type="singleVar" id="f+T0sIe2dfnzwZ7OUzCW"><field name="varName">Pleasure</field></block></value><value name="B"><block type="math_number" id="{xNw0Ii(DLWi52ABVV+a"><field name="NUM">0</field></block></value></block></value><statement name="DO0"><block type="popup" id="8Pb5dHCSi[Nl_y`(!=pV"><field name="popuptext">You are not happy anymore! Try again!</field><next><block type="gameover" id="~Pt):SWa^H##rL,bk(D@"></block></next></block></statement><next><block type="controls_if" id="n1uQ0Nb0f;v6x+StpE|+"><value name="IF0"><block type="logic_compare" id="+8R(a%6DN|}Qi[+k5/Z6"><field name="OP">GTE</field><value name="A"><block type="singleVar" id="VpYJ/mjWj?u5igD6JQVS"><field name="varName">Number_of_delays</field></block></value><value name="B"><block type="math_number" id="L;hdDy[?~C2]xFGfXQEL"><field name="NUM">40</field></block></value></block></value><statement name="DO0"><block type="popup" id="q~}E9F?TN?m*#;LI6^1{"><field name="popuptext">You are very often late at school! Try again</field><next><block type="gameover" id="X-0Onru=U%fm5`D(/Wn+"></block></next></block></statement><next><block type="controls_if" id="j!H(r4=K)T7|^;!H7}a."><value name="IF0"><block type="logic_compare" id="np(:S]s5O0aJ.7L9U.e="><field name="OP">GTE</field><value name="A"><block type="singleVar" id="q]DguoY}n.iW*ZWEJYS^"><field name="varName">Air_polution</field></block></value><value name="B"><block type="math_number" id=")Ky5yxm}?jbgsL0~l+l@"><field name="NUM">12</field></block></value></block></value><statement name="DO0"><block type="popup" id="sPtlh/vGhJtvG7bon)2h"><field name="popuptext">Your city is overpolluted. Try again</field><next><block type="gameover" id="v|wTEv[oI}g8^aMBWO(j"></block></next></block></statement></block></next></block></next></block></next></block></xml>