[{"name":"Description","type":"string"},{"name":"Πληροφορίες","type":"text"},{"name":"Πνευματική_καλλιέργεια","type":"number","visibility":"hidden"},{"name":"Σωματική_ευεξία","type":"number","visibility":"hidden"},{"name":"Πολιτική_δράση","type":"number","visibility":"hidden"},{"name":"Πολεμική_ικανότητα","type":"number","visibility":"hidden"},{"name":"Ηθική","type":"number","visibility":"hidden"},{"name":"Επιχειρηματική_σκέψη","type":"number","visibility":"hidden"},{"name":"Κοινωνικό_status","type":"number","visibility":"hidden"},{"name":"Ψυχαγωγία","type":"number","visibility":"hidden"},{"name":"Image","type":"file"}]