[{"name":"Πνευματική_καλλιέργεια","type":"number","value":40},{"name":"Σωματική_ευεξία","type":"number","value":40},{"name":"Πολιτική_δράση","type":"number","value":40},{"name":"Πολεμική_ικανότητα","type":"number","value":40},{"name":"Ηθική","type":"number","value":40},{"name":"Επιχειρηματική_σκέψη","type":"number","value":40},{"name":"Κοινωνικό_status","type":"number","value":40},{"name":"Ψυχαγωγία","type":"number","value":40}]