<xml xmlns="http://www.w3.org/1999/xhtml"><block type="controls_if" id="V6tY8]DY~^Yj[6@3FsMd" x="495" y="-417"><mutation elseif="1"></mutation><value name="IF0"><block type="logic_compare" id="wbW.AaFA~Ig_,ep[Ha,H"><field name="OP">LTE</field><value name="A"><block type="singleVar" id="=h4M{U9Xzf+MnA8v{@w."><field name="varName">Πνευματική_καλλιέργεια</field></block></value><value name="B"><block type="math_number" id="3;{JKeI:X3P@dBI0[CC{"><field name="NUM">20</field></block></value></block></value><statement name="DO0"><block type="popup" id="OiuLIMp[0r3ReZGJEeWR"><field name="popuptext">Πρόσεχε! «Λέων μέν ὅνυξι κρατεῖ, κέρασι δέ βούς, ἄνθρωπος δέ νώ» ἔφη Ἀναξαγόρας. Εἰ βουλευτής γίνεσθαι βούλεσαι, νοῦν ἔχειν ἀναγκαῖον ἐστί.  </field></block></statement><value name="IF1"><block type="logic_compare" id="p:sVkOQ!cl#Ovoz#E=!T"><field name="OP">GTE</field><value name="A"><block type="singleVar" id="t]X{8ta,)#0DOyq.TZ^@"><field name="varName">Πνευματική_καλλιέργεια</field></block></value><value name="B"><block type="math_number" id="|S.:-K(+xA]pXoA%`Btq"><field name="NUM">70</field></block></value></block></value><statement name="DO1"><block type="popup" id="3?C,f^fI7k^V6GVA?|6L"><field name="popuptext">Πρόσεχε! «Νοῦς ἐστί πάντων ἠγεμών τῶν χρησίμων» ἔφη Μένανδρος. Οὐκ ἐστί ἀναγκαῖον πνευματικήν καλλιέργειαν μόνον ἔχειν. Ἐστίαζε καί εἰς άλλας ἱκανότητας. </field></block></statement><next><block type="controls_if" id="|Mjr(1|Qi_mRD+]nJ`R|"><mutation elseif="1"></mutation><value name="IF0"><block type="logic_compare" id="0nuwbEXntAh+Y:wiDUoE"><field name="OP">LTE</field><value name="A"><block type="singleVar" id="`9-`hJiExKzkX,X~(Rs4"><field name="varName">Σωματική_ευεξία</field></block></value><value name="B"><block type="math_number" id="W=_/%j~iv{e;bmY/FOim"><field name="NUM">20</field></block></value></block></value><statement name="DO0"><block type="popup" id="AzXryh,n|_u6Mp)YG:Gw"><field name="popuptext">Πρόσεχε! «Τῶν σωμάτων θηλυνομένων καί αἱ ψυχαί πολύ ἀσθενέστεραι γίγνονται»  ἔφη Σωκράτης. Γυμνάζου πάραυτα!</field></block></statement><value name="IF1"><block type="logic_compare" id="El@reCR@k0OE5QCh+jn_"><field name="OP">GTE</field><value name="A"><block type="singleVar" id="@-ml4XWi#7@Qono:Isk,"><field name="varName">Σωματική_ευεξία</field></block></value><value name="B"><block type="math_number" id="SdIZP~wyaBD+.9}PG.%-"><field name="NUM">70</field></block></value></block></value><statement name="DO1"><block type="popup" id="qRQG7`Co5*r-(kkV_wUP"><field name="popuptext">Πρόσεχε! «Ἀφυΐας σημεῖον τό ἐνδιατρίβειν τις περί τό σῶμα».</field></block></statement><next><block type="controls_if" id="n^8)|76rcOxn)T`fH][p"><mutation elseif="1"></mutation><value name="IF0"><block type="logic_compare" id="S9CH(MY}S;m*#oi=s;yq"><field name="OP">LTE</field><value name="A"><block type="singleVar" id="F5*uqO;U.ZgvxQ]CFVYx"><field name="varName">Πολιτική_δράση</field></block></value><value name="B"><block type="math_number" id="hhjwHc?WmTUtQK/4.6LK"><field name="NUM">20</field></block></value></block></value><statement name="DO0"><block type="popup" id="ESbF_).D,H[YkqIE0~BV"><field name="popuptext">Πρόσεχε! «Οὐ γάρ ὁ δικαστής, οὐδ’ ὁ βουλευτής, οὐδ’ ὁ ἐκκλησιαστής ἄρχων ἐστί, ἀλλά το δικαστήριον, ἡ βουλή καί ὁ δήμος» ἔφη Ἀριστοτέλης. Ἐκεῖ στόχευε ἳνα ἐκλέγῃ.</field></block></statement><value name="IF1"><block type="logic_compare" id="hy@|:FHj?)ECvbqB5%!@"><field name="OP">GTE</field><value name="A"><block type="singleVar" id="WjfovqTuodc}fD7Y!f)b"><field name="varName">Πολιτική_δράση</field></block></value><value name="B"><block type="math_number" id="E1^WWGR,?gbnd?9BKpFe"><field name="NUM">70</field></block></value></block></value><statement name="DO1"><block type="popup" id="BkCJ_ft{^HoQ::;#_oPo"><field name="popuptext">Πρόσεχε! «ἥδιστον τὸ ἄρχειν». Μέμνησο παρά ταῦτα, οὐκ ἐν τῷ μεγάλῳ τὸ εὖ κείμενον εἶναι ἀλλὰ ἐν τῷ εὖ τὸ μέγα».</field></block></statement><next><block type="controls_if" id="iq7%sNqyKl|y,9F~jRN."><mutation elseif="1"></mutation><value name="IF0"><block type="logic_compare" id="*gk@4oa98r/1]A0o*P}("><field name="OP">LTE</field><value name="A"><block type="singleVar" id="(bK^z^t/h1|UvSI]]Uj9"><field name="varName">Πολεμική_ικανότητα</field></block></value><value name="B"><block type="math_number" id="XPbnSoFlN0V(we`+;k.`"><field name="NUM">20</field></block></value></block></value><statement name="DO0"><block type="popup" id="8c#g(H}|{bpvY[8D[%]Y"><field name="popuptext">Πρόσεχε! «Ἄνδρες πόλις καί οὐ τείχη, οὐδέ νῆες ἀνδρῶν κεναί» ἔφη Θουκυδίδης. Διεπέπραξο ὥστε τῆς πρώτης τεταγμένος μάχεσθαι τοῖς πολεμίοις.</field></block></statement><value name="IF1"><block type="logic_compare" id="+G(KQDx9F0%PLW#@%Tkd"><field name="OP">GTE</field><value name="A"><block type="singleVar" id="d9uD?X*J|t12@Pp!7D~L"><field name="varName">Πολεμική_ικανότητα</field></block></value><value name="B"><block type="math_number" id="q!=!viXu(-}@)Wh)^[)7"><field name="NUM">70</field></block></value></block></value><statement name="DO1"><block type="popup" id="uzTOrg*4MGXhKd9Y|^0c"><field name="popuptext">Πρόσεχε! «Εἰρήνη ἀνά γῆν κουροτρόφος» κατά το Θέογνιν. «Πόλεμος βίαιος διδάσκαλος ἐστί» κατά το Θουκυδίδη. </field></block></statement><next><block type="controls_if" id="dLkAT*:ccwcCphY5Nt#x"><mutation elseif="1"></mutation><value name="IF0"><block type="logic_compare" id="[,F}5Dd1h_+WhWr]}EoO"><field name="OP">LTE</field><value name="A"><block type="singleVar" id="fl`FMMUSR4)!,c;eVe~p"><field name="varName">Ηθική</field></block></value><value name="B"><block type="math_number" id="J2CercZN/em38_K{Z_bZ"><field name="NUM">40</field></block></value></block></value><statement name="DO0"><block type="popup" id="s1K%s[lVhkz5=3JWH^FV"><field name="popuptext"> Ἐγκράτει! Ἀρίστιππος ἔφη  «κρατεῖ ἡδονής οὐχ’ ὁ ἀπεχόμενος, ἀλλ’ ὁ χρώμενος μέν, μή προεκφερόμενος δέ». </field></block></statement><value name="IF1"><block type="logic_compare" id=".[0u)/YxJc(r9]]#.Y}q"><field name="OP">EQ</field><value name="A"><block type="singleVar" id="7ak33-I{`b-Y9J,X@Ll["><field name="varName">Ηθική</field></block></value><value name="B"><block type="math_number" id="`Q8DjY2Zm9b3d@O~W--m"><field name="NUM">100</field></block></value></block></value><statement name="DO1"><block type="popup" id="_NO64/2`w?@SZwMnYkmI"><field name="popuptext">«Ἧθος ἀνθρώπῳ δαίμων» ἔφη Ἡράκλειτος. Εὖγε!</field></block></statement><next><block type="controls_if" id="nR[r]COjZ%QSP%BdWmm."><mutation elseif="1"></mutation><value name="IF0"><block type="logic_compare" id="l{I+ySaLVlN:n!!VUqT%"><field name="OP">LTE</field><value name="A"><block type="singleVar" id="3E_;(A2q4PlANpf#{{%o"><field name="varName">Επιχειρηματική_σκέψη</field></block></value><value name="B"><block type="math_number" id="PmeS[fEfK~TebQ+fvuQ6"><field name="NUM">20</field></block></value></block></value><statement name="DO0"><block type="popup" id="I{yXa9pw9.SMaTHvWN?T"><field name="popuptext">Πρόσεχε! «Τά δάνεια δούλους τούς ἐλευθέρους ποιεῖ» ὅπως Μένανδρος εἰπῇ.</field></block></statement><value name="IF1"><block type="logic_compare" id="6:82uVVkML4yC3yV3HbP"><field name="OP">GTE</field><value name="A"><block type="singleVar" id="@f*{QjWh8q@1nKd+_]i0"><field name="varName">Επιχειρηματική_σκέψη</field></block></value><value name="B"><block type="math_number" id="gU4b(vAarQ5q}~*58n2M"><field name="NUM">70</field></block></value></block></value><statement name="DO1"><block type="popup" id="SXfy_O[oai??L5GMcAaB"><field name="popuptext">70  «Αἱ μέν ποδήρεις ἐσθήτες τά σώματα, αἱ δέ ὑπέρμετροι περιουσίαι τάς ψυχάς ἐμποδίζουσιν» ὅπως Σωκράτης εἰπῇ. Μέμνησο τήν ῥήσιν «Μέτρον ἄριστον»!</field></block></statement><next><block type="controls_if" id="1zW^9DN4g:ROXd%+paoJ"><mutation elseif="1"></mutation><value name="IF0"><block type="logic_compare" id="uBXAfMN8w@*/B?/0*.a,"><field name="OP">LTE</field><value name="A"><block type="singleVar" id=";vwX_{QR`11,[m/u)71Z"><field name="varName">Κοινωνικό_status</field></block></value><value name="B"><block type="math_number" id="54_7a`pRPXfS7~W`2tA}"><field name="NUM">20</field></block></value></block></value><statement name="DO0"><block type="popup" id="EJ3om/WSt!/eCGm4+WI~"><field name="popuptext">Φύσιν πονηράν μεταβαλλεῖν οὐ ῥάδιον. Δίαγε βίον ἠθικότερον! </field></block></statement><value name="IF1"><block type="logic_compare" id="1YHb6TT9j%=%%dX5Mu*@"><field name="OP">GTE</field><value name="A"><block type="singleVar" id="Uo3cyaxnL^kH5X/;uYtt"><field name="varName">Κοινωνικό_status</field></block></value><value name="B"><block type="math_number" id="Sj3+9):p2DO@bCVVfsd1"><field name="NUM">70</field></block></value></block></value><statement name="DO1"><block type="popup" id="g*jS=Td4g%DIT4M4;v}e"><field name="popuptext">«Φρονήσεως μέν μηδέποτε ἐπί σεαυτῷ μέγα, ἀλλά μηδέ καταφρονήσεως σεαυτοῦ» ἔφη Ἱσοκράτης.</field></block></statement><next><block type="controls_if" id="h:^@~~2G9z5m)Qj@KRF*"><mutation elseif="1"></mutation><value name="IF0"><block type="logic_compare" id="fhEa=3d9+S~IVq67LePG"><field name="OP">LTE</field><value name="A"><block type="singleVar" id="=-)zPcOVvcc*fFAziw/Q"><field name="varName">Ψυχαγωγία</field></block></value><value name="B"><block type="math_number" id="ePT4^?v[pQUF3ldRWw-,"><field name="NUM">20</field></block></value></block></value><statement name="DO0"><block type="popup" id="Z(9?LG?1jHR`z/OEIq|f"><field name="popuptext">Πρόσεχε! «Βίος ἀνεόρταστος μακρά ὁδός ἀπανδόχευτος».</field></block></statement><value name="IF1"><block type="logic_compare" id="kIhVj`M7Aw?(izL4FV#["><field name="OP">GTE</field><value name="A"><block type="singleVar" id="?fc~F.4aPn:U[aKbnqkM"><field name="varName">Ψυχαγωγία</field></block></value><value name="B"><block type="math_number" id="E3Z]qjG0VeDSR`z]61#z"><field name="NUM">70</field></block></value></block></value><statement name="DO1"><block type="popup" id="tyL,hSQ!t`VXLLST0v2@"><field name="popuptext">Μέμνησο! «Οὐκ ἐστί ὅστις ἡδέως ζητών βιούν εὔκλειαν εἰσεκτήσατο» ἔφη Εὐριπίδης.</field></block></statement></block></next></block></next></block></next></block></next></block></next></block></next></block></next></block></xml>