<xml xmlns="http://www.w3.org/1999/xhtml"><block type="controls_if" id="U]EJr|m,1O;eIet8}/~o" x="22" y="-369"><value name="IF0"><block type="logic_compare" id="VtUMD`C,v7UZJe,nx}DR"><field name="OP">LTE</field><value name="A"><block type="singleVar" id="`Rl%iG/%ix0l~o)[7{wA"><field name="varName">Πνευματική_καλλιέργεια</field></block></value><value name="B"><block type="math_number" id="8L@T.*r00`RZMWk02JOU"><field name="NUM">10</field></block></value></block></value><statement name="DO0"><block type="popup" id="xZfGW6,FLu]HVJLFbpJ1"><field name="popuptext">GAME OVER. Ἡ ἐκλογή σου ἀπερρίφθη. Οὐκ ἔχεις νοῦν ὑγιῆ ἵνα γίνῃ βουλευτής.</field><next><block type="sound" id="TG@Qgbjj{H5D-VKno;Q3"><field name="NAME">lose2</field><next><block type="gameover" id="a:UAm{`dd]*l0(Keg!Ix"></block></next></block></next></block></statement><next><block type="controls_if" id="DsMJ`2=bvNo}yTRM4|t="><value name="IF0"><block type="logic_compare" id="DvON+Rz?*D-Ruar_[TGo"><field name="OP">GTE</field><value name="A"><block type="singleVar" id="9fqC]Y^,q~f,wt()Ui!q"><field name="varName">Πνευματική_καλλιέργεια</field></block></value><value name="B"><block type="math_number" id="^{0y/xgP?,_ZKIRq{^Nz"><field name="NUM">100</field></block></value></block></value><statement name="DO0"><block type="popup" id="7C7ywq;-Pof/VOtwAv)?"><field name="popuptext">GAME OVER. Ἡ ἐκλογή σου ἀπερρίφθη. Οὐκ ἐστί ἀναγκαῖον ἔχειν πνευματικήν καλλιέργειαν μόνον. </field><next><block type="sound" id="tLj-=MV-?bll~e,pj;R5"><field name="NAME">lose2</field><next><block type="gameover" id="s6+Elm2Eerpl3Y)f`az2"></block></next></block></next></block></statement><next><block type="controls_if" id="M5jOhaS?hS/S`TF}DJDD"><value name="IF0"><block type="logic_compare" id="!n{`2dJ]6}yxndcNBfd,"><field name="OP">LTE</field><value name="A"><block type="singleVar" id="@4SW)zn]%i8}(b8PV]km"><field name="varName">Ψυχαγωγία</field></block></value><value name="B"><block type="math_number" id="sv)S,ww+QkYxe`BA%@wo"><field name="NUM">0</field></block></value></block></value><statement name="DO0"><block type="popup" id="]R9T|pW}2(F@Rr{e?Qb-"><field name="popuptext">GAME OVER. Ἡ ἐκλογή σου ἀπερρίφθη. Οὐκ ἔχεις ψυχήν ὑγιῆ ἵνα γίνῃ βουλευτής.</field><next><block type="sound" id="8`cn1~%RqsAB/BayH9Y{"><field name="NAME">lose2</field><next><block type="gameover" id="eym3mw-qp!H;Km9ZLx9;"></block></next></block></next></block></statement><next><block type="controls_if" id="x0C+VZn6ERGv)vK/`J,k"><value name="IF0"><block type="logic_compare" id="_|eJ@1o:_|[3Xijr@cXT"><field name="OP">GT</field><value name="A"><block type="singleVar" id="a%.AnZFrw9#HW!ii`8la"><field name="varName">Ψυχαγωγία</field></block></value><value name="B"><block type="math_number" id="agn]@Re{5bu0b-8)](w0"><field name="NUM">100</field></block></value></block></value><statement name="DO0"><block type="popup" id="H@y+[f(mE{=Hc`q]DU1C"><field name="popuptext">GAME OVER. Ἡ ἐκλογή σου ἀπερρίφθη. Οὐκ ἐστί ἀναγκαῖον ψυγαγωγεῖσθαι μόνον. Χρή πολίτης ἐνεργός εἶναι.</field><next><block type="sound" id=";Z^i.Jbvd}at(%V2:^9R"><field name="NAME">lose2</field><next><block type="gameover" id="-?dR,x}9sP,P5ryCu+XG"></block></next></block></next></block></statement><next><block type="controls_if" id="P6YcryMaP.hjG3gp3I8}"><value name="IF0"><block type="logic_compare" id="Y|DgCgomDLh8I/;^y5[C"><field name="OP">LTE</field><value name="A"><block type="singleVar" id="M*NS5G|#L;uK]d/`xP?/"><field name="varName">Σωματική_ευεξία</field></block></value><value name="B"><block type="math_number" id="S/Jo/cpak!RD@9Dof+#6"><field name="NUM">10</field></block></value></block></value><statement name="DO0"><block type="popup" id="-]W5;tiUM)7|8v6y4!3-"><field name="popuptext">GAME OVER. Ἡ ἐκλογή σου ἀπερρίφθη. Οὐκ ἔχεις σῶμα ὑγιές ἵνα μὴ ἀναγκάζῃ ἀποδειλιᾶν διὰ τὴν τῶν σωμάτων πονηρίαν.</field><next><block type="sound" id="vQ7ZPlUT:mgWFms.4[G."><field name="NAME">lose2</field><next><block type="gameover" id="O*HaO12z{L3adFNrNJ=L"></block></next></block></next></block></statement><next><block type="controls_if" id="ihns?g]x8ah4n{`zJ/|F"><value name="IF0"><block type="logic_compare" id="0T^JH~h%GzDfjwGy;]`c"><field name="OP">GTE</field><value name="A"><block type="singleVar" id="6;XQ_4.w+|Y*%s+(4Fi~"><field name="varName">Σωματική_ευεξία</field></block></value><value name="B"><block type="math_number" id="c}(|ty-2YQZ=[gb0(/UK"><field name="NUM">100</field></block></value></block></value><statement name="DO0"><block type="popup" id="nzYX[gm[@bh47P^Jd)}s"><field name="popuptext">GAME OVER. Ἡ ἐκλογή σου ἀπερρίφθη.  Σωματική εὐεξία ἄνευ πνευματικῆς καλλιέργειας οὐκ ἐπαρκεῖ.</field><next><block type="sound" id="/(Y[QW82*SQsr[sLTR(y"><field name="NAME">lose2</field><next><block type="gameover" id="w].:431,bJA|nItZheG`"></block></next></block></next></block></statement><next><block type="controls_if" id="t!}k,{F[!hi~;_LWw17;"><value name="IF0"><block type="logic_compare" id="/!N;o;960pW{[kPc)93R"><field name="OP">LTE</field><value name="A"><block type="singleVar" id="y/6[*w.s~sVnhq97H_|O"><field name="varName">Πολεμική_ικανότητα</field></block></value><value name="B"><block type="math_number" id="54~:yH^}cGdzM?l3?*e?"><field name="NUM">5</field></block></value></block></value><statement name="DO0"><block type="popup" id="KeSE*4((9_X_qK[cRbdD"><field name="popuptext">GAME OVER. Ἡ ἐκλογή σου ἀπερρίφθη. Θουκυδίδης σοφῶς ἔφη «Οὐ τοῖς ἄρχειν βουλομένοις μέμφεσαι, ἀλλὰ τοῖς ὑπακούειν ἑτοιμοτέροις οὖσιν». </field><next><block type="sound" id="Fg6cYYGZvb)HO}5ls].)"><field name="NAME">lose2</field><next><block type="gameover" id="e_PhFizQJW,s*g:1p+*+"></block></next></block></next></block></statement><next><block type="controls_if" id="%];3;87_QTn2UUwHJMV6"><value name="IF0"><block type="logic_compare" id="}YSmAXNgO@,sGRAEs@|R"><field name="OP">GT</field><value name="A"><block type="singleVar" id="|=/NmFDX#2S|R`!c)Iw;"><field name="varName">Πολεμική_ικανότητα</field></block></value><value name="B"><block type="math_number" id="87^?%XS4XXLHr-^:R!gI"><field name="NUM">100</field></block></value></block></value><statement name="DO0"><block type="popup" id="cY*C.`gK[|^Kc+9X0lkQ"><field name="popuptext">GAME OVER. Ἡ ἐκλογή σου ἀπερρίφθη.  Πόλεμος αἴτιος πάντων κακῶν ἐστί. </field><next><block type="sound" id="7oc|S,|Y(ek@JNXosFol"><field name="NAME">lose2</field><next><block type="gameover" id="ys9y)M|ySX1w;p`*QTNW"></block></next></block></next></block></statement><next><block type="controls_if" id="pzOum.;J,|AhfJmT[Esw"><value name="IF0"><block type="logic_compare" id="1]9@Xh)AhHR!rDjjp^M+"><field name="OP">LTE</field><value name="A"><block type="singleVar" id="X9k-ht,UckjmPR7OJD*u"><field name="varName">Πολιτική_δράση</field></block></value><value name="B"><block type="math_number" id="{2[Y(n)pmT3A3=r6oLie"><field name="NUM">10</field></block></value></block></value><statement name="DO0"><block type="popup" id="7K)X:N`1i[CD{,Lz7}p-"><field name="popuptext">GAME OVER. Ἡ ἐκλογή σου ἀπερρίφθη. Οὐκ  εἶ πολίτης ἀρκούντως ἐνεργός ἵνα γίνῃ βουλευτής. </field><next><block type="sound" id="ubbCF9GRrvsvhPHj~(:7"><field name="NAME">lose2</field><next><block type="gameover" id="l}A:d.+0,VV=4?lfR2fv"></block></next></block></next></block></statement><next><block type="controls_if" id="gGES5p|m%kDO^u]34JUU"><value name="IF0"><block type="logic_compare" id="?ZJv59ut__O##B*JHkf{"><field name="OP">GTE</field><value name="A"><block type="singleVar" id="Cr:aHWmN*?4)fr+koPF)"><field name="varName">Πολιτική_δράση</field></block></value><value name="B"><block type="math_number" id=";+xAXRqI~!zGpmO-uWL-"><field name="NUM">100</field></block></value></block></value><statement name="DO0"><block type="popup" id="FC|c^gp+OA{FIgRAQu`r"><field name="popuptext">GAME OVER. Ἡ ἐκλογή σου ἀπερρίφθη. Πολίτης δ' ἁπλῶς οὐκ μόνον ὁρίζεται τῷ μετέχειν κρίσεως καὶ ἀρχῆς. </field><next><block type="sound" id="W4RZ=:PL.Mk+J.vH;01O"><field name="NAME">lose2</field><next><block type="gameover" id="e2[[J;^NsxJdDODmCoTK"></block></next></block></next></block></statement><next><block type="controls_if" id="Kp(@s[98VWh`%8cqUqmV"><value name="IF0"><block type="logic_compare" id="Q!Zn?I0+!%ZsKt0A:LNg"><field name="OP">LTE</field><value name="A"><block type="singleVar" id="vo-Y~G+DPX7At.m(cH)0"><field name="varName">Ηθική</field></block></value><value name="B"><block type="math_number" id="K9mo+{gjajK1VxZ8l@X6"><field name="NUM">30</field></block></value></block></value><statement name="DO0"><block type="popup" id="q04OHgo@R7xZ{9!3S7US"><field name="popuptext">GAME OVER. Ἡ ἐκλογή σου ἀπερρίφθη.  Τὸ τῆς πόλεως ὅλης ἦθος ὁμοιοῦται τοῖς ἄρχουσιν. </field><next><block type="sound" id="/_uZ|~#`?L|JY`ub6s,l"><field name="NAME">lose2</field><next><block type="gameover" id="0;GBk{boq.cs#{v%[hz2"></block></next></block></next></block></statement><next><block type="controls_if" id=";[!,sRL-t-pK{J{G*@jJ"><value name="IF0"><block type="logic_compare" id="]W{^LOhEthRs/P5Awxu%"><field name="OP">GT</field><value name="A"><block type="singleVar" id="1P,oiPhQl8Pc-tDX3uas"><field name="varName">Ηθική</field></block></value><value name="B"><block type="math_number" id="zGOC%*klQQM0e`yDE8(i"><field name="NUM">100</field></block></value></block></value><statement name="DO0"><block type="popup" id="%Sf4q)]/4ql[;bPb|;WQ"><field name="popuptext">GAME OVER. Ἡ ἐκλογή σου ἀπερρίφθη. Kρατεῖ ἡδονῆς οὐχ’  ὁ ἀπεχόμενος, ἀλλ’ ὁ χρώμενος μέν, μή προεκφερόμενος δέ. Ὑπερέβαλλες ἑαυτόν περί τῆς ἐγκράτειας. </field><next><block type="sound" id="VbA|4xQDo1a`B6GOipAu"><field name="NAME">lose2</field><next><block type="gameover" id="1r2.7[A[yX72xSi2{FLl"></block></next></block></next></block></statement><next><block type="controls_if" id=";cJRmu}c7flxouj?RlN}"><value name="IF0"><block type="logic_compare" id="aYaSDa^+14JIlQ((Bgl1"><field name="OP">LTE</field><value name="A"><block type="singleVar" id="m;O5%SbCUggw72gMC.y["><field name="varName">Κοινωνικό_status</field></block></value><value name="B"><block type="math_number" id="{^wtoSGItKz~b}6;WXE|"><field name="NUM">10</field></block></value></block></value><statement name="DO0"><block type="popup" id="j;g849@7G?OnYEOYwo6N"><field name="popuptext">GAME OVER. Ἡ ἐκλογή σου ἀπερρίφθη.  Βούλου δ’ ἀρέσκειν πᾶσι, μή σαυτῷ μόνον.</field><next><block type="sound" id="bl5zxbIa;fWbHaBrPBRg"><field name="NAME">lose2</field><next><block type="gameover" id="bS`f}T9+{PW`7mxKxR;)"></block></next></block></next></block></statement><next><block type="controls_if" id="b6#VG._lAAqxgbgxS|gH"><value name="IF0"><block type="logic_compare" id="?s6]1bFQHx|@l,FemH5#"><field name="OP">GTE</field><value name="A"><block type="singleVar" id="i^xOlb3!AwL|(lcozhx%"><field name="varName">Κοινωνικό_status</field></block></value><value name="B"><block type="math_number" id="W|Xf?(#T}69XmlAmu5Xp"><field name="NUM">100</field></block></value></block></value><statement name="DO0"><block type="popup" id="S.Tl~P6Uczxi:T5nf@:7"><field name="popuptext">GAME OVER. Ἡ ἐκλογή σου ἀπερρίφθη.  Οὐκ εἶχε ὑψίστη σημασία μόνον ἡ καταγωγή τῶν πολιτῶν, οὐδ’  φυλή ἐν ᾖ ἐγενήθησαν.</field><next><block type="sound" id="%G5Yzx*9!n54KDQl0zR-"><field name="NAME">lose2</field><next><block type="gameover" id="ybk9dYtx`lE_*5sDR|sd"></block></next></block></next></block></statement><next><block type="controls_if" id="*o~a[b?)bu]|_.NiJNKG"><value name="IF0"><block type="logic_compare" id="Vi;ejF29Y16%9au69RSk"><field name="OP">GTE</field><value name="A"><block type="singleVar" id="T!Y_}~91Y1b!!HqB,:]j"><field name="varName">Επιχειρηματική_σκέψη</field></block></value><value name="B"><block type="math_number" id="V[p80Y?zhWseNxQd4p{Z"><field name="NUM">100</field></block></value></block></value><statement name="DO0"><block type="popup" id="Zv?99/.euY?k,QD12xCS"><field name="popuptext">GAME OVER. Ἡ ἐκλογή σου ἀπερρίφθη. Μέμνησο, ὄνους σύρματ᾽ ἂν ἑλέσθαι ἢ χρυσόν. Χρήματα εισίν ἀναγκαῖα εἰς ἔναν βαθμόν. </field><next><block type="sound" id="XSuN(41bP+~ePe_bWS^s"><field name="NAME">lose2</field><next><block type="gameover" id="/2{Qpk4:2YKIt;Uk-1b3"></block></next></block></next></block></statement><next><block type="controls_if" id="3e9e,=#st0^iXBE#bS`4"><value name="IF0"><block type="logic_compare" id="@R|+Ubv?vCEjU{JE|kr{"><field name="OP">LTE</field><value name="A"><block type="singleVar" id="d!*|~GF//R#iGTQ+!6OD"><field name="varName">Επιχειρηματική_σκέψη</field></block></value><value name="B"><block type="math_number" id="1X=fxVzN?-XK+kypiHs-"><field name="NUM">10</field></block></value></block></value><statement name="DO0"><block type="popup" id="H==[CSe1=5R-!U:56b(6"><field name="popuptext">GAME OVER. Ἡ ἐκλογή σου ἀπερρίφθη.  Ἡ φιλοχρημοσύνη μήτηρ κακότητος ἀπάσης οὐκ ἀρετῆς ἐστί.</field><next><block type="sound" id="zm1edsIC?2e!bJrmw7PR"><field name="NAME">lose2</field><next><block type="gameover" id="yHWl)c,AdI6VQjF@3VC)"></block></next></block></next></block></statement></block></next></block></next></block></next></block></next></block></next></block></next></block></next></block></next></block></next></block></next></block></next></block></next></block></next></block></next></block></next></block></xml>