<xml xmlns="http://www.w3.org/1999/xhtml"><block type="initialvalues" id="R|H/StJco@B:)UwjO#Vl" x="70" y="-251"><statement name="Initial Values"><block type="initialValue" id="id1"><field name="varName">Πνευματική_καλλιέργεια</field><value name="varVal"><block type="math_number" id="var1"><field name="NUM">40</field></block></value><next><block type="initialValue" id="id2"><field name="varName">Σωματική_ευεξία</field><value name="varVal"><block type="math_number" id="var2"><field name="NUM">40</field></block></value><next><block type="initialValue" id="*dq@rPD^*d{hKj/3D5nb"><field name="varName">Πολιτική_δράση</field><value name="varVal"><block type="math_number" id="PS?IC5nMJu}(M3^Skm4]"><field name="NUM">40</field></block></value><next><block type="initialValue" id="]SUNd{D3C0e4r`7w9]8c"><field name="varName">Πολεμική_ικανότητα</field><value name="varVal"><block type="math_number" id="tHR}xtNyj/Oz:AWc9nD,"><field name="NUM">40</field></block></value><next><block type="initialValue" id="#-Bru-6kez%C^}1k6^dP"><field name="varName">Ηθική</field><value name="varVal"><block type="math_number" id="4BO[u3y6YB7~a3z,I?*4"><field name="NUM">40</field></block></value><next><block type="initialValue" id="@G~T(|uZV5U),o`{]tRE"><field name="varName">Επιχειρηματική_σκέψη</field><value name="varVal"><block type="math_number" id="^9.]@`n7D(jOA!a4A^Jk"><field name="NUM">40</field></block></value><next><block type="initialValue" id="!6qs^k-zVJPhkF9Df+Eq"><field name="varName">Κοινωνικό_status</field><value name="varVal"><block type="math_number" id="mSY]3.*-5VngNM,OoDHE"><field name="NUM">40</field></block></value><next><block type="initialValue" id="~XwUpap2#=NSo?pcb[6h"><field name="varName">Ψυχαγωγία</field><value name="varVal"><block type="math_number" id="Rd5z6,KkzXpP0ge`4ybv"><field name="NUM">40</field></block></value></block></next></block></next></block></next></block></next></block></next></block></next></block></next></block></statement></block></xml>