[{"id":32,"description":"HAMBURGER","values":{"Nutritional_Value":"-30","Kilos":"3","Pleasure":{"type":"rand","from":"10","to":"20"},"Health":"-15"},"imguri":"","layers":"Main","latlng":{"lat":103.23541162126733,"lng":-145.50006304082262}},{"id":35,"description":"ICE-CREAM","values":{"Nutritional_Value":"-10","Kilos":"1","Pleasure":{"type":"rand","from":"12","to":"22"},"Health":"-10"},"imguri":"","layers":"Main","latlng":{"lat":91.81791986980092,"lng":-48.29933481913412}},{"id":38,"description":"KEBAB","values":{"Nutritional_Value":"-30","Kilos":"3","Pleasure":{"type":"rand","from":"15","to":"25"},"Health":"-15"},"imguri":"","layers":"Main","latlng":{"lat":118.33924177368468,"lng":43.300863058147286}},{"id":41,"description":"VEGETABLES","values":{"Nutritional_Value":"20","Kilos":"-3","Pleasure":{"type":"rand","from":"-10","to":"0"},"Health":"9"},"imguri":"","layers":"Main","latlng":{"lat":94.71407444232136,"lng":122.10005653636614}},{"id":44,"description":"CHICKEN","values":{"Nutritional_Value":"10","Kilos":"1","Pleasure":{"type":"rand","from":"5","to":"15"},"Health":"5"},"imguri":"","layers":"Main","latlng":{"lat":17.5,"lng":-137}},{"id":47,"description":"SWEETS","values":{"Nutritional_Value":"-10","Kilos":"2","Pleasure":{"type":"rand","from":"10","to":"20"},"Health":"-15"},"imguri":"","layers":"Main","latlng":{"lat":28,"lng":-39.5}},{"id":50,"description":"LEGUMES","values":{"Nutritional_Value":"30","Kilos":"-2","Pleasure":{"type":"rand","from":"-10","to":"-20"},"Health":"10"},"imguri":"","layers":"Main","latlng":{"lat":22.5,"lng":34.5}},{"id":53,"description":"EGGS","values":{"Nutritional_Value":"10","Kilos":"1","Pleasure":{"type":"rand","from":"-5","to":"5"},"Health":"5"},"imguri":"","layers":"Main","latlng":{"lat":29,"lng":134}},{"id":56,"description":"PASTA","values":{"Nutritional_Value":"30","Kilos":"3","Pleasure":{"type":"rand","from":"5","to":"15"},"Health":"2"},"imguri":"","layers":"Main","latlng":{"lat":-56.61236196898329,"lng":-154.10023802919898}},{"id":59,"description":"FRUIT","values":{"Nutritional_Value":"20","Kilos":"-2","Pleasure":{"type":"rand","from":"-5","to":"5"},"Health":"8"},"imguri":"","layers":"Main","latlng":{"lat":-37.5,"lng":-58.5}},{"id":62,"description":"BREAD-CERIALS","values":{"Nutritional_Value":"30","Kilos":"2","Pleasure":{"type":"rand","from":"-10","to":"0"},"Health":"4"},"imguri":"","layers":"Main","latlng":{"lat":-50,"lng":31}},{"id":65,"description":"FISH","values":{"Nutritional_Value":"10","Kilos":"-2","Pleasure":{"type":"rand","from":"-16","to":"6"},"Health":"10"},"imguri":"","layers":"Main","latlng":{"lat":-54.52132954141484,"lng":179.50151297974315}},{"id":68,"description":"DAIRY","values":{"Nutritional_Value":"10","Kilos":"-1","Pleasure":{"type":"rand","from":"-5","to":"5"},"Health":"3"},"imguri":"","layers":"Main","latlng":{"lat":-133.43241479292573,"lng":-135.59993045472083}},{"id":71,"description":"PIZZA","values":{"Nutritional_Value":"-20","Kilos":"3","Pleasure":{"type":"rand","from":"14","to":"24"},"Health":"-20"},"imguri":"","layers":"Main","latlng":{"lat":-138.1337067854604,"lng":-8.899139192209702}},{"id":74,"description":"SOFT-DRINKS","values":{"Nutritional_Value":"-30","Kilos":"3","Pleasure":{"type":"rand","from":"12","to":"22"},"Health":"-25"},"imguri":"","layers":"Main","latlng":{"lat":-134.93881365535015,"lng":121.50113473480735}}]