[{"name":"Policy","type":"string","visibility":"visible"},{"name":"Dimension_1_Home_Conditions","type":"text","visibility":"visible"},{"name":"Dimension_2_Nutrition","type":"text","visibility":"visible"},{"name":"Dimension_3_Unemployment","type":"text","step":".1","visibility":"visible"},{"name":"Dimension_4_Free_Healthcare","type":"text","step":".1","visibility":"visible"},{"name":"Dimension_5_Moral_Education","type":"text","step":".1","visibility":"visible"},{"name":"Dimension_6_Spare_Time","type":"text","step":".1","visibility":"visible"},{"name":"CWT_Child_Well_being_Total","type":"text","step":".1","visibility":"visible"},{"name":"Time","type":"number","step":".1","visibility":"visible"}]