[{"id":34,"description":"Total of Attica: Policy 1","values":{"Dimension_1_Home_Conditions":"0.050","Dimension_2_Nutrition":"0.050","Dimension_3_Unemployment":"0.050","Dimension_4_Free_Healthcare":"0.050","Dimension_5_Moral_Education":"0.050","Dimension_6_Spare_Time":"0.050","CWT_Child_Well_being_Total":"0.050","Time":"1"},"imguri":"","layers":"Main","isDummy":false,"latlng":{"lat":234,"lng":457.3505222409542}},{"id":37,"description":"Total of Attica: Policy 2","values":{"Dimension_1_Home_Conditions":"0.980","Dimension_2_Nutrition":"0.980","Dimension_3_Unemployment":"0.980","Dimension_4_Free_Healthcare":"0.980","Dimension_5_Moral_Education":"0.155","Dimension_6_Spare_Time":"0.755","CWT_Child_Well_being_Total":"0.805","Time":"1"},"imguri":"","layers":"Main","isDummy":false,"latlng":{"lat":182.02951094269466,"lng":433.67427551314336}},{"id":40,"description":"Total of Attica: Policy 3","values":{"Dimension_1_Home_Conditions":"0.930","Dimension_2_Nutrition":"0.980","Dimension_3_Unemployment":"0.980","Dimension_4_Free_Healthcare":"0.930","Dimension_5_Moral_Education":"0.980","Dimension_6_Spare_Time":"0.980","CWT_Child_Well_being_Total":"0.963","Time":"1"},"imguri":"","layers":"Main","isDummy":false,"latlng":{"lat":162.02363314417735,"lng":460.01121289750506}},{"id":43,"description":"Cluster 7: Policy ","values":{"Dimension_1_Home_Conditions":"0.93","Dimension_2_Nutrition":"0.93","Dimension_3_Unemployment":"0.93","Dimension_4_Free_Healthcare":"0.93","Dimension_5_Moral_Education":"0.855","Dimension_6_Spare_Time":"0.255","CWT_Child_Well_being_Total":"0.805","Time":"1"},"imguri":"","layers":"ΠΡΟΣ ΟΡΙΣΤΙΚΟΠΟΙΗΣΗ 6.jpg","isDummy":false,"latlng":{"lat":318.6739082301833,"lng":640.3300371397431}},{"id":44,"description":"Cluster 6: Policy 1","values":{"Dimension_1_Home_Conditions":"0.930","Dimension_2_Nutrition":"0.930","Dimension_3_Unemployment":"0.930","Dimension_4_Free_Healthcare":"0.930","Dimension_5_Moral_Education":"0.480","Dimension_6_Spare_Time":"0.855","CWT_Child_Well_being_Total":"0.843","Time":"1"},"imguri":"","layers":"ΠΡΟΣ ΟΡΙΣΤΙΚΟΠΟΙΗΣΗ 6.jpg","isDummy":false,"latlng":{"lat":353,"lng":736.667837054682}},{"id":45,"description":"Cluster 3: Policy 2","values":{"Dimension_1_Home_Conditions":"0.980","Dimension_2_Nutrition":"0.980","Dimension_3_Unemployment":"0.980","Dimension_4_Free_Healthcare":"0.980","Dimension_5_Moral_Education":"0.155","Dimension_6_Spare_Time":"0.855","CWT_Child_Well_being_Total":"0.822","Time":"1"},"imguri":"","layers":"ΠΡΟΣ ΟΡΙΣΤΙΚΟΠΟΙΗΣΗ 6.jpg","isDummy":false,"latlng":{"lat":52.00984714340723,"lng":122.6727813450674}},{"id":46,"description":"Cluster 6: Policy 2","values":{"Dimension_1_Home_Conditions":"0.930","Dimension_2_Nutrition":"0.930","Dimension_3_Unemployment":"0.930","Dimension_4_Free_Healthcare":"0.930","Dimension_5_Moral_Education":"0.430","Dimension_6_Spare_Time":"0.855","CWT_Child_Well_being_Total":"0.834","Time":"1"},"imguri":"","layers":"ΠΡΟΣ ΟΡΙΣΤΙΚΟΠΟΙΗΣΗ 6.jpg","isDummy":false,"latlng":{"lat":204.31824454261792,"lng":634.3306535168076}},{"id":47,"description":"Cluster 3: Policy 1","values":{"Dimension_1_Home_Conditions":"0.980","Dimension_2_Nutrition":"0.980","Dimension_3_Unemployment":"0.980","Dimension_4_Free_Healthcare":"0.980","Dimension_5_Moral_Education":"0.930","Dimension_6_Spare_Time":"0.755","CWT_Child_Well_being_Total":"0.934","Time":"1"},"imguri":"","layers":"ΠΡΟΣ ΟΡΙΣΤΙΚΟΠΟΙΗΣΗ 6.jpg","isDummy":false,"latlng":{"lat":398.66009174188616,"lng":232.33887807816052}},{"id":48,"description":"Cluster 1:Policy 2","values":{"Dimension_1_Home_Conditions":"0.050","Dimension_2_Nutrition":"0.050","Dimension_3_Unemployment":"0.050","Dimension_4_Free_Healthcare":"0.430","Dimension_5_Moral_Education":"0.555","Dimension_6_Spare_Time":"0.355","CWT_Child_Well_being_Total":"0.248","Time":"1"},"imguri":"","layers":"ΠΡΟΣ ΟΡΙΣΤΙΚΟΠΟΙΗΣΗ 6.jpg","isDummy":false,"latlng":{"lat":266.33990825811384,"lng":86.67342824300033}},{"id":49,"description":"Cluster 5: Policy ","values":{"Dimension_1_Home_Conditions":"0.980","Dimension_2_Nutrition":"0.980","Dimension_3_Unemployment":"0.980","Dimension_4_Free_Healthcare":"0.855","Dimension_5_Moral_Education":"0.155","Dimension_6_Spare_Time":"0.555","CWT_Child_Well_being_Total":"0.751","Time":"1"},"imguri":"","layers":"ΠΡΟΣ ΟΡΙΣΤΙΚΟΠΟΙΗΣΗ 6.jpg","isDummy":false,"latlng":{"lat":141.34187768679527,"lng":343.6792350639629}},{"id":50,"description":"Cluster 2:Policy 1","values":{"Dimension_1_Home_Conditions":"0.980","Dimension_2_Nutrition":"0.930","Dimension_3_Unemployment":"0.755","Dimension_4_Free_Healthcare":"0.930","Dimension_5_Moral_Education":"0.755","Dimension_6_Spare_Time":"0.930","CWT_Child_Well_being_Total":"0.880","Time":"1"},"imguri":"","layers":"ΠΡΟΣ ΟΡΙΣΤΙΚΟΠΟΙΗΣΗ 6.jpg","isDummy":false,"latlng":{"lat":285.99606114263713,"lng":639.332809843251}},{"id":51,"description":"Cluster 1: Policy 1","values":{"Dimension_1_Home_Conditions":"0.980","Dimension_2_Nutrition":"0.980","Dimension_3_Unemployment":"0.980","Dimension_4_Free_Healthcare":"0.980","Dimension_5_Moral_Education":"0.980","Dimension_6_Spare_Time":"0.655","CWT_Child_Well_being_Total":"0.926","Time":"1"},"imguri":"","layers":"ΠΡΟΣ ΟΡΙΣΤΙΚΟΠΟΙΗΣΗ 6.jpg","isDummy":false,"latlng":{"lat":317.23749796667863,"lng":455.69174175733383}},{"id":52,"description":"Cluster 2: Policy 2","values":{"Dimension_1_Home_Conditions":"0.980","Dimension_2_Nutrition":"0.930","Dimension_3_Unemployment":"0.430","Dimension_4_Free_Healthcare":"0.980","Dimension_5_Moral_Education":"0.755","Dimension_6_Spare_Time":"0.855","CWT_Child_Well_being_Total":"0.822","Time":"1"},"imguri":"","layers":"ΠΡΟΣ ΟΡΙΣΤΙΚΟΠΟΙΗΣΗ 6.jpg","isDummy":false,"latlng":{"lat":286.33203054338804,"lng":782.6697167067441}},{"id":53,"description":"Cluster 4: Policy 1","values":{"Dimension_1_Home_Conditions":"0.555","Dimension_2_Nutrition":"0.930","Dimension_3_Unemployment":"0.155","Dimension_4_Free_Healthcare":"0.980","Dimension_5_Moral_Education":"0.980","Dimension_6_Spare_Time":"0.980","CWT_Child_Well_being_Total":"0.763","Time":"1"},"imguri":"","layers":"ΠΡΟΣ ΟΡΙΣΤΙΚΟΠΟΙΗΣΗ 6.jpg","isDummy":false,"latlng":{"lat":403.3418624430318,"lng":524.3500909756655}},{"id":54,"description":"Cluster 4: Policy 2","values":{"Dimension_1_Home_Conditions":"0.980","Dimension_2_Nutrition":"0.930","Dimension_3_Unemployment":"0.555","Dimension_4_Free_Healthcare":"0.980","Dimension_5_Moral_Education":"0.555","Dimension_6_Spare_Time":"0.855","CWT_Child_Well_being_Total":"0.809","Time":"1"},"imguri":"","layers":"ΠΡΟΣ ΟΡΙΣΤΙΚΟΠΟΙΗΣΗ 6.jpg","isDummy":false,"latlng":{"lat":408.0078777147258,"lng":673.0146630198142}},{"id":55,"description":"Cluster 6: Policy 3","values":{"Dimension_1_Home_Conditions":"0.930","Dimension_2_Nutrition":"0.930","Dimension_3_Unemployment":"0.930","Dimension_4_Free_Healthcare":"0.930","Dimension_5_Moral_Education":"0.980","Dimension_6_Spare_Time":"0.855","CWT_Child_Well_being_Total":"0.926","Time":"1"},"imguri":"","layers":"ΠΡΟΣ ΟΡΙΣΤΙΚΟΠΟΙΗΣΗ 6.jpg","isDummy":false,"latlng":{"lat":175.00396934488992,"lng":623.3326247314751}}]