<xml xmlns="http://www.w3.org/1999/xhtml"><block type="controls_if" id="qF5_b)+z%kQ3_)3jSic:" x="525" y="17"><value name="IF0"><block type="current_point_check" id="y/}U9CV8iN.{!8E2zB=b"><field name="pointsNames">Total of Attica: Policy 1</field></block></value><statement name="DO0"><block type="popup" id="[XMzb=tiZEwjnqR(]mUV"><field name="popuptext">As a decision-maker, you have to set a higher goal for total child well-being (CWT) in Attica for the next year. In addition, your goal for total child well-being (CWT) is close to zero (i.e., extreme child poverty). Please, play again and choose a better policy, in order to maximize the CWT!!!</field><next><block type="sound" id="9L`7odpK)!v%-B,3B3XT"><field name="NAME">fail</field><next><block type="gameover" id="MLR/6i}9oB6st5-+BGN}"></block></next></block></next></block></statement><next><block type="controls_if" id="17r?2e3Zn3OVuY[UH2w6"><value name="IF0"><block type="current_point_check" id="X#OK;h1fGxAYW*j2_K7*"><field name="pointsNames">Total of Attica: Policy 2</field></block></value><statement name="DO0"><block type="popup" id="vz*U/_d{e-@AH0V}W|9I"><field name="popuptext">While you set a higher goal for total child well-being (CWT), you didn’t set a higher goal for Dimension 5 (D.5 – moral education) in Attica for the next year. Please play again and choose a better policy, in order to maximize all dimensions and the CWT!!!</field><next><block type="sound" id="8.36T3YvkF^)jZ@DVY2k"><field name="NAME">goodbye</field><next><block type="gameover" id=";T=*x|D}lR=cDdj7Up__"></block></next></block></next></block></statement><next><block type="controls_if" id="tS0sN`h5C(X_frub3u8s"><value name="IF0"><block type="current_point_check" id="3WzRH{NQy9[^-p{11XLH"><field name="pointsNames">Cluster 4: Policy 1</field></block></value><statement name="DO0"><block type="popup" id="%xt]CzFGd!msa%GyJsY1"><field name="popuptext">Despite the fact that you set a higher goal for total child well-being (CWT), you didn’t set higher goals for Dimension 1 (D.1 – home conditions) and Dimension 3 (D.3 – employment status of household) in Cluster 4 for the next year. Please play again and choose a better policy, in order to maximize all dimensions and the CWT, in Cluster 4, or choose another cluster. In addition, please note that Cluster 4 is the most deprived in terms of CWT for the second semester of school year 2020–2021 (fifth round of the research of C.W.-SMILE), so do your best!</field><next><block type="sound" id="7|%h;i`e.e8woz?mhj9H"><field name="NAME">lose2</field><next><block type="gameover" id="p)^HI^UbbyO_Pn95_6?^"></block></next></block></next></block></statement><next><block type="controls_if" id="1c.LI:G3XWA1/Aa0kzM|"><value name="IF0"><block type="current_point_check" id="Y|kIN!!{MZe-ez:=`).`"><field name="pointsNames">Cluster 3: Policy 2</field></block></value><statement name="DO0"><block type="popup" id="=a(0+FoNE7GYdF3CNjxZ"><field name="popuptext">Despite the fact that you set a higher goal for total child well-being (CWT), you didn’t set a higher goal for Dimension 5 (D.5 – moral education) in Cluster 3 for the next year. Please play again and choose a better policy, in order to maximize all dimensions and the CWT, in Cluster 3, or choose another cluster. In addition, please note that Cluster 3 is very deprived in terms of CWT, so do your best!</field><next><block type="sound" id="pa`h0+ViEu^n.a3Cw4lT"><field name="NAME">lose</field><next><block type="gameover" id="_*fZr;|m=%w@5Gpv:q4g"></block></next></block></next></block></statement><next><block type="controls_if" id=":G4ds6+Nm!WFp|YIgcx2"><value name="IF0"><block type="current_point_check" id="O-gGw6utzy:jQH{`5cHE"><field name="pointsNames">Cluster 1:Policy 2</field></block></value><statement name="DO0"><block type="popup" id="R#N/7h+j-.pHIvQkcG:7"><field name="popuptext">As a decisionmaker, you have to set a higher goal for total child well-being (CWT) in Cluster 1 for the next year. In addition, your goal for CWT is close to zero (i.e., extreme child poverty). Please play again and choose a better policy, in order to maximize the CWT, in Cluster 1, or choose another cluster!!!</field><next><block type="sound" id="qF(#_;PJ`JoF[LU.!]Rd"><field name="NAME">space</field><next><block type="gameover" id="y]ud7GHe^6ln@[bt}%Km"></block></next></block></next></block></statement><next><block type="controls_if" id="#`K#do__1ry=o8o{Agoa"><value name="IF0"><block type="current_point_check" id="?Hvr4i5N|q:Owmsgo@8J"><field name="pointsNames">Cluster 5: Policy </field></block></value><statement name="DO0"><block type="popup" id="v+|/H61B=8[I^1712mb8"><field name="popuptext">As a decisionmaker, you have to set a higher goal for total child well-being (CWT) in Cluster 5 for the next year. Please, play again and choose another cluster!!!</field><next><block type="sound" id="G)IZ0}L]i7EF7cg|1Qfz"><field name="NAME">fail</field><next><block type="gameover" id="H6l0GjGzHA!G*%l#}iHF"></block></next></block></next></block></statement><next><block type="controls_if" id="m}-%F5-b2D:sbUvDXgrj"><value name="IF0"><block type="current_point_check" id="g^x~3Zd8I]uSO.s_Y7YC"><field name="pointsNames">Cluster 2: Policy 2</field></block></value><statement name="DO0"><block type="popup" id="^Ik@`,S~7_ysw[52jY6B"><field name="popuptext">Despite the fact that you set a higher goal for total child well-being (CWT), you didn’t set a higher goal for Dimension 3 (D.3 – employment status of household) in Cluster 2 for the next year. Please play again and choose a better policy, in order to maximize all dimensions and the CWT, in Cluster 2, or choose another cluster. </field><next><block type="sound" id=";y#-*2;h0_+}1nb6Te}`"><field name="NAME">fail</field><next><block type="gameover" id="Z=rbk0KwQ_*V4(c~r]!q"></block></next></block></next></block></statement><next><block type="controls_if" id="e{T}BSe~iiUMW3z8`QIh"><value name="IF0"><block type="current_point_check" id="mj2^aDGKzBjQKr=3(=[g"><field name="pointsNames">Cluster 6: Policy 2</field></block></value><statement name="DO0"><block type="popup" id="V;]/9xm{SjRo;_sL9axz"><field name="popuptext">Despite the fact that you set a higher goal for total child well-being (CWT), you didn’t set a higher goal for Dimension 5 (D.5 – moral education) in Cluster 6 for the next year. Please play again and choose a better policy, in order to maximize all dimensions and the CWT, in Cluster 6, or choose another cluster. In addition, please note, that Cluster 6 is the most deprived in terms of Dimension 5 (D.5 – moral education) for the second semester of school year 2020-2021 (fifth round of the research of C.W.-SMILE), so do your best!</field><next><block type="sound" id="*Ez=w0:4M_Q-FUxc||^F"><field name="NAME">goodbye</field><next><block type="gameover" id="nP+T6rs_PXa9|;q}!,[5"></block></next></block></next></block></statement><next><block type="controls_if" id="B9k(cHQ,#ve!=f7^7Jv!"><value name="IF0"><block type="current_point_check" id="ulm2dRo!shhbVCAQiI#o"><field name="pointsNames">Cluster 7: Policy </field></block></value><statement name="DO0"><block type="popup" id="1FKMZWBY}lo9hv8m!6Zi"><field name="popuptext">As a decisionmaker, you have to set a higher goal for total child well-being (CWT) in Cluster 7 for the next year. Please, play again and choose another cluster!!!</field><next><block type="sound" id="yKyQ;qN.a;]^PXk]d~lb"><field name="NAME">lose2</field><next><block type="gameover" id="0JvfYvvWc.i9MQ,04R}F"></block></next></block></next></block></statement><next><block type="controls_if" id="1U5IS6ZV@:+Ko[Pf:zcX"><value name="IF0"><block type="logic_compare" id=")kh9?W*`asq0v68+S/8^"><field name="OP">EQ</field><value name="A"><block type="singleVar" id="Z/BhWN0/=R/de{1fZTd%"><field name="varName">Time</field></block></value><value name="B"><block type="math_number" id="i3}v#f1Q9Z.9@m-62vFd"><field name="NUM">8</field></block></value></block></value><statement name="DO0"><block type="popup" id="j^Uum3Ew*}De;HsVj@6S"><field name="popuptext">As a decisionmaker, you have to act faster in order to face all the problems in time regarding child well-being in Attica! You have spent all the time! Please play again!</field><next><block type="sound" id="|/oO_QevgY+WQ_UsUf29"><field name="NAME">goodbye</field><next><block type="gameover" id="5f5@iX@XDO5t;JoW`~Wq"></block></next></block></next></block></statement></block></next></block></next></block></next></block></next></block></next></block></next></block></next></block></next></block></next></block></xml>