<xml xmlns="http://www.w3.org/1999/xhtml"><block type="controls_if" id="ui57!dU)K!^.:siuDJ12" x="181" y="45"><value name="IF0"><block type="current_point_check" id="`YmE;@g;DOPDWKsXy+51"><field name="pointsNames">Total of Attica: Policy 3</field></block></value><statement name="DO0"><block type="popup" id="C1-ZlCx)(J2UJqmv]RFT"><field name="popuptext">You are a successful policy maker!!! Your goals for all dimensions and the total child well-being ( CWT) in Attica are close to 1 (i.e., perfect child well-being). Now, please set goals for the different municipalities of Attica. In addition, please note that all clusters are socioeconomically homogeneous groups of municipalities. </field><next><block type="change_layer" id="=q,4/w]aA=t%yv]s5VG4"><field name="layersNames">ΠΡΟΣ ΟΡΙΣΤΙΚΟΠΟΙΗΣΗ 6.jpg</field><next><block type="sound" id="8z[C;=L%dL)`DaaQ40Z:"><field name="NAME">door_open</field><next><block type="sound" id="U3d7b]p)8%?rL^AYT_sY"><field name="NAME">shop_bell</field></block></next></block></next></block></next></block></statement><next><block type="controls_if" id="HfL~IB3X-jf2]Rhea_Gz"><value name="IF0"><block type="current_point_check" id="Jpy/}:UVoF3/lyAJ1L_B"><field name="pointsNames">Cluster 4: Policy 2</field></block></value><statement name="DO0"><block type="popup" id="L{Dx6_Jt~h|!1?.`,w8/"><field name="popuptext">Congratulations, excellent policy!!! Please keep up the good work.</field><next><block type="sound" id="N?[#=uvP;T/H2_Go4[-="><field name="NAME">applause</field></block></next></block></statement><next><block type="controls_if" id="F!S[fH1;qivc8%_3Pea2"><value name="IF0"><block type="current_point_check" id=",tQ(?3ZC30Tc4m:bPW3:"><field name="pointsNames">Cluster 3: Policy 1</field></block></value><statement name="DO0"><block type="popup" id="EN`zAruMWX19g6:Nt6`Z"><field name="popuptext">Congratulations, excellent policy!!! Please keep up the good work.</field><next><block type="sound" id="Js~:J35]iPcv(D4-#cT3"><field name="NAME">correct</field></block></next></block></statement><next><block type="controls_if" id="nO:ALKbFwghOY|gguSk^"><value name="IF0"><block type="current_point_check" id="ASk6NqVy/akK*@5sPwNX"><field name="pointsNames">Cluster 1: Policy 1</field></block></value><statement name="DO0"><block type="popup" id="(T~K/ABgrF.pt1ef,.vP"><field name="popuptext">Congratulations, excellent policy!!! Please keep up the good work.</field><next><block type="sound" id="#BBlLu6KPX/zcNn-_9mB"><field name="NAME">drums</field></block></next></block></statement><next><block type="controls_if" id="AWC^0HCVLGX{31G(UMRq"><value name="IF0"><block type="current_point_check" id="N;z6pUiJpYw9mg?ImO8r"><field name="pointsNames">Cluster 2:Policy 1</field></block></value><statement name="DO0"><block type="popup" id="J}{nYo?s{(t66H/fB(LU"><field name="popuptext">You are a successful policy maker!!! Your goals for all dimensions and the total child well-being (CWT) in Cluster 2, are close to 1 (i.e., perfect child well-being). Please keep up the good work.</field><next><block type="sound" id="7o#)1(OEDzl8=_MG@m*}"><field name="NAME">coin</field></block></next></block></statement><next><block type="controls_if" id="hy%o)mu1T%]-%bH{6B1Z"><value name="IF0"><block type="current_point_check" id="-H{kzw%%uty-E/.:Bd(Q"><field name="pointsNames">Cluster 6: Policy 1</field></block></value><statement name="DO0"><block type="popup" id="lRfF%+JCqi+IhZH*_v)w"><field name="popuptext">Despite the fact that you didn’t put emphasis in Dimension 5 (D.5 – moral education) in Cluster 6, which is the most deprived in terms of D.5 (moral education), you maximize all dimensions and the CWT. Now, please choose another policy for Cluster 6, which puts emphasis on D.5 or choose another cluster. </field><next><block type="sound" id="?p?Z[KZ,76BJ86-WOi1|"><field name="NAME">dog</field></block></next></block></statement><next><block type="controls_if" id="}jDe524m[v?FVD5+fGot"><value name="IF0"><block type="current_point_check" id="O~7|+;qs!nMvsz]qk4m%"><field name="pointsNames">Cluster 6: Policy 3</field></block></value><statement name="DO0"><block type="popup" id="RAYUve@60Y~tIr:[Ts3f"><field name="popuptext">You are a successful policy maker!!! Your goals for all dimensions and the total child well-being (CWT) in Cluster 6 are close to 1 (i.e., perfect child well-being). In addition, you put emphasis on Dimension 5 (D.5 – moral education) in Cluster 6, which is the most deprived in terms of D.5 for the second semester of school year 2020–2021 (fifth round of the research of C.W.-SMILE). Please keep up the good work.</field><next><block type="sound" id="cNO@tqGo0/|uT782z?s)"><field name="NAME">cheering</field></block></next></block></statement></block></next></block></next></block></next></block></next></block></next></block></next></block></xml>