[{"id":32,"description":"Park","values":{"Health":"1000","Environmental_Ethos":"500","Mood":"1000","Action":"0","Money":"0"},"imguri":"","layers":"Main","isDummy":false,"latlng":{"lat":-109.86949995404652,"lng":-32.59923700567191}},{"id":35,"description":"Bar-Club","values":{"Health":"-1000","Environmental_Ethos":"0","Mood":"1000","Action":"0","Money":"-40"},"imguri":"","layers":"Main","isDummy":false,"latlng":{"lat":-33.80604085042688,"lng":-4.79971306406992}},{"id":38,"description":"Fast Food","values":{"Health":"-1000","Environmental_Ethos":"-500","Mood":"500","Action":"-500","Money":"-20"},"imguri":"","layers":"Main","isDummy":false,"latlng":{"lat":-31.494968498976476,"lng":62.59967829143028}},{"id":41,"description":"Internet Cafe","values":{"Health":"-500","Environmental_Ethos":"-500","Mood":"500","Action":"0","Money":"-10"},"imguri":"","layers":"Main","isDummy":false,"latlng":{"lat":-45.59700244377649,"lng":48.59967829143034}},{"id":44,"description":"SPA","values":{"Health":"500","Environmental_Ethos":"-500","Mood":"1000","Action":"0","Money":"-300"},"imguri":"","layers":"Main","isDummy":false,"latlng":{"lat":-48.71073081965153,"lng":125.19970430925639}},{"id":47,"description":"Super Market","values":{"Health":"0","Environmental_Ethos":"0","Mood":"0","Action":"0","Money":"-200"},"imguri":"","layers":"Main","isDummy":false,"latlng":{"lat":-76.68389614752607,"lng":-144.50068581941395}},{"id":50,"description":"Farmer","values":{"Health":"-500","Environmental_Ethos":"0","Mood":"-500","Action":"0","Money":"800"},"imguri":"","layers":"Main","isDummy":false,"latlng":{"lat":101.07686881668573,"lng":87.79884575182308}},{"id":53,"description":"Airplane","values":{"Health":"-1000","Environmental_Ethos":"0","Mood":"500","Action":"-500","Money":"-70"},"imguri":"","layers":"Main","isDummy":false,"latlng":{"lat":90.60535016383247,"lng":25.20161079320536}},{"id":56,"description":"Sports center","values":{"Health":"500","Environmental_Ethos":"500","Mood":"500","Action":"0","Money":"-5"},"imguri":"","layers":"Main","isDummy":false,"latlng":{"lat":47.20066781760447,"lng":96.70096512570899}},{"id":59,"description":"Activism","values":{"Health":"-500","Environmental_Ethos":"1000","Mood":"500","Action":"1000","Money":"-50"},"imguri":"","layers":"Main","isDummy":false,"latlng":{"lat":-113.58521653674171,"lng":-181.00107169398473}},{"id":62,"description":"Recycling","values":{"Health":"0","Environmental_Ethos":"500","Mood":"500","Action":"500","Money":"10"},"imguri":"","layers":"Main","isDummy":false,"latlng":{"lat":-96.5,"lng":-90.5}},{"id":65,"description":"Car","values":{"Health":"-1000","Environmental_Ethos":"-500","Mood":"500","Action":"-500","Money":"-70"},"imguri":"","layers":"Main","isDummy":false,"latlng":{"lat":41.5,"lng":-102.5}},{"id":68,"description":"Citizen information office","values":{"Health":"0","Environmental_Ethos":"500","Mood":"1000","Action":"0","Money":"-10"},"imguri":"","layers":"Main","isDummy":false,"latlng":{"lat":-94.49161416496077,"lng":43.09999349554346}},{"id":71,"description":"Educational Institute","values":{"Health":"-500","Environmental_Ethos":"500","Mood":"0","Action":"0","Money":"-50"},"imguri":"","layers":"Main","isDummy":false,"latlng":{"lat":31.78759201334063,"lng":31.900510831037593}},{"id":74,"description":"Free launher","values":{"Health":"-500","Environmental_Ethos":"0","Mood":"-500","Action":"0","Money":"1500"},"imguri":"","layers":"Main","isDummy":false,"latlng":{"lat":34.98993699795294,"lng":-180.4011488688989}},{"id":77,"description":"Mall","values":{"Health":"0","Environmental_Ethos":"-500","Mood":"500","Action":"-500","Money":"-200"},"imguri":"","layers":"Main","isDummy":false,"latlng":{"lat":-4.573491613680119,"lng":110.20105868507164}},{"id":80,"description":"Industry job","values":{"Health":"-1000","Environmental_Ethos":"0","Mood":"-500","Action":"0","Money":"1000"},"imguri":"","layers":"Main","isDummy":false,"latlng":{"lat":1.5953100307753516,"lng":-205.10118745635597}},{"id":83,"description":"Small industry job","values":{"Health":"-1000","Environmental_Ethos":"0","Mood":"-500","Action":"0","Money":"750"},"imguri":"","layers":"Main","isDummy":false,"latlng":{"lat":-13.596971951789925,"lng":-122.7006651808659}},{"id":86,"description":"Public service job","values":{"Health":"-500","Environmental_Ethos":"0","Mood":"-500","Action":"0","Money":"1200"},"imguri":"","layers":"Main","isDummy":false,"latlng":{"lat":-123.88120963111484,"lng":12.500504326581051}},{"id":89,"description":"Restaurant","values":{"Health":"0","Environmental_Ethos":"0","Mood":"1000","Action":"0","Money":"-80"},"imguri":"","layers":"Main","isDummy":false,"latlng":{"lat":-59.88120963111484,"lng":-86.40032170856969}},{"id":92,"description":"Sea-Mountain","values":{"Health":"500","Environmental_Ethos":"1000","Mood":"0","Action":"500","Money":"0"},"imguri":"","layers":"Main","isDummy":false,"latlng":{"lat":88.48993699795294,"lng":-69.70060214004326}},{"id":95,"description":"Shows","values":{"Health":"0","Environmental_Ethos":"500","Mood":"1000","Action":"0","Money":"-20"},"imguri":"","layers":"Main","isDummy":false,"latlng":{"lat":-5.187250481541753,"lng":29.70351727715436}},{"id":98,"description":"Doctor","values":{"Health":"500","Environmental_Ethos":"0","Mood":"-500","Action":"0","Money":"-60"},"imguri":"","layers":"Main","isDummy":false,"latlng":{"lat":-19.083569861720463,"lng":-29.800280431473567}},{"id":101,"description":"Plant growing","values":{"Health":"500","Environmental_Ethos":"500","Mood":"500","Action":"500","Money":"-10"},"imguri":"","layers":"Main","isDummy":false,"latlng":{"lat":10.510063002047048,"lng":65.9983609386116}},{"id":104,"description":"Local Poroducts Shop","values":{"Health":"0","Environmental_Ethos":"500","Mood":"0","Action":"500","Money":"-70"},"imguri":"","layers":"Main","isDummy":false,"latlng":{"lat":-66.19060481555744,"lng":-17.199278282768006}},{"id":107,"description":"Coffee Place","values":{"Health":"0","Environmental_Ethos":"0","Mood":"1000","Action":"0","Money":"-10"},"imguri":"","layers":"Main","isDummy":false,"latlng":{"lat":-47.976519661890194,"lng":-176.00549218120398}},{"id":110,"description":"Bus","values":{"Health":"-500","Environmental_Ethos":"500","Mood":"-500","Action":"0","Money":"-30"},"imguri":"","layers":"Main","isDummy":false,"latlng":{"lat":-88.91307580426383,"lng":142.09999349554346}},{"id":113,"description":"Metro","values":{"Health":"0","Environmental_Ethos":"500","Mood":"0","Action":"0","Money":"-45"},"imguri":"","layers":"Main","isDummy":false,"latlng":{"lat":-23.596987197783193,"lng":130.10030869965664}},{"id":116,"description":"Billiard-Bowlling","values":{"Health":"-500","Environmental_Ethos":"0","Mood":"1000","Action":"0","Money":"-15"},"imguri":"","layers":"Main","isDummy":false,"latlng":{"lat":-66.79763976939438,"lng":80.7006804401359}},{"id":119,"description":"Rest at home's yard","values":{"Health":"500","Environmental_Ethos":"0","Mood":"1000","Action":"0","Money":"0"},"imguri":"","layers":"Main","isDummy":false,"latlng":{"lat":19.931539887343433,"lng":-126.20123254826959}},{"id":122,"description":"Boat","values":{"Health":"-500","Environmental_Ethos":"500","Mood":"0","Action":"0","Money":"-80"},"imguri":"","layers":"Main","isDummy":false,"latlng":{"lat":99.27751376530027,"lng":-136.70067281050092}},{"id":125,"description":"Bicycle","values":{"Health":"500","Environmental_Ethos":"1000","Mood":"500","Action":"500","Money":"0"},"imguri":"","layers":"Main","isDummy":false,"latlng":{"lat":69.18892002555293,"lng":60.90158252502232}},{"id":128,"description":"Participation in environmental organisation","values":{"Health":"0","Environmental_Ethos":"1000","Mood":"500","Action":"1000","Money":"0"},"imguri":"","layers":"Main","isDummy":false,"latlng":{"lat":-133.68723523554843,"lng":-140.6997195685264}},{"id":131,"description":"Be a club member","values":{"Health":"0","Environmental_Ethos":"1000","Mood":"500","Action":"500","Money":"-5"},"imguri":"","layers":"Main","isDummy":false,"latlng":{"lat":-34.596971951789925,"lng":-118.79907502620856}},{"id":134,"description":"Cooperate with local government","values":{"Health":"0","Environmental_Ethos":"500","Mood":"0","Action":"500","Money":"0"},"imguri":"","layers":"Main","isDummy":false,"latlng":{"lat":60.750679093174796,"lng":-54.902465096539174}},{"id":137,"description":"Watch TV","values":{"Health":"0","Environmental_Ethos":"-500","Mood":"500","Action":"0","Money":"0"},"imguri":"","layers":"Main","isDummy":false,"latlng":{"lat":-106.89630413418541,"lng":101.10062390376976}},{"id":140,"description":"Citizens meeting","values":{"Health":"0","Environmental_Ethos":"1000","Mood":"500","Action":"1000","Money":"0"},"imguri":"","layers":"Main","isDummy":false,"latlng":{"lat":40.797639769394394,"lng":-47.00086731224681}},{"id":143,"description":"Tram","values":{"Health":"0","Environmental_Ethos":"1000","Mood":"0","Action":"0","Money":"-25"},"imguri":"","layers":"Main","isDummy":false,"latlng":{"lat":1.3244896875131644,"lng":-37.59923700567191}},{"id":146,"description":"Sleep at home","values":{"Health":"1000","Environmental_Ethos":"0","Mood":"500","Action":"0","Money":"0"},"imguri":"","layers":"Main","isDummy":false,"latlng":{"lat":-129.7909615933496,"lng":75.0013868980979}},{"id":149,"description":"Animal Care","values":{"Health":"500","Environmental_Ethos":"1000","Mood":"0","Action":"500","Money":"-20"},"imguri":"","layers":"Main","isDummy":false,"latlng":{"lat":-86.99832283299216,"lng":-27.300091309005694}}]