<xml xmlns="http://www.w3.org/1999/xhtml"><block type="controls_if" id="oUgd{3K~U[F@#aF]}ygA" x="20" y="-107"><value name="IF0"><block type="logic_compare" id="~a@gT-aydG21O-1G.sjK"><field name="OP">LT</field><value name="A"><block type="singleVar" id="RTuC:_mI#d@k69q|ly)+"><field name="varName">Health</field></block></value><value name="B"><block type="math_number" id="qIM#58w_X12vI;dXPueD"><field name="NUM">-3000</field></block></value></block></value><statement name="DO0"><block type="popup" id="P`p^2fEZ+wCKHX;geg1y"><field name="popuptext">Game over! You are very sick!</field><next><block type="gameover" id=",j4:WEi`vtU^ZRXMQ]eQ"></block></next></block></statement><next><block type="controls_if" id="HFS)ne_7#)3sw)OBwrr{"><value name="IF0"><block type="logic_compare" id="@3s0At?lf-UiZ=iVM.;v"><field name="OP">LT</field><value name="A"><block type="singleVar" id="j*RL|qlN1bjE7+k+Lmf*"><field name="varName">Money</field></block></value><value name="B"><block type="math_number" id="Bo*:Y*/{bd/{^/+8(`3f"><field name="NUM">0</field></block></value></block></value><statement name="DO0"><block type="popup" id=".^z+POk7D=;.dQcf]+Yh"><field name="popuptext">You spent all your money! Game is over!</field><next><block type="gameover" id="*q3M?x*|3pHO;q`/2Mgs"></block></next></block></statement></block></next></block></xml>