<xml xmlns="http://www.w3.org/1999/xhtml"><block type="controls_if" id="VHyJN[PDkelE-W,`56If" x="407" y="1"><mutation elseif="2"></mutation><value name="IF0"><block type="logic_compare" id="v*XjZ3b`H5tz5+.5]4P*"><field name="OP">LT</field><value name="A"><block type="singleVar" id="!mU.j5ql!XA},RtidCHk"><field name="varName">Money</field></block></value><value name="B"><block type="math_number" id="!g43fMEL;d!:CO(:6X]("><field name="NUM">1000</field></block></value></block></value><statement name="DO0"><block type="popup" id=".U[bS1luI4?P|RfSu0O0"><field name="popuptext">Careful! Your wallet will be empty</field></block></statement><value name="IF1"><block type="logic_compare" id=".:.;u8{DQ``vj4HM~BD2"><field name="OP">GT</field><value name="A"><block type="singleVar" id=".X*Z_#h*d5b`V;61{wz*"><field name="varName">Money</field></block></value><value name="B"><block type="math_number" id="M1RMG13[p;/}/hZvGr[q"><field name="NUM">1000</field></block></value></block></value><statement name="DO1"><block type="popup" id=",oOeOZ|3OD%,D:NT)xiL"><field name="popuptext">Money isn't everything</field></block></statement><value name="IF2"><block type="logic_compare" id="~H5fS=`q76*.RlWwz3G-"><field name="OP">EQ</field><value name="A"><block type="singleVar" id="=o{Eiga6m2E)dE]LH!Y!"><field name="varName">Money</field></block></value><value name="B"><block type="math_number" id="jUrjN?aq[IghZnVvc_A0"><field name="NUM">1000</field></block></value></block></value><statement name="DO2"><block type="popup" id="euEM)ySS/[]1qJW)6k|A"><field name="popuptext">Your money are ok</field></block></statement><next><block type="controls_if" id="a%T}vY((:+4s~2lpmd.n"><mutation elseif="2"></mutation><value name="IF0"><block type="logic_compare" id="C_t#94uuF`nJ|/_lhvE%"><field name="OP">LT</field><value name="A"><block type="singleVar" id="G;_n3R2}X`@1Gs|Sa6n~"><field name="varName">Health</field></block></value><value name="B"><block type="math_number" id="v@zCw(AL,S.exxpiCdn~"><field name="NUM">500</field></block></value></block></value><statement name="DO0"><block type="popup" id="0%rTGWoM-G1UC?^b%ioG"><field name="popuptext">Watch your health !!</field></block></statement><value name="IF1"><block type="logic_compare" id="m7(VK0m`5BKSQf2P};jw"><field name="OP">GT</field><value name="A"><block type="singleVar" id="Ze*wM_nXkwC5-gb5k0MZ"><field name="varName">Health</field></block></value><value name="B"><block type="math_number" id="0Z2E[3FqUFGXnIjCnVL@"><field name="NUM">500</field></block></value></block></value><statement name="DO1"><block type="popup" id="^4.kkCt3uy=u0Vo.pDz-"><field name="popuptext">You have a very good health</field></block></statement><value name="IF2"><block type="logic_compare" id="fwC#5=ZO-sQ[EeyLlfBc"><field name="OP">EQ</field><value name="A"><block type="singleVar" id="U3Cwg`#ABGRKN9D6s!Tr"><field name="varName">Health</field></block></value><value name="B"><block type="math_number" id="/6ruvFQRjlLFR:Ha86R5"><field name="NUM">500</field></block></value></block></value><statement name="DO2"><block type="popup" id="DJk;/=X@XI6,`o:-zW]?"><field name="popuptext">You have a good health but you should be careful...</field></block></statement><next><block type="controls_if" id="r*QS)jl*tZZ#,i=_7T*%"><mutation elseif="2"></mutation><value name="IF0"><block type="logic_compare" id="|2VFudK1`/U(y8/xX|R0"><field name="OP">LT</field><value name="A"><block type="singleVar" id=";Qs=7wqyRVc`6dX]VW!Y"><field name="varName">Environmental_Ethos</field></block></value><value name="B"><block type="math_number" id="oqkhEwGIUVbwOC7%0kVO"><field name="NUM">500</field></block></value></block></value><statement name="DO0"><block type="popup" id="93xD0VraEIC,L~O#o%1@"><field name="popuptext">You should think about the others</field></block></statement><value name="IF1"><block type="logic_compare" id="hFQ:/GwgFv#CLkq#i{Qm"><field name="OP">GT</field><value name="A"><block type="singleVar" id="*4Mz`p_X,U[^[yp[=b/P"><field name="varName">Environmental_Ethos</field></block></value><value name="B"><block type="math_number" id="4b-QW3q%t9u2.R]PY_#V"><field name="NUM">3000</field></block></value></block></value><statement name="DO1"><block type="popup" id="nd*Nz`G=rjp*3gF79_CA"><field name="popuptext">Your environmental ethos is excellent!</field></block></statement><value name="IF2"><block type="logic_compare" id="gSUjVf*692r/.03yeob9"><field name="OP">EQ</field><value name="A"><block type="singleVar" id="6J*#6bk1RDAS=px?-kl{"><field name="varName">Environmental_Ethos</field></block></value><value name="B"><block type="math_number" id="B7n_xOjrCuLw)#+P3s#3"><field name="NUM">1000</field></block></value></block></value><statement name="DO2"><block type="popup" id="{O1{(xSOVT{*!1E.KTog"><field name="popuptext">It seems that you care about the others</field></block></statement><next><block type="controls_if" id="UUz+4-2kRGC#!ma@NQQy"><mutation elseif="2"></mutation><value name="IF0"><block type="logic_compare" id="Lh@jt}K*POR4Nn(R*nB["><field name="OP">LT</field><value name="A"><block type="singleVar" id="tZ=vLFD]eOhAAp~Cs+6v"><field name="varName">Action</field></block></value><value name="B"><block type="math_number" id=":tthEWY;0hlsu%W_v-|c"><field name="NUM">500</field></block></value></block></value><statement name="DO0"><block type="popup" id="/GL(#]P2IkqUK}GY~EJ%"><field name="popuptext">Get off your sofa now!</field></block></statement><value name="IF1"><block type="logic_compare" id="EWSF%Xl~`O?,HQMw{[N,"><field name="OP">GT</field><value name="A"><block type="singleVar" id="|[n)FP(E[|unRv~~=nAd"><field name="varName">Action</field></block></value><value name="B"><block type="math_number" id="yd-JW=[1eCJ64w,mN?RO"><field name="NUM">2500</field></block></value></block></value><statement name="DO1"><block type="popup" id="/_~?`U_N`mSa__5^rZJp"><field name="popuptext">Congratulations! You fight for a better world</field></block></statement><value name="IF2"><block type="logic_compare" id=",*(_)BIq;gv2?0-.Xz^I"><field name="OP">EQ</field><value name="A"><block type="singleVar" id=",z[e@hOMn#LkgP{G9;/6"><field name="varName">Action</field></block></value><value name="B"><block type="math_number" id="JBh_h6n!9`[wA-Viqex("><field name="NUM">500</field></block></value></block></value><statement name="DO2"><block type="popup" id="N1R=Tje^f.s0]P*2v)M^"><field name="popuptext">You can do more for the environment</field></block></statement><next><block type="controls_if" id=",:o5D{~suuPw:0g-v9Gq"><mutation elseif="2"></mutation><value name="IF0"><block type="logic_compare" id="nIxNC]ZpXIN%lC5jY7+i"><field name="OP">LT</field><value name="A"><block type="singleVar" id="N!VQPZP%G(tE4V!+JfbW"><field name="varName">Mood</field></block></value><value name="B"><block type="math_number" id="3/9iYr!1(jd0n/3::Wl5"><field name="NUM">1000</field></block></value></block></value><statement name="DO0"><block type="popup" id="vL,n/tio1#2t!WIgYG]{"><field name="popuptext">You should have a better mood</field></block></statement><value name="IF1"><block type="logic_compare" id="Wo)|O(}R;dPh!`?^9]Ef"><field name="OP">GT</field><value name="A"><block type="singleVar" id="kNB]jK{iHU/vk:jglNT("><field name="varName">Mood</field></block></value><value name="B"><block type="math_number" id="hbdvuUC=7.kP8N~a83Wi"><field name="NUM">2500</field></block></value></block></value><statement name="DO1"><block type="popup" id="@)6/9~5P8^-ADazYo3P("><field name="popuptext">You are in an excellent mood!</field></block></statement><value name="IF2"><block type="logic_compare" id="gNUh3B~5ssa:u(v]yV5K"><field name="OP">EQ</field><value name="A"><block type="singleVar" id="oA:J%8m(AW/ilaLR@h)S"><field name="varName">Mood</field></block></value><value name="B"><block type="math_number" id="`zd`?GZr]-!=qpF=l.|A"><field name="NUM">1000</field></block></value></block></value><statement name="DO2"><block type="popup" id="uAxpDySOLMx7KaA3}BW8"><field name="popuptext">You are in a good mood</field></block></statement></block></next></block></next></block></next></block></next></block></xml>