[{"id":252,"description":"Φούρνος","values":{"Ευχαρίστηση":"2","Χρήματα":"-1","Υγεία":"-1","Πείνα":"4"},"imguri":"","layers":"Main","latlng":{"lat":435.82780764403793,"lng":521.8242088527412}},{"id":255,"description":"Fast food","values":{"Ευχαρίστηση":"2","Χρήματα":"-2","Υγεία":"-2","Πείνα":"6"},"imguri":"","layers":"Main","latlng":{"lat":406.0535867099204,"lng":690.5720425555278}},{"id":258,"description":"Σπίτι της Γιαγιάς","values":{"Ευχαρίστηση":"-2","Χρήματα":"15","Υγεία":"1","Πείνα":"7"},"imguri":"","layers":"Main","latlng":{"lat":114.84758517041402,"lng":142.9673109974405}},{"id":261,"description":"Ιταλικό Εστιατόριο","values":{"Ευχαρίστηση":"1","Χρήματα":"-3","Υγεία":"-1","Πείνα":"5"},"imguri":"","layers":"Main","latlng":{"lat":283.2914312462055,"lng":398.8345628293288}},{"id":264,"description":"Καρμπονάρα","values":{"Ευχαρίστηση":"3","Χρήματα":"-10","Υγεία":"1","Πείνα":"-4"},"imguri":"","layers":"italian","isDummy":false,"latlng":{"lat":299.17500503292007,"lng":413.3565991049292}},{"id":265,"description":"Σαλάτα","values":{"Ευχαρίστηση":"-3","Χρήματα":"-6","Υγεία":"3","Πείνα":"-2"},"imguri":"","layers":"Menu","latlng":{"lat":261.8072533120858,"lng":444.30511290882265}},{"id":266,"description":"Πίτσα","values":{"Ευχαρίστηση":"4","Χρήματα":"-12","Υγεία":"-3","Πείνα":"-5"},"imguri":"","layers":"italian","isDummy":false,"latlng":{"lat":308.4057338110306,"lng":625.1029118237384}},{"id":267,"description":"Σόδα","values":{"Ευχαρίστηση":"4","Χρήματα":"-1","Υγεία":"-4","Πείνα":"2"},"imguri":"","layers":"Menu","latlng":{"lat":162.0439650760275,"lng":257.19769486068566}},{"id":268,"description":"Τούρτα","values":{"Ευχαρίστηση":"5","Χρήματα":"-10","Υγεία":"-4","Πείνα":"-3"},"imguri":"","layers":"pastry","isDummy":false,"latlng":{"lat":333.3875912280209,"lng":486.210943482743}},{"id":269,"description":"Μαύρη Σοκολάτα","values":{"Ευχαρίστηση":"2","Χρήματα":"-5","Υγεία":"1","Πείνα":"-1"},"imguri":"","layers":"pastry","isDummy":false,"latlng":{"lat":355.56508859628457,"lng":779.861540466615}},{"id":270,"description":"Μπισκότα","values":{"Ευχαρίστηση":"3","Χρήματα":"-4","Υγεία":"-2","Πείνα":"-2"},"imguri":"","layers":"Bakery","isDummy":false,"latlng":{"lat":170.46210216686458,"lng":284.0616719507858}},{"id":271,"description":"Burger","values":{"Ευχαρίστηση":"6","Χρήματα":"-8","Υγεία":"-4","Πείνα":"-4"},"imguri":"","layers":"Menu","latlng":{"lat":274.2975074131818,"lng":620.450420830344}},{"id":272,"description":"Τηγανητές πατάτες","values":{"Ευχαρίστηση":"4","Χρήματα":"-3","Υγεία":"-5","Πείνα":"-2"},"imguri":"","layers":"Menu","latlng":{"lat":209.93420624624608,"lng":445.9489443712029}},{"id":273,"description":"Τυρόπιτα","values":{"Ευχαρίστηση":"3","Χρήματα":"-2","Υγεία":"-2","Πείνα":"-1"},"imguri":"","layers":"Bakery","isDummy":false,"latlng":{"lat":325.56909975263653,"lng":314.18831456670404}},{"id":274,"description":"Σάντουιτς","values":{"Ευχαρίστηση":"2","Χρήματα":"-6","Υγεία":"-1","Πείνα":"-3"},"imguri":"","layers":"Bakery","isDummy":false,"latlng":{"lat":51.99078067760373,"lng":217.49523030558177}},{"id":275,"description":"Ψητοπωλείο","values":{"Ευχαρίστηση":"1","Χρήματα":"-1","Υγεία":"-1","Πείνα":"7"},"imguri":"","layers":"Main","latlng":{"lat":141.08783783783784,"lng":701.6490740740741}},{"id":278,"description":"Παϊδάκια","values":{"Ευχαρίστηση":"4","Χρήματα":"-2","Υγεία":"-3","Πείνα":"-3"},"imguri":"","layers":"Menu","latlng":{"lat":202.5009196355636,"lng":619.8914252256992}},{"id":279,"description":"Ψητό Κοτόπουλο","values":{"Ευχαρίστηση":"2","Χρήματα":"-7","Υγεία":"1","Πείνα":"-4"},"imguri":"","layers":"Menu","latlng":{"lat":161.1972755670859,"lng":614.6877094131802}},{"id":280,"description":"Μπιφτέκι","values":{"Ευχαρίστηση":"4","Χρήματα":"-8","Υγεία":"1","Πείνα":"-5"},"imguri":"","layers":"Menu","latlng":{"lat":241.61072621762432,"lng":618.5272878935558}},{"id":281,"description":"Φασολάδα","values":{"Ευχαρίστηση":"-10","Χρήματα":"0","Υγεία":"6","Πείνα":"-2"},"imguri":"","layers":"grandmother","latlng":{"lat":301.10899011349665,"lng":788.6288087946948}},{"id":282,"description":"Ψάρι","values":{"Ευχαρίστηση":"-7","Χρήματα":"0","Υγεία":"4","Πείνα":"-2"},"imguri":"","layers":"grandmother","latlng":{"lat":261.51092417810867,"lng":1004.7562127032876}},{"id":283,"description":"Μπρόκολο","values":{"Ευχαρίστηση":"-8","Χρήματα":"0","Υγεία":"5","Πείνα":"-1"},"imguri":"","layers":"grandmother","isDummy":false,"latlng":{"lat":280.54648509239223,"lng":20.54259453711361}},{"id":284,"description":"Έξοδος","values":{"Ευχαρίστηση":"0","Χρήματα":"0","Υγεία":"0","Πείνα":"0"},"imguri":"","layers":"Menu","isDummy":true,"latlng":{"lat":40.03303024636823,"lng":770.4843762177327}},{"id":285,"description":"Επιστροφή στην πόλη","values":{"Ευχαρίστηση":"0","Χρήματα":"0","Υγεία":"0","Πείνα":"0"},"imguri":"","layers":"grandmother","isDummy":true,"latlng":{"lat":122.18195921985817,"lng":845.1420207014768}},{"id":286,"description":"Έξοδος από τον φούρνο","values":{"Ευχαρίστηση":"0","Χρήματα":"0","Υγεία":"0","Πείνα":"0"},"imguri":"","layers":"Bakery","isDummy":true,"latlng":{"lat":245.11925588560558,"lng":902.4105350007728}},{"id":287,"description":"Ταβέρνα","values":{"Ευχαρίστηση":"1","Χρήματα":"-1","Υγεία":"-1","Πείνα":"8"},"imguri":"","layers":"Main","isDummy":false,"latlng":{"lat":245.54838772419288,"lng":238.39253428578806}},{"id":290,"description":"Ζαχαροπλαστείο","values":{"Ευχαρίστηση":"2","Χρήματα":"-1","Υγεία":"-1","Πείνα":"9"},"imguri":"","layers":"Main","isDummy":false,"latlng":{"lat":374.6669704899734,"lng":224.69588832325445}},{"id":293,"description":"Ψωμί","values":{"Ευχαρίστηση":"-2","Χρήματα":"-1","Υγεία":"1","Πείνα":"-1"},"imguri":"","layers":"Bakery","isDummy":false,"latlng":{"lat":320.91750075179453,"lng":104.9120007018941}},{"id":294,"description":"Γλυκά","values":{"Ευχαρίστηση":"5","Χρήματα":"-5","Υγεία":"-2","Πείνα":"-1"},"imguri":"","layers":"pastry","isDummy":false,"latlng":{"lat":228.8595132759567,"lng":696.0415904808856}},{"id":295,"description":"Μάφιν","values":{"Ευχαρίστηση":"3","Χρήματα":"-3","Υγεία":"-2","Πείνα":"-2"},"imguri":"","layers":"pastry","isDummy":false,"latlng":{"lat":446.98289127047235,"lng":634.1305754591616}},{"id":296,"description":"Τάρτα","values":{"Ευχαρίστηση":"1","Χρήματα":"-4","Υγεία":"-1","Πείνα":"-1"},"imguri":"","layers":"pastry","isDummy":false,"latlng":{"lat":367.5472972972973,"lng":237.036765804712}},{"id":297,"description":"Μουσακάς","values":{"Ευχαρίστηση":"-4","Χρήματα":"-6","Υγεία":"2","Πείνα":"-5"},"imguri":"","layers":"Menu","isDummy":false,"latlng":{"lat":206.45423543180658,"lng":253.65404281807906}},{"id":298,"description":"Γεμιστά","values":{"Ευχαρίστηση":"-3","Χρήματα":"-5","Υγεία":"3","Πείνα":"-4"},"imguri":"","layers":"Menu","isDummy":false,"latlng":{"lat":160.69520654179968,"lng":440.744406936917}},{"id":299,"description":"Φρέσκο Ψάρι","values":{"Ευχαρίστηση":"-5","Χρήματα":"-9","Υγεία":"5","Πείνα":"-3"},"imguri":"","layers":"Menu","isDummy":false,"latlng":{"lat":107.53191489361701,"lng":455.80419867007276}},{"id":300,"description":"Καλαμάρι Τηγανητό","values":{"Ευχαρίστηση":"4","Χρήματα":"-8","Υγεία":"-2","Πείνα":"-3"},"imguri":"","layers":"Menu","isDummy":false,"latlng":{"lat":107.87138970802354,"lng":259.1326803036693}},{"id":301,"description":"Φακές","values":{"Ευχαρίστηση":"-6","Χρήματα":"-4","Υγεία":"4","Πείνα":"-2"},"imguri":"","layers":"Menu","isDummy":false,"latlng":{"lat":255.6241134751773,"lng":255.01744761488524}},{"id":302,"description":"Έξοδος.","values":{"Ευχαρίστηση":"0","Χρήματα":"0","Υγεία":"0","Πείνα":"0"},"imguri":"","layers":"pastry","isDummy":true,"latlng":{"lat":467.8518279939846,"lng":350.62725017537645}},{"id":303,"description":"Τοστ","values":{"Ευχαρίστηση":"1","Χρήματα":"-3","Υγεία":"-2","Πείνα":"-1"},"imguri":"","layers":"Bakery","isDummy":false,"latlng":{"lat":137.1641759135012,"lng":612.3085946562688}},{"id":304,"description":"Ιταλική Σαλάτα","values":{"Ευχαρίστηση":"-3","Χρήματα":"-9","Υγεία":"2","Πείνα":"-3"},"imguri":"","layers":"italian","isDummy":false,"latlng":{"lat":343.3443824752492,"lng":411.71259495842617}},{"id":305,"description":"Μοτσαρέλα","values":{"Ευχαρίστηση":"-1","Χρήματα":"-4","Υγεία":"1","Πείνα":"-1"},"imguri":"","layers":"italian","isDummy":false,"latlng":{"lat":349.01342023296576,"lng":614.6871495619658}},{"id":306,"description":"Έξοδος από το εστιατόριο","values":{"Ευχαρίστηση":"0","Χρήματα":"0","Υγεία":"0","Πείνα":"0"},"imguri":"","layers":"italian","isDummy":true,"latlng":{"lat":382.6961274058314,"lng":106.55918631058633}}]