<xml xmlns="http://www.w3.org/1999/xhtml"><block type="controls_if" id="rS;yflE|M}MJs[!`5Ix0" x="289" y="-8"><value name="IF0"><block type="current_point_check" id=")mQVEbtO9-QJ2Y}W})%H"><field name="pointsNames">Φούρνος</field></block></value><statement name="DO0"><block type="change_layer" id="%h[ytM{;dE+~NLF=a#1M"><field name="layersNames">Bakery</field><next><block type="sound" id="HSQe]~jA9YV9Si}Z3X4b"><field name="NAME">shop_bell</field></block></next></block></statement><next><block type="controls_if" id="8v!,Mm8uM8:ZYo(Abz@s"><value name="IF0"><block type="current_point_check" id=",3!buroJSZNFUYa?0Fu["><field name="pointsNames">Ζαχαροπλαστείο</field></block></value><statement name="DO0"><block type="change_layer" id="yOfU9fdvt}Y)xW[LetDJ"><field name="layersNames">pastry</field><next><block type="sound" id="_5!;juiaX]d1#Q}t:(FT"><field name="NAME">cheering</field></block></next></block></statement><next><block type="controls_if" id="oUgd{3K~U[F@#aF]}ygA"><value name="IF0"><block type="current_point_check" id="bKa8B.OJq4G#3x)B+yMK"><field name="pointsNames">Σπίτι της Γιαγιάς</field></block></value><statement name="DO0"><block type="change_layer" id="G!(O6(@FL@H+XnfrZp|?"><field name="layersNames">grandmother</field><next><block type="sound" id="T_U{(7vxPb;q3QISSa/d"><field name="NAME">doorbell</field></block></next></block></statement><next><block type="controls_if" id="hzuh|5#V1Oc7hsH;Ak.U"><value name="IF0"><block type="current_point_check" id="vhGK4USCC0YS~^?cj1iX"><field name="pointsNames">Ιταλικό Εστιατόριο</field></block></value><statement name="DO0"><block type="change_layer" id="K2GoBT/W4p%EP|3?Wt3p"><field name="layersNames">italian</field></block></statement><next><block type="controls_if" id="gFjR~i|8s-{Ap.U!Sqig"><value name="IF0"><block type="current_point_check" id="*W@t:(*n;,Woltz?m60["><field name="pointsNames">Ταβέρνα</field></block></value><statement name="DO0"><block type="change_layer" id=";0g@18K(O;h|G[6{*^8*"><field name="layersNames">Menu</field><next><block type="hide_all" id="j=oa)T]MDvRDpYL%Ko:r"><next><block type="show_point" id="mJaKI-ARu:c_-MRAa#`M"><field name="pointsNames">Μουσακάς</field><next><block type="show_point" id="]#M_Ny.-LC+tmVZbsCrL"><field name="pointsNames">Τηγανητές πατάτες</field><next><block type="show_point" id="PSryvTzMLk@Tz`uF(zX3"><field name="pointsNames">Γεμιστά</field><next><block type="show_point" id="matSpi^WOPAoq{N,nPk7"><field name="pointsNames">Φρέσκο Ψάρι</field><next><block type="show_point" id=";VW.Z~lKYG-d7S#nS2:9"><field name="pointsNames">Καλαμάρι Τηγανητό</field><next><block type="show_point" id="K#4{2=r;2hS38TIiJuH_"><field name="pointsNames">Φακές</field><next><block type="show_point" id="b^[qWXfon(cK6@@e=+7t"><field name="pointsNames">Έξοδος</field></block></next></block></next></block></next></block></next></block></next></block></next></block></next></block></next></block></statement><next><block type="controls_if" id="l#UIxm^E=a.1e#G+yQfZ"><value name="IF0"><block type="current_point_check" id="2;}Mfg,?eL4CPx6rC=+y"><field name="pointsNames">Fast food</field></block></value><statement name="DO0"><block type="change_layer" id="qEGqsPLZ5--y2?Rhc!Ci"><field name="layersNames">Menu</field><next><block type="hide_all" id="myPk(l!B1naRbu@yA4Nf"><next><block type="show_point" id="LTOgFU^/!7VB!k^s6n!4"><field name="pointsNames">Burger</field><next><block type="show_point" id="USzBzSvy0*5qs@OaHd:I"><field name="pointsNames">Ψητό Κοτόπουλο</field><next><block type="show_point" id="dF}RY%/SoI(~FDqPpY=l"><field name="pointsNames">Τηγανητές πατάτες</field><next><block type="show_point" id="i%1|*7z|em8wFucy]-c?"><field name="pointsNames">Σόδα</field><next><block type="show_point" id="Z]wIB~?dJ/mvKhiPExVE"><field name="pointsNames">Έξοδος</field></block></next></block></next></block></next></block></next></block></next></block></next></block></statement><next><block type="controls_if" id="^/*q]1WLs{jKDLo:LeuM"><value name="IF0"><block type="current_point_check" id="dY!#/n1~TWSr~nN:K]UL"><field name="pointsNames">Ψητοπωλείο</field></block></value><statement name="DO0"><block type="change_layer" id="jKnjj-a?~5lys+NzSU3y"><field name="layersNames">Menu</field><next><block type="sound" id="s1zzmN9u6]0BGAM@g@jt"><field name="NAME">door_open</field><next><block type="hide_all" id="3S%^2=zv3k7p%WK,_vl%"><next><block type="show_point" id="X2HhE*jPfY@%+cpKY.GQ"><field name="pointsNames">Παϊδάκια</field><next><block type="show_point" id="7_p*yZ?Sf1?=ScvP{F%C"><field name="pointsNames">Ψητό Κοτόπουλο</field><next><block type="show_point" id="In~3AV?8qQ]Z=5p{ML9}"><field name="pointsNames">Μπιφτέκι</field><next><block type="show_point" id="4g]=4O7RQVoBl,kcjyx="><field name="pointsNames">Τηγανητές πατάτες</field><next><block type="show_point" id="5g5bG_eJrcE#F~nJyhae"><field name="pointsNames">Έξοδος</field></block></next></block></next></block></next></block></next></block></next></block></next></block></next></block></statement></block></next></block></next></block></next></block></next></block></next></block></next></block><block type="controls_if" id="MvWNZ`s]}G^)|D+i2uj3" x="754" y="-24"><value name="IF0"><block type="logic_compare" id="3NecL]2v7U#.S_khZH#["><field name="OP">LT</field><value name="A"><block type="singleVar" id="/3tY(^oCfx0FOX/WQ+Km"><field name="varName">Υγεία</field></block></value><value name="B"><block type="math_number" id="Lqj50TU4Np|X;%SaE#e?"><field name="NUM">5</field></block></value></block></value><statement name="DO0"><block type="popup" id="H0I0.g]jPI(:tQ)tQAeI"><field name="popuptext">Έχω μείνει με λίγα χρήματα...</field></block></statement><next><block type="controls_if" id="#G#cOS,Fh+]:+CUCDGdu"><mutation elseif="1"></mutation><value name="IF0"><block type="logic_compare" id="7%V)eY68H.6[cAU%1^2l"><field name="OP">LT</field><value name="A"><block type="singleVar" id="Fqm`B0gJeIIy|^w=c_33"><field name="varName">Ευχαρίστηση</field></block></value><value name="B"><block type="math_number" id="SRWiLkbbm.kqO,Vc4y:B"><field name="NUM">4</field></block></value></block></value><statement name="DO0"><block type="popup" id="=Z?q~z:kG%`l75+_;9rs"><field name="popuptext">:( :( Δεν μου αρέσουν καθόλου τα φαγητά που τρώω!</field></block></statement><value name="IF1"><block type="logic_compare" id="48Vpo^`2/R-}4Jv.CbB?"><field name="OP">GT</field><value name="A"><block type="singleVar" id="=XeMb6]Z_gVs0Jmd02*E"><field name="varName">Ευχαρίστηση</field></block></value><value name="B"><block type="math_number" id="K;~]6kMwz0[F/a_otp,)"><field name="NUM">25</field></block></value></block></value><statement name="DO1"><block type="popup" id="#|q0aLq+PSU}HQg,I]KM"><field name="popuptext">Μμμμ...πόσο μαρέσουν τα φαγητά που τρώω!!</field></block></statement><next><block type="controls_if" id="YR7Se-l(f*1kw*XfuQ5:"><value name="IF0"><block type="logic_compare" id="z{ziu70qsN_UeW*P23gh"><field name="OP">GTE</field><value name="A"><block type="singleVar" id="(!cJoYx|_Wju[dkmwEq*"><field name="varName">Πείνα</field></block></value><value name="B"><block type="math_number" id="RZ48%1/a7hdL.l)xVz2E"><field name="NUM">12</field></block></value></block></value><statement name="DO0"><block type="popup" id="^x=9-4*Ri-?ycdWQ_4vx"><field name="popuptext">Πεινάω πάρα πολύ...Όσο περισσότερο μπαινοβγαίνω στα μαγαζιά τόσο μου ανοίγει η όρεξη!</field></block></statement><next><block type="controls_if" id="Q/vLS+VL4JoV@ujlda{U"><value name="IF0"><block type="logic_compare" id="T)7BC#8,-K)p|E%mlv*q"><field name="OP">GT</field><value name="A"><block type="singleVar" id=".gs:t2erbXDK=~3h+m%z"><field name="varName">Χρήματα</field></block></value><value name="B"><block type="math_number" id="P3t-hzmd5BGwCmo}MCr_"><field name="NUM">70</field></block></value></block></value><statement name="DO0"><block type="popup" id="m!|HYKN1+%ub3=:OCx|M"><field name="popuptext">Έχω μαζέψει πολλά χρήματα! Καιρός να φάω και κάτι</field></block></statement><next><block type="controls_if" id="6eh5ScRt5[^i@g-v%[ni"><value name="IF0"><block type="logic_operation" id="LO{usP1Y=2JAsDLCqK4#"><field name="OP">AND</field><value name="A"><block type="current_point_check" id="nzi#!jlu`Y%6M#CZ`0BA"><field name="pointsNames">Σαλάτα</field></block></value><value name="B"><block type="logic_compare" id="Q0,TrNpxQJnq:{Qud?bf"><field name="OP">LT</field><value name="A"><block type="singleVar" id="m7GS=KBT)%j#iA8@8oEf"><field name="varName">Υγεία</field></block></value><value name="B"><block type="math_number" id="-|rU0T|SisK;?|Xh}#|w"><field name="NUM">4</field></block></value></block></value></block></value><statement name="DO0"><block type="popup" id="F/HMy;)V}+Du=jCx=Mf7"><field name="popuptext">Μετά από αυτή τη σαλάτα νιώθω καλύτερα. Αλλά πεινάω ακόμα</field></block></statement><next><block type="controls_if" id="u|:1%BY6ytARc_dy)-}I"><value name="IF0"><block type="current_point_check" id="Xs|O5;tR?kIZP5d#6@:v"><field name="pointsNames">Burger</field></block></value><statement name="DO0"><block type="sound" id="4!6bW;tv?!]qzLRa@OU@"><field name="NAME">cheering</field><next><block type="popup" id="9!t(~8wyF^(YP|vN3yVw"><field name="popuptext">Πόσο τέλεια είναι τα burger!! Άλλο ένα παρακαλώ???</field></block></next></block></statement><next><block type="controls_if" id="qvqj+:*#/C!..!3wl(@l"><mutation elseif="1"></mutation><value name="IF0"><block type="current_point_check" id="Cj@bY:S!=MZY:W^CXnZU"><field name="pointsNames">Ψάρι</field></block></value><statement name="DO0"><block type="popup" id=".]tm[|Q6M:UiU(E^i)kO"><field name="popuptext">Μισώ το ψάρι !!! </field></block></statement><value name="IF1"><block type="current_point_check" id="~E^G.kE6RmskRS;Bad0q"><field name="pointsNames">Μάφιν</field></block></value><statement name="DO1"><block type="popup" id="zmk@!T_rk+h6OOB#e%L2"><field name="popuptext">Λατρεύω τη σοκολάτα! Θέλω κι άλλο γλυκό!!!</field><next><block type="sound" id="BWDi6xe8!_To%iq/|M[@"><field name="NAME">cheering</field></block></next></block></statement><next><block type="controls_if" id="ff7s#DVq8_H=1j#ub@Op"><value name="IF0"><block type="logic_operation" id="sC56_r3,;uxwg~G4BEmr"><field name="OP">AND</field><value name="A"><block type="current_point_check" id="`E~E%,cwZ|--~cfLdOmc"><field name="pointsNames">Τηγανητές πατάτες</field></block></value><value name="B"><block type="logic_compare" id="#FeRJgz)/4ROMxs-Ng[w"><field name="OP">LT</field><value name="A"><block type="singleVar" id=")v[0FlU7?JRsJSUkDht3"><field name="varName">Υγεία</field></block></value><value name="B"><block type="math_number" id=":LDvQt+y[t|ueOIC@giy"><field name="NUM">5</field></block></value></block></value></block></value><statement name="DO0"><block type="popup" id="4*BpJkE;#SYv6P3q|I~W"><field name="popuptext">Μάλλον οι τηγανητές πατάτες δεν ήταν πολύ καλή επιλογή για την υγεία μου αυτή τη στιγμή!!!</field></block></statement></block></next></block></next></block></next></block></next></block></next></block></next></block></next></block><block type="controls_if" id="4+#|U%;o|f^5)coVvc[6" x="-225" y="56"><value name="IF0"><block type="current_point_check" id="qu!m#of,[C-y,A.2*Dn|"><field name="pointsNames">Έξοδος</field></block></value><statement name="DO0"><block type="change_layer" id="r/l7nQ3pab_SZYPPz#gM"><field name="layersNames">Main</field><next><block type="show_all" id="n3EIM36jI|xjZp+|`NMj"></block></next></block></statement><next><block type="controls_if" id="Fucy:ESwa9jszvTgH@nB"><value name="IF0"><block type="current_point_check" id="Tfr6gVmd1#XItLniJPb9"><field name="pointsNames">Επιστροφή στην πόλη</field></block></value><statement name="DO0"><block type="change_layer" id="@m:Ul}B9:Z}{]PnZ7F3s"><field name="layersNames">Main</field><next><block type="show_all" id="DN:%~T+KcYCoQ}~Wht;U"></block></next></block></statement><next><block type="controls_if" id="`JYCwiNJ{oLPT}4NRAb3"><value name="IF0"><block type="current_point_check" id="T8Uhz:`Z!}sVG@:f9n#e"><field name="pointsNames">Έξοδος από τον φούρνο</field></block></value><statement name="DO0"><block type="change_layer" id="F2l=lq`UI?|L9lxtuQ+c"><field name="layersNames">Main</field><next><block type="show_all" id="wC*8T%()5*K7!njOhP1v"></block></next></block></statement><next><block type="controls_if" id="O,m~*mH^vY-4[|URO.-P"><value name="IF0"><block type="current_point_check" id="L#53rlh{xP*sNux0gIe~"><field name="pointsNames">Έξοδος από το εστιατόριο</field></block></value><statement name="DO0"><block type="change_layer" id="`6S23.U;ssn+!G66N|s^"><field name="layersNames">Main</field><next><block type="show_all" id="E;U;qW7GNoKuD]cF[?nG"></block></next></block></statement></block></next></block></next></block></next></block></xml>