<xml xmlns="http://www.w3.org/1999/xhtml"><block type="controls_if" id="oUgd{3K~U[F@#aF]}ygA" x="185" y="12"><value name="IF0"><block type="logic_compare" id="~a@gT-aydG21O-1G.sjK"><field name="OP">LTE</field><value name="A"><block type="singleVar" id="RTuC:_mI#d@k69q|ly)+"><field name="varName">Ευχαρίστηση</field></block></value><value name="B"><block type="math_number" id="qIM#58w_X12vI;dXPueD"><field name="NUM">0</field></block></value></block></value><statement name="DO0"><block type="popup" id="[XMzb=tiZEwjnqR(]mUV"><field name="popuptext">Λυπάμαι έχασες! Δεν σου άρεσαν καθόλου τα φαγητά που έφαγες</field><next><block type="sound" id="igncg(Z4DLZaY|bmiSIg"><field name="NAME">lose2</field><next><block type="gameover" id="MLR/6i}9oB6st5-+BGN}"></block></next></block></next></block></statement><next><block type="controls_if" id="s|22Z9F}WCN/yxlXF*c/"><value name="IF0"><block type="logic_compare" id="t]0]K7~RG5P|~P%Iat.%"><field name="OP">LTE</field><value name="A"><block type="singleVar" id="A.j?p=H93g?/uC7cXFA4"><field name="varName">Χρήματα</field></block></value><value name="B"><block type="math_number" id="!Lk+QA7ZA}}`O2H4Opsn"><field name="NUM">0</field></block></value></block></value><statement name="DO0"><block type="popup" id="rvm1v;(7UPHaPmn]_ZF*"><field name="popuptext">Λυπάμαι έχασες! Χάλασες όλα σου τα χρήματα</field><next><block type="sound" id="aDLe[FSWw9=s4K!|o5Q?"><field name="NAME">lose</field><next><block type="gameover" id="IAoQII{s547]Ky/@)fmw"></block></next></block></next></block></statement><next><block type="controls_if" id="ZlR?v6F6tI%iV7]Fu)Bi"><value name="IF0"><block type="logic_compare" id="mWKG9gvn[OP3){|I+*FV"><field name="OP">LT</field><value name="A"><block type="singleVar" id="HR.F;^HAc?Y+KZ=!xR`P"><field name="varName">Υγεία</field></block></value><value name="B"><block type="math_number" id="_u^1#?P%(}djVA:MLpZ|"><field name="NUM">3</field></block></value></block></value><statement name="DO0"><block type="popup" id="=crD|{gtwEmN;`*1-mu1"><field name="popuptext">Λυπάμαι έχασες! Η υγεία σου είναι χάλια!</field><next><block type="sound" id="Uqs}K4rf7v*ui)U)L@_t"><field name="NAME">lose2</field><next><block type="gameover" id="Qq4|^ZayP[]4Kq(1!.x~"></block></next></block></next></block></statement><next><block type="controls_if" id="eFg8w?SWI6-U@rACn;|R"><value name="IF0"><block type="logic_compare" id="Md[x?#gb{6;-nG%xnXW;"><field name="OP">GTE</field><value name="A"><block type="singleVar" id="%@K9,PUO5m3hQ]w4T{Bw"><field name="varName">Πείνα</field></block></value><value name="B"><block type="math_number" id="d5o}/6tIIoG#]Zw7CFGa"><field name="NUM">15</field></block></value></block></value><statement name="DO0"><block type="popup" id="d?LZWgijBVzP.lewnwJU"><field name="popuptext">Πεινάς πάρα πολύ! Έχασες</field><next><block type="sound" id="R4`I%dm7p7},?d:lQHBE"><field name="NAME">lose2</field><next><block type="gameover" id="HN2ckI35pi.|;75pA=%z"></block></next></block></next></block></statement></block></next></block></next></block></next></block></xml>