[{"name":"Naam","type":"text","visibility":"visible"},{"name":"Autonomie","type":"text","step":".1","visibility":"visible"},{"name":"Keuzes","type":"text","visibility":"visible"},{"name":"Ervaring","type":"text","visibility":"visible"},{"name":"Feedback","type":"text","step":".1","visibility":"visible"},{"name":"Reflectie","type":"text","step":".1","visibility":"visible"},{"name":"Engagement","type":"text","step":".1","visibility":"visible"},{"name":"Implementatie","type":"text","step":".1","visibility":"visible"},{"name":"Resultaat","type":"number","step":".1","visibility":"hidden"},{"name":"I","type":"number","step":".1","visibility":"hidden"},{"name":"O","type":"number","step":".1","visibility":"hidden"},{"name":"S","type":"number","step":".1","visibility":"hidden"},{"name":"V","type":"number","step":".1","visibility":"hidden"},{"name":"W","type":"number","step":".1","visibility":"hidden"},{"name":"H","type":"number","step":".1","visibility":"hidden"}]