[{"id":87,"description":"BAR","values":{"Autonomie":"","Keuzes":"","Ervaring":"","Feedback":"","Reflectie":"","Engagement":"","Implementatie":"","Resultaat":"0","I":"0","O":"0","S":"0","V":"0","W":"0","H":"0"},"imguri":"","layers":"Main","isDummy":true,"latlng":{"lat":332.47023431319593,"lng":221.62449153461932}},{"id":90,"description":"INTRODUCTIE","values":{"Autonomie":"mijn kind kan autonoom zijn en zelf kiezen om deel te nemen of niet","Keuzes":"","Ervaring":"","Feedback":"","Reflectie":"mijn kind zal reflecteren over de activiteit en deze ervaring onthouden","Engagement":"","Implementatie":"met behulp van videos zal mijn kind de link met de realiteit leggen en leren over het recyclageproces van kleding","Resultaat":"0","I":"1","O":"0","S":"0","V":"0","W":"0","H":"0"},"imguri":"","layers":"Main","isDummy":true,"latlng":{"lat":95.30422491812622,"lng":435.6567445579384}},{"id":93,"description":"WINKEL","values":{"Autonomie":"","Keuzes":"","Ervaring":"","Feedback":"","Reflectie":"","Engagement":"","Implementatie":"","Resultaat":"0","I":"0","O":"0","S":"0","V":"0","W":"0","H":"0"},"imguri":"","layers":"Main","isDummy":true,"latlng":{"lat":120.50320120792514,"lng":210.22535731491655}},{"id":96,"description":"SPEELERVARING","values":{"Autonomie":"","Keuzes":"","Ervaring":"","Feedback":"","Reflectie":"","Engagement":"","Implementatie":"","Resultaat":"0","I":"0","O":"0","S":"0","V":"0","W":"0","H":"0"},"imguri":"","layers":"Main","isDummy":true,"latlng":{"lat":394.4142560039735,"lng":592.2275217656597}},{"id":99,"description":"Ontmantelen","values":{"Autonomie":"","Keuzes":"","Ervaring":"","Feedback":"","Reflectie":"","Engagement":"","Implementatie":"","Resultaat":"0","I":"0","O":"0","S":"0","V":"0","W":"0","H":"0"},"imguri":"","layers":"Playground","isDummy":true,"latlng":{"lat":335.70259485057585,"lng":503.4958780226723}},{"id":100,"description":"Sorteren","values":{"Autonomie":"","Keuzes":"","Ervaring":"","Feedback":"","Reflectie":"","Engagement":"","Implementatie":"","Resultaat":"0","I":"0","O":"0","S":"0","V":"0","W":"0","H":"0"},"imguri":"","layers":"Playground","isDummy":true,"latlng":{"lat":487.1807003850946,"lng":617.7083249680686}},{"id":101,"description":"Versnipperen","values":{"Autonomie":"","Keuzes":"","Ervaring":"","Feedback":"","Reflectie":"","Engagement":"","Implementatie":"","Resultaat":"0","I":"0","O":"0","S":"0","V":"0","W":"0","H":"0"},"imguri":"","layers":"Playground","isDummy":true,"latlng":{"lat":234.9488466439765,"lng":727.0773706151956}},{"id":102,"description":"Wassen en drogen","values":{"Autonomie":"","Keuzes":"","Ervaring":"","Feedback":"","Reflectie":"","Engagement":"","Implementatie":"","Resultaat":"0","I":"0","O":"0","S":"0","V":"0","W":"0","H":"0"},"imguri":"","layers":"Playground","isDummy":true,"latlng":{"lat":24.342209944818823,"lng":553.0580584953718}},{"id":103,"description":"Herwerken","values":{"Autonomie":"","Keuzes":"","Ervaring":"","Feedback":"","Reflectie":"","Engagement":"","Implementatie":"","Resultaat":"0","I":"0","O":"0","S":"0","V":"0","W":"0","H":"0"},"imguri":"","layers":"Playground","isDummy":true,"latlng":{"lat":123.83013802512922,"lng":292.89714615914295}},{"id":104,"description":"1: concept","values":{"Autonomie":"mijn kind kan autonoom zijn en zelf kiezen om deel te nemen of niet","Keuzes":"er zijn meerdere mogelijkheden waaruit mijn kind kan kiezen","Ervaring":"","Feedback":"mijn kind zal positieve feedback krijgen als hij/zij iets goed doet","Reflectie":"","Engagement":"mijn kind zal met leeftijdsgenoten samen werken en nieuwe zaken ontdekken","Implementatie":"","Resultaat":"0","I":"0","O":"1","S":"0","V":"0","W":"0","H":"0"},"imguri":"","layers":"OO","isDummy":true,"latlng":{"lat":510.63138917668135,"lng":661.4592808308798}},{"id":105,"description":" Leuk!","values":{"Autonomie":"","Keuzes":"","Ervaring":"","Feedback":"","Reflectie":"","Engagement":"","Implementatie":"","Resultaat":"1","I":"0","O":"0","S":"0","V":"0","W":"0","H":"0"},"imguri":"","layers":"EVALUATIE.png","isDummy":false,"latlng":{"lat":449.3299836531977,"lng":186.8090296251703}},{"id":106,"description":"Okee...","values":{"Autonomie":"","Keuzes":"","Ervaring":"","Feedback":"","Reflectie":"","Engagement":"","Implementatie":"","Resultaat":"0","I":"0","O":"0","S":"0","V":"0","W":"0","H":"0"},"imguri":"","layers":"EVALUATIE.png","isDummy":false,"latlng":{"lat":452.3674240235314,"lng":521.665310758985}},{"id":107,"description":"Niets voor mij","values":{"Autonomie":"","Keuzes":"","Ervaring":"","Feedback":"","Reflectie":"","Engagement":"","Implementatie":"","Resultaat":"-1","I":"0","O":"0","S":"0","V":"0","W":"0","H":"0"},"imguri":"","layers":"EVALUATIE.png","isDummy":false,"latlng":{"lat":449.32608796079916,"lng":841.3134891158766}},{"id":108,"description":"2: concept","values":{"Autonomie":"mijn kind kan autonoom zijn en zelf kiezen om deel te nemen of niet","Keuzes":"er zijn meerdere mogelijkheden waaruit mijn kind kan kiezen","Ervaring":"","Feedback":"","Reflectie":"","Engagement":"mijn kind zal met leeftijdsgenoten samen werken en nieuwe zaken ontdekken","Implementatie":"","Resultaat":"0","I":"0","O":"0","S":"1","V":"0","W":"0","H":"0"},"imguri":"","layers":"SS","isDummy":true,"latlng":{"lat":461.55707926268076,"lng":386.0537295938857}},{"id":109,"description":"3: concept","values":{"Autonomie":"mijn kind kan autonoom zijn en zelf kiezen om deel te nemen of niet","Keuzes":"","Ervaring":"het spel is uitdagend maar wel haalbaar voor mijn kind","Feedback":"mijn kind zal positieve feedback krijgen als hij/zij iets goed doet","Reflectie":"mijn kind zal reflecteren over de activiteit en deze ervaring onthouden","Engagement":"mijn kind zal met leeftijdsgenoten samen werken en nieuwe zaken ontdekken","Implementatie":"met behulp van videos zal mijn kind de link met de realiteit leggen en leren over het recyclageproces van kleding","Resultaat":"0","I":"0","O":"0","S":"0","V":"1","W":"0","H":"0"},"imguri":"","layers":"VV","isDummy":true,"latlng":{"lat":418.9320898515044,"lng":689.2339693169258}},{"id":110,"description":"4: concept","values":{"Autonomie":"mijn kind kan autonoom zijn en zelf kiezen om deel te nemen of niet","Keuzes":"","Ervaring":"","Feedback":"mijn kind zal positieve feedback krijgen als hij/zij iets goed doet","Reflectie":"","Engagement":"mijn kind zal met leeftijdsgenoten samen werken en nieuwe zaken ontdekken","Implementatie":"met behulp van videos zal mijn kind de link met de realiteit leggen en leren over het recyclageproces van kleding","Resultaat":"0","I":"0","O":"0","S":"0","V":"0","W":"1","H":"0"},"imguri":"","layers":"WW","isDummy":true,"latlng":{"lat":484,"lng":745.7983295073559}},{"id":111,"description":"5: concept","values":{"Autonomie":"","Keuzes":"er zijn meerdere mogelijkheden waaruit mijn kind kan kiezen","Ervaring":"het spel is uitdagend maar wel haalbaar voor mijn kind","Feedback":"mijn kind zal positieve feedback krijgen als hij/zij iets goed doet","Reflectie":"mijn kind zal reflecteren over de activiteit en deze ervaring onthouden","Engagement":"","Implementatie":"met behulp van videos zal mijn kind de link met de realiteit leggen en leren over het recyclageproces van kleding","Resultaat":"0","I":"0","O":"0","S":"0","V":"0","W":"0","H":"1"},"imguri":"","layers":"HH","isDummy":true,"latlng":{"lat":501.4456379116424,"lng":847.7835463995087}}]