<xml xmlns="http://www.w3.org/1999/xhtml"><block type="controls_if" id="oUgd{3K~U[F@#aF]}ygA" x="691" y="571"><value name="IF0"><block type="current_point_check" id="hW)~A}cQQlMtyL]]XSM-"><field name="pointsNames">SPEELERVARING</field></block></value><statement name="DO0"><block type="change_layer" id="jV%_MyR9(6;:)))owM=/"><field name="layersNames">Playground</field></block></statement></block><block type="controls_if" id="64)3If%w-f.3X[[)J:lE" x="1774" y="537"><value name="IF0"><block type="current_point_check" id="[D98S*oLE,MG+rp~p^wQ"><field name="pointsNames"> Leuk!</field></block></value><statement name="DO0"><block type="sound" id="@PG1/]y:l;+s+#c2Iv^/"><field name="NAME">beep</field><next><block type="change_layer" id=";E~dv6jY~@V+qRnm+MkN"><field name="layersNames">Main</field></block></next></block></statement><next><block type="controls_if" id="-T+[UuK=ls=C-Rk8?;Ka"><value name="IF0"><block type="current_point_check" id="CRCx80b6:l3h4ZDp7:xl"><field name="pointsNames">Okee...</field></block></value><statement name="DO0"><block type="sound" id="ks!}D6MA_[5w7vj_JF_F"><field name="NAME">beep</field><next><block type="change_layer" id="M47ARFook]K:}IzFeKr0"><field name="layersNames">Main</field></block></next></block></statement><next><block type="controls_if" id=")ROE[M*Kjuc}3/Uo+i+W"><value name="IF0"><block type="current_point_check" id="|c;rW!2h*93Cu+}X[*u9"><field name="pointsNames">Niets voor mij</field></block></value><statement name="DO0"><block type="sound" id="CTib3*/1S~WlX]:Syda7"><field name="NAME">beep</field><next><block type="change_layer" id="~jGXwvJwE{D8lss[(?er"><field name="layersNames">Main</field></block></next></block></statement></block></next></block></next></block><block type="controls_if" id="Hf6(vhu=(NM~^R@@tTMX" x="690" y="668"><value name="IF0"><block type="current_point_check" id="uu+QHhbyO0TRNa,~xp7%"><field name="pointsNames">Ontmantelen</field></block></value><statement name="DO0"><block type="change_layer" id="+yoyn%i.s@YZkj*{d%g{"><field name="layersNames">OO</field></block></statement><next><block type="controls_if" id="z6e1DDkoLG34qJ?K#/mA"><value name="IF0"><block type="current_point_check" id="r%I_ThS8RRu]lVK9ISz("><field name="pointsNames">1: concept</field></block></value><statement name="DO0"><block type="change_layer" id="1j=L_eRkEl4S#:9BZ@J~"><field name="layersNames">EVALUATIE.png</field></block></statement><next><block type="controls_if" id="4rbj|m~PG0(t]=,|C+tM"><value name="IF0"><block type="logic_compare" id="Y+F7FvfQ}ae!.h#^8h;Y"><field name="OP">EQ</field><value name="A"><block type="singleVar" id="s[k6wnoDKL_AG4{=m}5O"><field name="varName">O</field></block></value><value name="B"><block type="math_number" id="7{7J6w}Nrug)%^FYgiV@"><field name="NUM">1</field></block></value></block></value><statement name="DO0"><block type="hide_point" id="Ex%S|e2H;[pQ!tzi|lc@"><field name="pointsNames">Ontmantelen</field></block></statement></block></next></block></next></block><block type="controls_if" id="qWxz{i~_@whm[bxsA~]p" x="1099" y="667"><value name="IF0"><block type="current_point_check" id=".6@H=~r7/.p(EUUp?!9J"><field name="pointsNames">Versnipperen</field></block></value><statement name="DO0"><block type="change_layer" id="0Pl36HF4f{(hHpHfwL;t"><field name="layersNames">VV</field></block></statement><next><block type="controls_if" id="oAud?2)PI?DKY*~zzztk"><value name="IF0"><block type="current_point_check" id="lztS%qLC~Vqx@`H|G]Gm"><field name="pointsNames">3: concept</field></block></value><statement name="DO0"><block type="change_layer" id="9YncELz+41a-[TU3?_,~"><field name="layersNames">EVALUATIE.png</field></block></statement><next><block type="controls_if" id="66[VjWLL^*gt[buF#@wO"><value name="IF0"><block type="logic_compare" id="dRU72/vz_C|mt{3dI#!F"><field name="OP">EQ</field><value name="A"><block type="singleVar" id="}{6C9x)lCd/l6zf]N94C"><field name="varName">V</field></block></value><value name="B"><block type="math_number" id="Y{bENa^oL3yW0S;(].=@"><field name="NUM">1</field></block></value></block></value><statement name="DO0"><block type="hide_point" id="Fi3qmGP|)!-}o?r84Lsk"><field name="pointsNames">Versnipperen</field></block></statement></block></next></block></next></block><block type="controls_if" id="hweE+*o]b.;bUxi@kMN:" x="685" y="940"><value name="IF0"><block type="current_point_check" id="|afH[birH9i_c1i^,c!K"><field name="pointsNames">Sorteren</field></block></value><statement name="DO0"><block type="change_layer" id="@@{xTfunK-9kKBAcNTBD"><field name="layersNames">SS</field></block></statement><next><block type="controls_if" id="hZ/fz:%*L]maU|trK{~u"><value name="IF0"><block type="current_point_check" id="5ME-TxShr3iDh0kiQh,@"><field name="pointsNames">2: concept</field></block></value><statement name="DO0"><block type="change_layer" id="qs|XINLf/7PzK8NOzr5r"><field name="layersNames">EVALUATIE.png</field></block></statement><next><block type="controls_if" id="Zv^gBP}EalTC?q0=Lhd4"><value name="IF0"><block type="logic_compare" id="Q0e)xA]=}+NagVn9/Nb)"><field name="OP">EQ</field><value name="A"><block type="singleVar" id="hUd%cW}a%nRQ.9N07kiG"><field name="varName">S</field></block></value><value name="B"><block type="math_number" id="k8bB_6nay6R%~-M][gMU"><field name="NUM">1</field></block></value></block></value><statement name="DO0"><block type="hide_point" id="v+C{qd`IW8YJrkvQde4I"><field name="pointsNames">Sorteren</field></block></statement></block></next></block></next></block><block type="controls_if" id="V*}h{EJV4uaDNn!{EHDQ" x="1634" y="906"><value name="IF0"><block type="current_point_check" id="6hcfP4OrbiP_;ogI7H~y"><field name="pointsNames">Herwerken</field></block></value><statement name="DO0"><block type="change_layer" id="BNW28la]qF%a3J%@0sy)"><field name="layersNames">HH</field></block></statement><next><block type="controls_if" id="BzdnE7Eli}zC-tG[jGz/"><value name="IF0"><block type="current_point_check" id="1?G#4_MqNoRIJm%{=)5o"><field name="pointsNames">5: concept</field></block></value><statement name="DO0"><block type="change_layer" id="z1ehwksD13Z%O`aQ/q4y"><field name="layersNames">EVALUATIE.png</field></block></statement><next><block type="controls_if" id="lzsresXsIx{bSeUtzWVx"><value name="IF0"><block type="logic_compare" id="((LUvVk1=1Bb}D3yW.fb"><field name="OP">EQ</field><value name="A"><block type="singleVar" id="j0?JmNd+?/l#E|DQw)cb"><field name="varName">H</field></block></value><value name="B"><block type="math_number" id="^`Paj^WUcUgJ94qD3a!s"><field name="NUM">1</field></block></value></block></value><statement name="DO0"><block type="hide_point" id="MTHJBY,7nFDMTC**9NYY"><field name="pointsNames">Herwerken</field></block></statement></block></next></block></next></block><block type="controls_if" id="u3E`c_np!ChLWMY;{NTk" x="1109" y="937"><value name="IF0"><block type="current_point_check" id="59n.r):Bg4xKF#0w`x,8"><field name="pointsNames">Wassen en drogen</field></block></value><statement name="DO0"><block type="change_layer" id="89N66H.I9+Gfy]jc-L)a"><field name="layersNames">WW</field></block></statement><next><block type="controls_if" id="SEhaoqWn[v1-)D7}g,t`"><value name="IF0"><block type="current_point_check" id="1:uIbAp*+^ogRhb_ruC("><field name="pointsNames">4: concept</field></block></value><statement name="DO0"><block type="change_layer" id="0a]KSEVf3pR[]KoWG#]p"><field name="layersNames">EVALUATIE.png</field></block></statement><next><block type="controls_if" id="(jb69-yhM0S#*gOInaN}"><value name="IF0"><block type="logic_compare" id="a~N_aywzV+Ix#X=cq39g"><field name="OP">EQ</field><value name="A"><block type="singleVar" id="Cl0@F|hZUh^)NG.yA.2x"><field name="varName">W</field></block></value><value name="B"><block type="math_number" id="SCQEIKBbT_C8n|1=z;m@"><field name="NUM">1</field></block></value></block></value><statement name="DO0"><block type="hide_point" id="23B!uLiiW6i.2KKKx0^}"><field name="pointsNames">Wassen en drogen</field></block></statement></block></next></block></next></block><block type="controls_if" id="eF/UYvE,AprT^T4z9URc" x="685" y="1246"><value name="IF0"><block type="current_point_check" id="aHP8gyIKPrYZ*9S%?wqC"><field name="pointsNames">INTRODUCTIE</field></block></value><statement name="DO0"><block type="change_layer" id="JU;:]I511/.l)F/s/Wb9"><field name="layersNames">EVALUATIE.png</field></block></statement><next><block type="controls_if" id="(NzdZPW#|8*TfNJ0CbgX"><value name="IF0"><block type="logic_compare" id="K9FBN!)-;flpW8x3[IL)"><field name="OP">EQ</field><value name="A"><block type="singleVar" id="?Pd5L+fFNgE)Eprp[_e2"><field name="varName">I</field></block></value><value name="B"><block type="math_number" id="7LE+%BvJ8V,{mqj]0m#w"><field name="NUM">1</field></block></value></block></value><statement name="DO0"><block type="hide_point" id="(bkK+is)[V.s7M?s;`ov"><field name="pointsNames">INTRODUCTIE</field></block></statement></block></next></block></xml>