<xml xmlns="http://www.w3.org/1999/xhtml"><block type="controls_if" id="Js^3U3?7Z2a5pVkPp7q/" x="-44" y="-272"><value name="IF0"><block type="current_point_check" id="gVpRbxK5JHkwg6.!?~;."><field name="pointsNames">WINKEL</field></block></value><statement name="DO0"><block type="popup" id="=3}f5lGdRtV1st;0@`ve"><field name="popuptext">Hier zal u circulaire kledij kunnen kopen. Dit is geen onderdeel van het spel en hier zal niet op geëvalueerd kunnen worden.</field></block></statement><next><block type="controls_if" id="K6BZP0q,l=1GRdSIpRQi"><value name="IF0"><block type="current_point_check" id="NZFIK15DwW^ERHRsVPU9"><field name="pointsNames">BAR</field></block></value><statement name="DO0"><block type="popup" id="o|9F/_APA1Uxen+(,,a="><field name="popuptext">Het zal hier mogelijk zijn om iets te drinken of een snack te eten. Ook kunnen informatieve boeken over circulariteit uitgeleend kunnen worden aan de bar. Dit is geen onderdeel van het spel en hier zal niet op geëvalueerd kunnen worden.</field></block></statement></block></next></block><block type="controls_if" id="0cK24,^!REF^E~!}w|fD" x="0" y="0"><value name="IF0"><block type="logic_compare" id="#LEtuGSd9hgc-4|~M8eO"><field name="OP">EQ</field><value name="A"><block type="movescounter" id="zJh%imY-V#N+8j%2rti0"></block></value><value name="B"><block type="math_number" id="n!t[^vyE!#hNF4%=|F%f"><field name="NUM">6</field></block></value></block></value><statement name="DO0"><block type="popup" id="o?/NK7=rlc#]RS7Q#Was"><field name="popuptext">U hebt de evaluatie voltooid, dankuwel!</field><next><block type="controls_if" id="+gku}.JCB?zr(l?xMJ-*"><mutation else="1"></mutation><value name="IF0"><block type="logic_compare" id="kA5py#`mP_x4RA4Fi#kr"><field name="OP">GTE</field><value name="A"><block type="singleVar" id="m#dxmrQAy-3r_@kuD:m_"><field name="varName">Resultaat</field></block></value><value name="B"><block type="math_number" id="usna-0zmQBS;D.g#)-!{"><field name="NUM">0</field></block></value></block></value><statement name="DO0"><block type="controls_if" id="iCCKY*@b4?fTE5k-{NH|"><mutation else="1"></mutation><value name="IF0"><block type="logic_compare" id="7o8+Xp|Wu!@~Q%S:;fD("><field name="OP">GTE</field><value name="A"><block type="singleVar" id="bRs`r6GDi@;ohc0^#n+)"><field name="varName">Resultaat</field></block></value><value name="B"><block type="math_number" id="DPLv+f-|)QFK4W[XB7mL"><field name="NUM">4</field></block></value></block></value><statement name="DO0"><block type="popup" id="Nis^,#)e%Wfj.22d;NNm"><field name="popuptext">Leuk om te weten dat je ook evenveel uitkijkt naar dit concept als wij! Indien je meer wilt weten kun je ons altijd bereiken: amber.hochepied@ugent.be</field></block></statement><statement name="ELSE"><block type="popup" id="@:|EvO]~GfO,j5m2xF7z"><field name="popuptext">Wat zou je eventueel veranderen? We horen graag van jou: amber.hochepied@ugent.be</field></block></statement></block></statement><statement name="ELSE"><block type="popup" id="q/`fy)R6!D_9E=,-XaaT"><field name="popuptext">Lijkt dit spel niet leuk? Heb je suggesties van wat beter kan? Laat het ons weten: amber.hochepied@ugent.be</field></block></statement><next><block type="gameover" id=";-wUY9v4QC`DT93ha8bs"></block></next></block></next></block></statement></block></xml>