<xml xmlns="http://www.w3.org/1999/xhtml"><block type="initialvalues" id="7%pi|u/wU`(M`t7@0~7Z" x="865" y="533"><statement name="Initial Values"><block type="initialValue" id="#u~u8U]pZ=WI3oxX.Z!Z"><field name="varName">Resultaat</field><value name="varVal"><block type="math_number" id="GjUXB]AH,^6|_+b@M+%;"><field name="NUM">0</field></block></value><next><block type="initialValue" id="(,WV,T?ww^k|O5)7wlt)"><field name="varName">I</field><value name="varVal"><block type="math_number" id=")ZW7[,j-vS*(83Mu?dR4"><field name="NUM">0</field></block></value><next><block type="initialValue" id="OvXyjO-pwJ4D4C9Yb6pc"><field name="varName">O</field><value name="varVal"><block type="math_number" id="AE9(.dZD8wg.~.r[UPt="><field name="NUM">0</field></block></value><next><block type="initialValue" id="9P/}X`WX+mZ!Dw;x*eRS"><field name="varName">S</field><value name="varVal"><block type="math_number" id="]F[bn=0Yr7rFs|7=}|DX"><field name="NUM">0</field></block></value><next><block type="initialValue" id="yKGvjaUz_bMlh9HE8bHa"><field name="varName">V</field><value name="varVal"><block type="math_number" id="mPD.~!A}XCmUUT_T/V6m"><field name="NUM">0</field></block></value><next><block type="initialValue" id="}6?}!D@t][}Mb#*FQcT-"><field name="varName">W</field><value name="varVal"><block type="math_number" id="9d~_4f_wbzgvBF-#-+1F"><field name="NUM">0</field></block></value><next><block type="initialValue" id="I7wi=?DJD3eJc:G-/9_@"><field name="varName">H</field><value name="varVal"><block type="math_number" id="yqo2W+9HtE+uwR]!9xEh"><field name="NUM">0</field></block></value></block></next></block></next></block></next></block></next></block></next></block></next></block></statement></block></xml>