[{"name":"Description","type":"string","visibility":"visible"},{"name":"Χρόνος","type":"number","visibility":"visible"},{"name":"Χρήματα","type":"number","visibility":"visible"},{"name":"Άγχος","type":"formula","step":".1","visibility":"hidden"},{"name":"Εκπαίδευση","type":"number","step":".1","visibility":"hidden"},{"name":"Κοινωνικοποίηση","type":"number","step":".1","visibility":"hidden"},{"name":"IMAGES","type":"file","step":".1","visibility":"visible"}]