<xml xmlns="http://www.w3.org/1999/xhtml"><block type="controls_if" id="3pV8^M)fOxC%t|B,]w,x" x="83" y="33"><value name="IF0"><block type="current_point_check" id="/|7[]ZS6FzOXqTMrE2FG"><field name="pointsNames">ΜΕΤΑΒΑΣΗ στο Σχολείο μου</field></block></value><statement name="DO0"><block type="change_layer" id="=#SQQ}bZq{H8BgO{1?:a"><field name="layersNames">blackboard.jpg</field><next><block type="sound" id="{_oU86FB96rjlfqQ7(9M"><field name="NAME">comedic_whistle</field></block></next></block></statement><next><block type="controls_if" id="l/arH3SHezLRm,^wOg-b"><value name="IF0"><block type="current_point_check" id="]@]ffs?]w|8S7[_WTdGT"><field name="pointsNames">ΕΠΙΣΤΡΟΦΗ στη Γειτονιά μου</field></block></value><statement name="DO0"><block type="change_layer" id=";;gFL#xksU9]].C24mZs"><field name="layersNames">Main</field><next><block type="sound" id="CP|e~?JSrxf2/m%=r@*a"><field name="NAME">comedic_whistle</field></block></next></block></statement><next><block type="controls_if" id="oUgd{3K~U[F@#aF]}ygA"><value name="IF0"><block type="logic_compare" id="~a@gT-aydG21O-1G.sjK"><field name="OP">LTE</field><value name="A"><block type="singleVar" id="RTuC:_mI#d@k69q|ly)+"><field name="varName">Χρόνος</field></block></value><value name="B"><block type="math_number" id="qIM#58w_X12vI;dXPueD"><field name="NUM">2</field></block></value></block></value><statement name="DO0"><block type="popup" id="[Q+z*@b?dHC7[R=3+,rX"><field name="popuptext">Σε λίγο τελειώνει η ημέρα!</field><next><block type="sound" id="Ig?xNZw)|#*l5m:%ga%,"><field name="NAME">correct</field></block></next></block></statement><next><block type="controls_if" id="!6p344r6I0:+D8{iWnsr"><value name="IF0"><block type="logic_compare" id="x`Z~(}s%C0X:Zbubmb#V"><field name="OP">LTE</field><value name="A"><block type="singleVar" id="S,MT0?Qxr|[KqW.w+FsH"><field name="varName">Χρήματα</field></block></value><value name="B"><block type="math_number" id="wng*R/G-Ti[l=k}iY7!d"><field name="NUM">0</field></block></value></block></value><statement name="DO0"><block type="popup" id="O(QkAr~N`OD|Y5mdr}Z-"><field name="popuptext">Δεν έχετε άλλα χρήματα!</field><next><block type="sound" id="tz^6Nr`g6}~wna_aM];3"><field name="NAME">coin</field></block></next></block></statement><next><block type="controls_if" id="4Hz6^Kqb#^:gpPdmr.S8"><value name="IF0"><block type="logic_compare" id="G2N_Uh-e1LWWFZFy,gkH"><field name="OP">EQ</field><value name="A"><block type="singleVar" id="v8{|SLH4{ml(}LMTsI|z"><field name="varName">Άγχος</field></block></value><value name="B"><block type="math_number" id="@[Ca_!rLh{mZ{6lIJt`C"><field name="NUM">80</field></block></value></block></value><statement name="DO0"><block type="popup" id="9d0`3.JdnFxjB}=[0LTV"><field name="popuptext">Προσοχή στα επίπεδα άγχους σας!</field><next><block type="sound" id=",Tk?V.G)|[qq!CX}_=7H"><field name="NAME">dog</field></block></next></block></statement><next><block type="controls_if" id="M8jv/#S@^Q_28S^nCPUD"><value name="IF0"><block type="logic_compare" id="I;u.-sJ{XX:Sb!4slJ;p"><field name="OP">GTE</field><value name="A"><block type="singleVar" id="oSEc;^FeX)3gr|6~u6d."><field name="varName">Εκπαίδευση</field></block></value><value name="B"><block type="math_number" id="k~u3GMz@#~RO|.Fzj3DX"><field name="NUM">80</field></block></value></block></value><statement name="DO0"><block type="sound" id="fnI|G9U/{ra9D!,r{+wO"><field name="NAME">cheering</field><next><block type="popup" id="]c7Ndj2VI.F@TTl#Z5,R"><field name="popuptext">Τα επίπεδα της εκπαίδευσης σας είναι υψηλά! Συνεχίστε έτσι!</field></block></next></block></statement><next><block type="controls_if" id="t;gv7h/J8Ha9a;c`?l[e"><value name="IF0"><block type="logic_compare" id="Nk]|1PBLE{.;nsO,hDK_"><field name="OP">GTE</field><value name="A"><block type="singleVar" id="h3bA_BwRv^naZPbW3IVs"><field name="varName">Κοινωνικοποίηση</field></block></value><value name="B"><block type="math_number" id="QP8g`Djx}a_U6+ZiIUDv"><field name="NUM">80</field></block></value></block></value><statement name="DO0"><block type="sound" id="J7uydKrnjC82.c(W(nLm"><field name="NAME">cheering</field><next><block type="popup" id="W(p9kF5UDrMA[_g[LH;e"><field name="popuptext">Τα επίπεδα της Κοινωνικοποίησης σας είναι υψηλά! Συνεχίστε έτσι!</field></block></next></block></statement></block></next></block></next></block></next></block></next></block></next></block></next></block></xml>