<xml xmlns="http://www.w3.org/1999/xhtml"><block type="controls_if" id="oUgd{3K~U[F@#aF]}ygA" x="33" y="23"><value name="IF0"><block type="logic_compare" id="~a@gT-aydG21O-1G.sjK"><field name="OP">GTE</field><value name="A"><block type="singleVar" id="RTuC:_mI#d@k69q|ly)+"><field name="varName">Άγχος</field></block></value><value name="B"><block type="math_number" id="qIM#58w_X12vI;dXPueD"><field name="NUM">100</field></block></value></block></value><statement name="DO0"><block type="popup" id="[XMzb=tiZEwjnqR(]mUV"><field name="popuptext">Τέλος Παιχνιδιού! Προσοχή στα επίπεδα άγχους!</field><next><block type="sound" id="z;:QQRLc`/8uR=B2QY)p"><field name="NAME">fail</field><next><block type="gameover" id="MLR/6i}9oB6st5-+BGN}"></block></next></block></next></block></statement><next><block type="controls_if" id="x-zVBO%@Z]+QF{pOT~pv"><value name="IF0"><block type="logic_operation" id="GpA=8f=h3V)]_S=E_71E"><field name="OP">AND</field><value name="A"><block type="logic_compare" id="?ugN79T:G#GR]K/rGy|k"><field name="OP">GTE</field><value name="A"><block type="singleVar" id=";`[r:kxq]^Rsv{Vl.Ppm"><field name="varName">Εκπαίδευση</field></block></value><value name="B"><block type="math_number" id="jRQVnkz^o[L*d0K~GUkq"><field name="NUM">100</field></block></value></block></value><value name="B"><block type="logic_compare" id="Y)at5fh47}xzXz`LTYf]"><field name="OP">GTE</field><value name="A"><block type="singleVar" id="^34k*hY?=7r^g`gjs@k-"><field name="varName">Κοινωνικοποίηση</field></block></value><value name="B"><block type="math_number" id="{ZouC=S7/1(=O;/6sfH."><field name="NUM">100</field></block></value></block></value></block></value><statement name="DO0"><block type="popup" id="B~2:RP#;iWyRx`!zt*pS"><field name="popuptext">Συγχαρητήρια κερδίσατε το Παιχνίδι!</field><next><block type="sound" id="A4{(.GQMs#Y~n)~)`P@L"><field name="NAME">applause</field><next><block type="gameover" id="WQa*HMHT;iK1nCSQmvRP"></block></next></block></next></block></statement></block></next></block></xml>