<xml xmlns="http://www.w3.org/1999/xhtml"><block type="initialvalues" id="7%pi|u/wU`(M`t7@0~7Z" x="24" y="10"><statement name="Initial Values"><block type="initialValue" id="id1"><field name="varName">Χρόνος</field><value name="varVal"><block type="math_number" id="var1"><field name="NUM">12</field></block></value><next><block type="initialValue" id="id2"><field name="varName">Χρήματα</field><value name="varVal"><block type="math_number" id="var2"><field name="NUM">5</field></block></value><next><block type="initialValue" id="@lkQA*+Jl+0qJB[i:u-_"><field name="varName">Άγχος</field><value name="varVal"><block type="math_number" id="+sOQ:z:3+PoI);1~r~I/"><field name="NUM">30</field></block></value><next><block type="initialValue" id=";wZ[F=Fh3)z`VxzSz-#W"><field name="varName">Εκπαίδευση</field><value name="varVal"><block type="math_number" id="3f(vWho(~7_9+_/:ngGu"><field name="NUM">0</field></block></value><next><block type="initialValue" id="=*Q79/SMt72+FB6%Vg{b"><field name="varName">Κοινωνικοποίηση</field><value name="varVal"><block type="math_number" id="AHn5=C@Urn`4ENlW|t#n"><field name="NUM">0</field></block></value><next><block type="video" id="`~UNGXi?y:IVfj9nmo6F"><field name="url">https://youtu.be/CYkRp0QOLvs</field><next><block type="sound" id="wJig^yCG}Z|H+?UjR+Y}"><field name="NAME">intro</field></block></next></block></next></block></next></block></next></block></next></block></next></block></statement></block></xml>