[{"id":32,"description":"Survey","values":{"Description":"","Development_Cost__for_teacher":"0","TimeConsumption_activity_for_student":"-1","Cognitive_domain_gains_":"0","Social_skills_":"0","Soft_skills":"1","Engagement":"2"},"imguri":"","layers":"Main","isDummy":false,"latlng":{"lat":251.16947840838026,"lng":127.76708098934695}},{"id":35,"description":"File – photos/images","values":{"Description":"","Development_Cost__for_teacher":"-2","TimeConsumption_activity_for_student":"-1","Cognitive_domain_gains_":"2","Social_skills_":"0","Soft_skills":"1","Engagement":"3"},"imguri":"","layers":"Main","isDummy":false,"latlng":{"lat":330.2057206822807,"lng":774.0211214489732}},{"id":38,"description":"Forum","values":{"Description":"","Development_Cost__for_teacher":"-1","TimeConsumption_activity_for_student":"-5","Cognitive_domain_gains_":"3","Social_skills_":"5","Soft_skills":"3","Engagement":"5"},"imguri":"","layers":"Main","isDummy":false,"latlng":{"lat":251.34803293244565,"lng":270.3943904419743}},{"id":41,"description":"Quiz","values":{"Description":"","Development_Cost__for_teacher":"-4","TimeConsumption_activity_for_student":"-3","Cognitive_domain_gains_":"1","Social_skills_":"0","Soft_skills":"1","Engagement":"1"},"imguri":"","layers":"Main","isDummy":false,"latlng":{"lat":320.55042651179343,"lng":345.9009996080068}},{"id":44,"description":"Chat","values":{"Description":"","Development_Cost__for_teacher":"0","TimeConsumption_activity_for_student":"-5","Cognitive_domain_gains_":"1","Social_skills_":"5","Soft_skills":"1","Engagement":"5"},"imguri":"","layers":"Main","isDummy":false,"latlng":{"lat":267.6599065094441,"lng":452.8111278025834}},{"id":47,"description":"Database","values":{"Description":"","Development_Cost__for_teacher":"-5","TimeConsumption_activity_for_student":"-5","Cognitive_domain_gains_":"3","Social_skills_":"3","Soft_skills":"0","Engagement":"2"},"imguri":"","layers":"Main","isDummy":false,"latlng":{"lat":319.74609678656446,"lng":553.7289620483454}},{"id":50,"description":"URL","values":{"Description":"","Development_Cost__for_teacher":"-3","TimeConsumption_activity_for_student":"-3","Cognitive_domain_gains_":"4","Social_skills_":"2","Soft_skills":"1","Engagement":"5"},"imguri":"","layers":"Main","isDummy":false,"latlng":{"lat":253.9629389063747,"lng":713.85716914331}},{"id":53,"description":"Choice","values":{"Description":"","Development_Cost__for_teacher":"0","TimeConsumption_activity_for_student":"-5","Cognitive_domain_gains_":"1","Social_skills_":"5","Soft_skills":"1","Engagement":"5"},"imguri":"","layers":"Main","isDummy":false,"latlng":{"lat":242.72902249508536,"lng":803.7435921858406}},{"id":56,"description":"File - video","values":{"Description":"","Development_Cost__for_teacher":"-2","TimeConsumption_activity_for_student":"-3","Cognitive_domain_gains_":"3","Social_skills_":"0","Soft_skills":"2","Engagement":"3"},"imguri":"","layers":"Main","isDummy":false,"latlng":{"lat":86.62230644587325,"lng":824.3583238769129}},{"id":59,"description":"File – doc/pdf","values":{"Description":"","Development_Cost__for_teacher":"-2","TimeConsumption_activity_for_student":"-4","Cognitive_domain_gains_":"4","Social_skills_":"0","Soft_skills":"1","Engagement":"4"},"imguri":"","layers":"Main","isDummy":false,"latlng":{"lat":150.4964327790465,"lng":887.8875948624201}},{"id":62,"description":"File – wav/audio","values":{"Description":"","Development_Cost__for_teacher":"-2","TimeConsumption_activity_for_student":"-1","Cognitive_domain_gains_":"2","Social_skills_":"0","Soft_skills":"1","Engagement":"3"},"imguri":"","layers":"Main","isDummy":false,"latlng":{"lat":94.91758251249823,"lng":674.3027126219216}},{"id":65,"description":"Workshop","values":{"Description":"","Development_Cost__for_teacher":"-5","TimeConsumption_activity_for_student":"-5","Cognitive_domain_gains_":"5","Social_skills_":"5","Soft_skills":"4","Engagement":"3"},"imguri":"","layers":"Main","isDummy":false,"latlng":{"lat":332.2115387937438,"lng":134.23737295257595}},{"id":68,"description":"SCORM package","values":{"Description":"","Development_Cost__for_teacher":"-1","TimeConsumption_activity_for_student":"-5","Cognitive_domain_gains_":"4","Social_skills_":"0","Soft_skills":"1","Engagement":"5"},"imguri":"","layers":"Main","isDummy":false,"latlng":{"lat":31.173617421167027,"lng":631.1552157512}},{"id":71,"description":"Wiki","values":{"Description":"","Development_Cost__for_teacher":"-5","TimeConsumption_activity_for_student":"-5","Cognitive_domain_gains_":"4","Social_skills_":"5","Soft_skills":"5","Engagement":"5"},"imguri":"","layers":"Main","isDummy":false,"latlng":{"lat":99.54164406562997,"lng":82.9389385890101}},{"id":74,"description":"External tool","values":{"Description":"","Development_Cost__for_teacher":"-3","TimeConsumption_activity_for_student":"-5","Cognitive_domain_gains_":"4","Social_skills_":"0","Soft_skills":"3","Engagement":"2"},"imguri":"","layers":"Main","isDummy":false,"latlng":{"lat":92.30267653856917,"lng":448.01705098629463}},{"id":77,"description":"Lesson","values":{"Description":"","Development_Cost__for_teacher":"-5","TimeConsumption_activity_for_student":"-5","Cognitive_domain_gains_":"5","Social_skills_":"1","Soft_skills":"1","Engagement":"5"},"imguri":"","layers":"Main","isDummy":false,"latlng":{"lat":54.89967558155204,"lng":345.4213905453472}},{"id":80,"description":"Assignment","values":{"Description":"","Development_Cost__for_teacher":"-5","TimeConsumption_activity_for_student":"-5","Cognitive_domain_gains_":"2","Social_skills_":"3","Soft_skills":"3","Engagement":"-5"},"imguri":"","layers":"Main","isDummy":false,"latlng":{"lat":92.30267653856916,"lng":237.79225151884256}},{"id":83,"description":"Glossary","values":{"Description":"","Development_Cost__for_teacher":"-3","TimeConsumption_activity_for_student":"-5","Cognitive_domain_gains_":"4","Social_skills_":"2","Soft_skills":"3","Engagement":"2"},"imguri":"","layers":"Main","isDummy":false,"latlng":{"lat":185.41302027010684,"lng":168.7555315539777}}]