<xml xmlns="http://www.w3.org/1999/xhtml"><block type="initialvalues" id="7%pi|u/wU`(M`t7@0~7Z" x="165" y="86"><statement name="Initial Values"><block type="initialValue" id="VFg5jjz*e#Fdk;BIqzRO"><field name="varName">Description</field><value name="varVal"><block type="math_number" id="z2*OFlA[)G?%S5sjZ)Xo"><field name="NUM">0</field></block></value><next><block type="initialValue" id="id1"><field name="varName">Development_Cost__for_teacher</field><value name="varVal"><block type="math_number" id="var1"><field name="NUM">100</field></block></value><next><block type="initialValue" id="id2"><field name="varName">TimeConsumption_activity_for_student</field><value name="varVal"><block type="math_number" id="var2"><field name="NUM">100</field></block></value><next><block type="initialValue" id="aFwHv}JEWRaV1xd7tvAa"><field name="varName">Cognitive_domain_gains_</field><value name="varVal"><block type="math_number" id="?=jcK/u+{:nV~Tk:!UR("><field name="NUM">0</field></block></value><next><block type="initialValue" id="p{hr{B%iVo_URC+DWpJi"><field name="varName">Social_skills_</field><value name="varVal"><block type="math_number" id="SuVqk1|r[*P2,b-,=bA?"><field name="NUM">0</field></block></value><next><block type="initialValue" id="-01:MaF+mO+-.sVuwQ+E"><field name="varName">Soft_skills</field><value name="varVal"><block type="math_number" id="O`RNTDi1as+W?v;U~Lx-"><field name="NUM">0</field></block></value><next><block type="initialValue" id="5Aqbcvd0Z4F3+Fp*tzy:"><field name="varName">Engagement</field><value name="varVal"><block type="math_number" id="F,TGEl)Cf|QV0Xw?,)F4"><field name="NUM">0</field></block></value></block></next></block></next></block></next></block></next></block></next></block></next></block></statement></block></xml>