<xml xmlns="http://www.w3.org/1999/xhtml"><block type="controls_if" id="6Qm(0MQ7=h[j2Eeu|iHn" x="-78" y="16"><value name="IF0"><block type="logic_operation" id="CBWYxpzi;a@[)VcPiQqX"><field name="OP">AND</field><value name="A"><block type="logic_compare" id="^toZ{GIwgy~W^Z:xH3p("><field name="OP">GT</field><value name="A"><block type="movescounter" id="|;P(RD7z{R2VcX(}D/Z^"></block></value><value name="B"><block type="math_number" id="Sdm3)P8#sY@|%Aa?ygS%"><field name="NUM">10</field></block></value></block></value><value name="B"><block type="logic_compare" id="./#Lrj|`}{|dA?C2|c?9"><field name="OP">LT</field><value name="A"><block type="singleVar" id="^Eog=niV;m`KjsREvR(]"><field name="varName">Cognitive_domain_gains_</field></block></value><value name="B"><block type="math_number" id="_xT=6]4l:Hx|?vmOnC/w"><field name="NUM">15</field></block></value></block></value></block></value><statement name="DO0"><block type="popup" id="|!L2d}4FBWGscexUK!E#"><field name="popuptext">Your lesson does not meet the learning objectives described by the curriculum.</field><next><block type="gameover" id="P7shH*C?wsz%q?cO`G}z"></block></next></block></statement><next><block type="controls_if" id="Q@2MUVzp+)IU8]U-v|IA"><value name="IF0"><block type="logic_operation" id="a}YqXb+LChLnBQSaLm;="><field name="OP">AND</field><value name="A"><block type="logic_compare" id="V[L:#Tgz}hF;n@O|8x6y"><field name="OP">GT</field><value name="A"><block type="movescounter" id="Av0M.VLa]Vws[gRFw~{p"></block></value><value name="B"><block type="math_number" id="yKM8vS@8cNMb/-/f61JH"><field name="NUM">10</field></block></value></block></value><value name="B"><block type="logic_compare" id="4o0hetXO{,u*lLSIO=Z!"><field name="OP">GT</field><value name="A"><block type="singleVar" id="8E^B+1_Ot);Pl0fS%XM_"><field name="varName">Development_Cost__for_teacher</field></block></value><value name="B"><block type="math_number" id="nukT(ia`L(9usPu42uw2"><field name="NUM">20</field></block></value></block></value></block></value><statement name="DO0"><block type="popup" id="##aF9G^S;b=w/IwmOWX5"><field name="popuptext">The preparation of the class takes too much time, you are exhausted...</field><next><block type="gameover" id=".+:h*@HPgx0zTIgzZfC;"></block></next></block></statement><next><block type="controls_if" id="Gw=cY*#Uwj_8j=)}bu|q"><value name="IF0"><block type="logic_operation" id="=ceykl,-4c5;2%jGF=P2"><field name="OP">AND</field><value name="A"><block type="logic_compare" id="Wrs%52b:EzYlH;NH(~MO"><field name="OP">GT</field><value name="A"><block type="movescounter" id=";uIPQ#Nz%NqC;HN=o2TE"></block></value><value name="B"><block type="math_number" id="~1R]gnwfgc}EDqh-S~e1"><field name="NUM">10</field></block></value></block></value><value name="B"><block type="logic_compare" id="Zzq]wy*VaVxNA6sM9B1x"><field name="OP">LT</field><value name="A"><block type="singleVar" id="GoY?B8ZSJ,S31e,)Kyy("><field name="varName">Engagement</field></block></value><value name="B"><block type="math_number" id="p~:]PRL}BQS?rj16]+PQ"><field name="NUM">20</field></block></value></block></value></block></value><statement name="DO0"><block type="popup" id="syD-sL,l4^{5.8N|q`Rq"><field name="popuptext">Your students were bored. Your class was not engaging enough.</field><next><block type="gameover" id="PG0Sj^~%{bbphP/~397h"></block></next></block></statement></block></next></block></next></block></xml>