<xml xmlns="http://www.w3.org/1999/xhtml"><block type="controls_if" id="oUgd{3K~U[F@#aF]}ygA" x="21" y="31"><value name="IF0"><block type="logic_operation" id="Stxj@M0r_L|g`%T]2v4v"><field name="OP">AND</field><value name="A"><block type="logic_compare" id="^sC-`^1ZTb~8TnjvTyrD"><field name="OP">GT</field><value name="A"><block type="movescounter" id="!kQVseFJ9!KUed[:SDe~"></block></value><value name="B"><block type="math_number" id="E4b1A))HH]wX91MUI_5B"><field name="NUM">8</field></block></value></block></value><value name="B"><block type="logic_compare" id="~a@gT-aydG21O-1G.sjK"><field name="OP">LT</field><value name="A"><block type="singleVar" id="RTuC:_mI#d@k69q|ly)+"><field name="varName">Cognitive_domain_gains_</field></block></value><value name="B"><block type="math_number" id="qIM#58w_X12vI;dXPueD"><field name="NUM">20</field></block></value></block></value></block></value><statement name="DO0"><block type="popup" id="[Q+z*@b?dHC7[R=3+,rX"><field name="popuptext">The resources provided to your students do not have important learning outcomes</field></block></statement><next><block type="controls_if" id="g#O%_/Hr+:~(RgLufg+x"><value name="IF0"><block type="logic_compare" id="BL]?}AJ3(a~n5go3Kw:Y"><field name="OP">LT</field><value name="A"><block type="singleVar" id="%,6~8D)AN,)0VjVEf|p|"><field name="varName">TimeConsumption_activity_for_student</field></block></value><value name="B"><block type="math_number" id="elp#[0^}.}E[JVB-:n9d"><field name="NUM">20</field></block></value></block></value><statement name="DO0"><block type="popup" id="4+9!5myOTxS]njFjY^|G"><field name="popuptext">Your students do not have much time left, choose less consuming time activities</field></block></statement><next><block type="controls_if" id="ZRbVI{Mj#|fFCqn+8tM7"><value name="IF0"><block type="logic_operation" id="5UWc6LP?cMJ|4Vo]9l-x"><field name="OP">AND</field><value name="A"><block type="logic_compare" id="M{+5WoS_yQ7q?KE,uVYq"><field name="OP">GT</field><value name="A"><block type="movescounter" id="=N58pcuTXL{Cw-ZzbQ-O"></block></value><value name="B"><block type="math_number" id="CSa[6B9m+Br|#XmH_voY"><field name="NUM">8</field></block></value></block></value><value name="B"><block type="logic_compare" id="Ii@*zSTM)IfP`hs5_Q0N"><field name="OP">LT</field><value name="A"><block type="singleVar" id="dK}abj2x^w2rA|1D;HKZ"><field name="varName">Social_skills_</field></block></value><value name="B"><block type="math_number" id="n@,AF`)!P!Nt}iBis)H?"><field name="NUM">15</field></block></value></block></value></block></value><statement name="DO0"><block type="popup" id="XW?P6CRz,6dqN0%!}UC{"><field name="popuptext">Engage your students with more activities that help them develop their social skills.</field></block></statement><next><block type="controls_if" id=":Am={siIy@MB6.!9k:[K"><value name="IF0"><block type="logic_operation" id="p#2lOfZxdNiGx%0k9J*8"><field name="OP">AND</field><value name="A"><block type="logic_compare" id="=t~dNluQWr-Cq+u#L]P("><field name="OP">GT</field><value name="A"><block type="movescounter" id="7.G+[q|PeV9R45q2%H@*"></block></value><value name="B"><block type="math_number" id="pZvAn`(,DlxUE/%io8GW"><field name="NUM">8</field></block></value></block></value><value name="B"><block type="logic_compare" id="n/#9K449PEWqT;2@twJj"><field name="OP">LT</field><value name="A"><block type="singleVar" id="~09=U5^|fU:OCY,|DOkI"><field name="varName">Soft_skills</field></block></value><value name="B"><block type="math_number" id="{h_~nJT=edf{;V#p@,P!"><field name="NUM">20</field></block></value></block></value></block></value><statement name="DO0"><block type="popup" id="JI*B:vD0^7nJW7%+w^CR"><field name="popuptext">Critical thinking, decision making, creativity are some of the soft skills that your students need to develop during this class. Think about how you can trigger them to use these skills..</field></block></statement><next><block type="controls_if" id="vic`[^[YgA!GiVBo{|oP"><value name="IF0"><block type="logic_operation" id="tC46`r]JwK9-9#P4cfli"><field name="OP">AND</field><value name="A"><block type="logic_compare" id="*i9NvNw@}NL:i9x:=Ad}"><field name="OP">GT</field><value name="A"><block type="movescounter" id="2aorM[0abt^WSW#9E2Su"></block></value><value name="B"><block type="math_number" id="*YFzI~eCi-dDQjMs`]z4"><field name="NUM">5</field></block></value></block></value><value name="B"><block type="logic_compare" id="z_lF/}dh*ROh4]3kO0g["><field name="OP">LT</field><value name="A"><block type="singleVar" id="c_fp%[22ogF|^v1IMpl("><field name="varName">Engagement</field></block></value><value name="B"><block type="math_number" id="JeKETs!mqO`5K4psIlg@"><field name="NUM">25</field></block></value></block></value></block></value><statement name="DO0"><block type="popup" id="Qd51{HHi{6yP_G{KhA1G"><field name="popuptext">Your students are bored, try to engage them in more interesting ways.</field></block></statement></block></next></block></next></block></next></block></next></block><block type="controls_if" id="]kZr)-,IyL@KY,cYl!.u" x="813" y="40"><value name="IF0"><block type="logic_compare" id="k-1sk^66e7~t+K4|Fenc"><field name="OP">GT</field><value name="A"><block type="singleVar" id="1_R-qi[u_CaJokNW^:[j"><field name="varName">Cognitive_domain_gains_</field></block></value><value name="B"><block type="math_number" id="|2`%Bk|Vv0K.*SBVEMOP"><field name="NUM">30</field></block></value></block></value><statement name="DO0"><block type="popup" id="e1gy1}=dhu0Mc?cK5~5_"><field name="popuptext">Important part of the learning outcomes expected has been achieved! Well-done!</field></block></statement><next><block type="controls_if" id="UuGtk;zbMW(o8[v{I,!."><value name="IF0"><block type="logic_compare" id="6==}x.,BSvGDs@eOZW;g"><field name="OP">LT</field><value name="A"><block type="singleVar" id="F}^Dm#fxq#}%]@mq9F2("><field name="varName">Development_Cost__for_teacher</field></block></value><value name="B"><block type="math_number" id="|?c~C)##r-W;};#n*yo{"><field name="NUM">10</field></block></value></block></value><statement name="DO0"><block type="popup" id="qf@Jn/b^8Mpq+u,lF#GB"><field name="popuptext">It takes you a lot of time to prepare your material. Try choosing activities that require less time to develop.</field></block></statement><next><block type="controls_if" id="DKh+QNFb^~eM?prbS;(3"><value name="IF0"><block type="logic_compare" id="t_Co{7|.We),Es503kM/"><field name="OP">GT</field><value name="A"><block type="singleVar" id="W=LxPK*=[@3,z)}7UE`W"><field name="varName">Social_skills_</field></block></value><value name="B"><block type="math_number" id="}z:-L!LK`M7`QhENc,#C"><field name="NUM">20</field></block></value></block></value><statement name="DO0"><block type="popup" id="47uJ0j}L=`=m,7}C%XTD"><field name="popuptext">Your students have the chance to communicate and colllaborate. Seems that learning outcomes that relate to social skills are well achieved.</field></block></statement><next><block type="controls_if" id="H80MQub@Z:SLS)Oh|y*?"><value name="IF0"><block type="logic_compare" id="K)LBvZ9/rz?tVd;U(Rk7"><field name="OP">GT</field><value name="A"><block type="singleVar" id=",):0q+.q9Pnv0P(Txjy["><field name="varName">Soft_skills</field></block></value><value name="B"><block type="math_number" id="isQ=m2EGBPE7uh7MdJve"><field name="NUM">15</field></block></value></block></value><statement name="DO0"><block type="popup" id="OP4VyF^P@|4xd7mvSS(."><field name="popuptext">Soft skills are very important skills of the 21st century. Seems that you know this well, your students have enough chances to develop critical thinking and metacognition skills through the activities you choose.</field></block></statement><next><block type="controls_if" id="4zrOV.uo|;#5H=QHi84e"><value name="IF0"><block type="logic_compare" id="G`Msk9+1Iqcv)MO1Uqo:"><field name="OP">GT</field><value name="A"><block type="singleVar" id="_++qk)Cw8Yfzl[FSltcc"><field name="varName">Engagement</field></block></value><value name="B"><block type="math_number" id="f:D0xAj;c5HK+PLagcMh"><field name="NUM">30</field></block></value></block></value><statement name="DO0"><block type="popup" id="BV=SUV1S,1gk}aWRRi{1"><field name="popuptext">Nobody wants to miss the class. You have achieved to engage your students very well.</field></block></statement></block></next></block></next></block></next></block></next></block></xml>