[{"name":"Description","type":"string","visibility":"visible"},{"name":"Environmental_Impact","type":"formula","visibility":"visible"},{"name":"Financial_Results","type":"formula","visibility":"visible"},{"name":"Marketing","type":"formula","step":".1","visibility":"visible"},{"name":"Operation_Time","type":"formula","step":".1","visibility":"visible"},{"name":"Innovation","type":"formula","step":".1","visibility":"visible"},{"name":"Quality","type":"formula","step":".1","visibility":"visible"}]