[{"id":38,"description":"Travel/Tourism","values":{"Environmental_Impact":{"type":"mul","num":"1.2"},"Financial_Results":{"type":"mul","num":"1"},"Marketing":{"type":"mul","num":"1.2"},"Operation_Time":{"type":"mul","num":"0.8"},"Innovation":{"type":"mul","num":"1"},"Quality":{"type":"mul","num":"1"}},"imguri":"","layers":"Main","isDummy":false,"latlng":{"lat":303.312,"lng":209.96722461648073}},{"id":41,"description":"Health Industry","values":{"Environmental_Impact":{"type":"mul","num":"0.8"},"Financial_Results":{"type":"mul","num":"1"},"Marketing":{"type":"mul","num":"1"},"Operation_Time":{"type":"mul","num":"1.2"},"Innovation":{"type":"mul","num":"0.8"},"Quality":{"type":"mul","num":"1.2"}},"imguri":"","layers":"Main","isDummy":false,"latlng":{"lat":299.04,"lng":634.7896982630305}},{"id":44,"description":"Product Design","values":{"Environmental_Impact":{"type":"plus","num":"1"},"Financial_Results":{"type":"mul","num":"1"},"Marketing":{"type":"mul","num":"1.1"},"Operation_Time":{"type":"mul","num":"0.8"},"Innovation":{"type":"mul","num":"1.2"},"Quality":{"type":"mul","num":"1.1"}},"imguri":"","layers":"Main","isDummy":false,"latlng":{"lat":103.74857142857144,"lng":204.27902042512628}},{"id":47,"description":"Electronics","values":{"Environmental_Impact":{"type":"plus","num":"0.8"},"Financial_Results":{"type":"mul","num":"1"},"Marketing":{"type":"mul","num":"1"},"Operation_Time":{"type":"plus","num":"1"},"Innovation":{"type":"mul","num":"1.2"},"Quality":{"type":"mul","num":"1.2"}},"imguri":"","layers":"Main","isDummy":false,"latlng":{"lat":104.35885714285713,"lng":620.2907249309495}},{"id":50,"description":"Recycled Products","values":{"Environmental_Impact":{"type":"plus","num":"5"},"Financial_Results":{"type":"minus","num":"2"},"Marketing":{"type":"mul","num":"3"},"Operation_Time":{"type":"minus","num":"2"},"Innovation":{"type":"plus","num":"4"},"Quality":{"type":"plus","num":"1"}},"imguri":"","layers":"Choices","isDummy":false,"latlng":{"lat":333.82628571428575,"lng":102.94545782458383}},{"id":51,"description":"Traditional products","values":{"Environmental_Impact":{"type":"plus","num":"-2"},"Financial_Results":{"type":"plus","num":"2"},"Marketing":{"type":"minus","num":"1"},"Operation_Time":{"type":"plus","num":"4"},"Innovation":{"type":"minus","num":"2"},"Quality":{"type":"plus","num":"3"}},"imguri":"","layers":"Choices","isDummy":false,"latlng":{"lat":328.45714285714286,"lng":380.46818643625375}},{"id":52,"description":"Organic Products","values":{"Environmental_Impact":{"type":"plus","num":"4"},"Financial_Results":{"type":"minus","num":"2"},"Marketing":{"type":"plus","num":"4"},"Operation_Time":{"type":"minus","num":"1"},"Innovation":{"type":"plus","num":"3"},"Quality":{"type":"plus","num":"4"}},"imguri":"","layers":"Choices","isDummy":false,"latlng":{"lat":329.14285714285717,"lng":699.0983509846025}},{"id":53,"description":"Bank","values":{"Environmental_Impact":{"type":"plus","num":"1"},"Financial_Results":{"type":"minus","num":"1"},"Marketing":{"type":"minus","num":"1"},"Operation_Time":{"type":"plus","num":"2"},"Innovation":{"type":"minus","num":"3"},"Quality":{"type":"plus","num":"1"}},"imguri":"","layers":"Choices","isDummy":false,"latlng":{"lat":178.97142857142856,"lng":110.58482112258432}},{"id":54,"description":"Crowdfunding","values":{"Environmental_Impact":{"type":"plus","num":"2"},"Financial_Results":{"type":"plus","num":"3"},"Marketing":{"type":"plus","num":"3"},"Operation_Time":{"type":"minus","num":"3"},"Innovation":{"type":"plus","num":"4"},"Quality":{"type":"minus","num":"1"}},"imguri":"","layers":"Choices","isDummy":false,"latlng":{"lat":178.28571428571425,"lng":395.4678438410398}},{"id":55,"description":"EU/State funding","values":{"Environmental_Impact":{"type":"plus","num":"1"},"Financial_Results":{"type":"plus","num":"3"},"Marketing":{"type":"minus","num":"2"},"Operation_Time":{"type":"minus","num":"1"},"Innovation":{"type":"minus","num":"1"},"Quality":{"type":"plus","num":"1"}},"imguri":"","layers":"Choices","isDummy":false,"latlng":{"lat":180.34285714285716,"lng":691.6026969439602}},{"id":56,"description":"Rural area","values":{"Environmental_Impact":{"type":"plus","num":"2"},"Financial_Results":{"type":"plus","num":"-2"},"Marketing":{"type":"minus","num":"3"},"Operation_Time":{"type":"plus","num":"1"},"Innovation":{"type":"plus","num":"1"},"Quality":{"type":"plus","num":"1"}},"imguri":"","layers":"Choices","isDummy":false,"latlng":{"lat":58.971428571428575,"lng":118.07694275712987}},{"id":57,"description":"Urban area","values":{"Environmental_Impact":{"type":"minus","num":"1"},"Financial_Results":{"type":"plus","num":"3"},"Marketing":{"type":"plus","num":"2"},"Operation_Time":{"type":"plus","num":"2"},"Innovation":{"type":"minus","num":"1"},"Quality":{"type":"plus","num":"1"}},"imguri":"","layers":"Choices","isDummy":false,"latlng":{"lat":54.857142857142854,"lng":406.7138939246192}},{"id":58,"description":"Online","values":{"Environmental_Impact":{"type":"plus","num":"4"},"Financial_Results":{"type":"plus","num":"4"},"Marketing":{"type":"plus","num":"2"},"Operation_Time":{"type":"minus","num":"1"},"Innovation":{"type":"plus","num":"3"},"Quality":{"type":"minus","num":"1"}},"imguri":"","layers":"Choices","isDummy":false,"latlng":{"lat":59.65714285714286,"lng":715.9695134408469}},{"id":59,"description":"QUALITY EXPERT","values":{"Environmental_Impact":{"type":"plus","num":"0"},"Financial_Results":{"type":"minus","num":"5"},"Marketing":{"type":"plus","num":"0"},"Operation_Time":{"type":"plus","num":"0"},"Innovation":{"type":"plus","num":"0"},"Quality":{"type":"plus","num":"5"}},"imguri":"","layers":"CARDS","isDummy":false,"latlng":{"lat":334.62857142857143,"lng":192.07589394558983}},{"id":60,"description":"BEAURECRACY FREE PASS","values":{"Environmental_Impact":{"type":"plus","num":"0"},"Financial_Results":{"type":"plus","num":"5"},"Marketing":{"type":"plus","num":"0"},"Operation_Time":{"type":"plus","num":"5"},"Innovation":{"type":"plus","num":"0"},"Quality":{"type":"plus","num":"0"}},"imguri":"","layers":"CARDS","isDummy":false,"latlng":{"lat":113.14285714285714,"lng":657.9101468446529}},{"id":61,"description":"RENEWABLE ENERGY CARD","values":{"Environmental_Impact":{"type":"plus","num":"5"},"Financial_Results":{"type":"plus","num":"5"},"Marketing":{"type":"plus","num":"0"},"Operation_Time":{"type":"minus","num":"5"},"Innovation":{"type":"plus","num":"0"},"Quality":{"type":"plus","num":"0"}},"imguri":"","layers":"CARDS","isDummy":false,"latlng":{"lat":331.88571428571424,"lng":673.7180690278585}},{"id":62,"description":"BRAINSTORMING","values":{"Environmental_Impact":{"type":"plus","num":"0"},"Financial_Results":{"type":"plus","num":"0"},"Marketing":{"type":"plus","num":"0"},"Operation_Time":{"type":"plus","num":"0"},"Innovation":{"type":"plus","num":"5"},"Quality":{"type":"plus","num":"0"}},"imguri":"","layers":"CARDS","isDummy":false,"latlng":{"lat":98.05714285714286,"lng":191.12408502851184}}]