<xml xmlns="http://www.w3.org/1999/xhtml"><block type="controls_if" id="~|my^Qz;8/K[kLlY;/Z0" x="-176" y="-5"><value name="IF0"><block type="logic_operation" id="c]hjd%}QLxJ}Z*1WR[W="><field name="OP">AND</field><value name="A"><block type="logic_operation" id="a?p{vPAuB]iEqy3`HjE?"><field name="OP">OR</field><value name="A"><block type="logic_operation" id="JjKg7oD|JA|[fMmm%%e~"><field name="OP">OR</field><value name="A"><block type="logic_operation" id="JmDE40;q8txE6CK`:v94"><field name="OP">OR</field><value name="A"><block type="logic_compare" id="#SmYQF:rE?c[pufQZOTD"><field name="OP">LT</field><value name="A"><block type="singleVar" id="pWF3?ybQ{S8;j5V^KBhq"><field name="varName">Environmental_Impact</field></block></value><value name="B"><block type="math_number" id="];.xve@I-0vxF-=04QK{"><field name="NUM">0</field></block></value></block></value><value name="B"><block type="logic_compare" id="GaAHj[hxh]of[;cUr[U)"><field name="OP">LT</field><value name="A"><block type="singleVar" id="oycv^(p)LMNMG39a9+`I"><field name="varName">Financial_Results</field></block></value><value name="B"><block type="math_number" id="Q!:f#]24QCEJ#sHJxn1|"><field name="NUM">0</field></block></value></block></value></block></value><value name="B"><block type="logic_operation" id="|laC}31!wtJ21UFVE9sa"><field name="OP">OR</field><value name="A"><block type="logic_compare" id="/T8vw{;~l2l%At~}jzFe"><field name="OP">LT</field><value name="A"><block type="singleVar" id="l)b?]jsIVr@P5wIuHs%N"><field name="varName">Marketing</field></block></value><value name="B"><block type="math_number" id="XTVupK*(8JKXB;;KBcaQ"><field name="NUM">0</field></block></value></block></value><value name="B"><block type="logic_compare" id="8curMxUh+Yv9+|A_[=iO"><field name="OP">LT</field><value name="A"><block type="singleVar" id="d(wZ#/q9Sxo:r~5f1-ac"><field name="varName">Operation_Time</field></block></value><value name="B"><block type="math_number" id="mzwW3~u?u3*GT?_ra.DG"><field name="NUM">0</field></block></value></block></value></block></value></block></value><value name="B"><block type="logic_operation" id="tq7bia#RgT-Uox`AwnER"><field name="OP">OR</field><value name="A"><block type="logic_compare" id="W75l-3Mu|ssZVm]y~(yw"><field name="OP">LT</field><value name="A"><block type="singleVar" id="BCB`9KZ*6Hu3nkWWN?|w"><field name="varName">Innovation</field></block></value><value name="B"><block type="math_number" id="S~wtbQFltIMiV_.I]_hK"><field name="NUM">0</field></block></value></block></value><value name="B"><block type="logic_compare" id="3MIU/lCtHnD5!1ji-IVR"><field name="OP">LT</field><value name="A"><block type="singleVar" id="/c6q|0Q;HOG0Z9wpMzV!"><field name="varName">Quality</field></block></value><value name="B"><block type="math_number" id="_]9w|aU_j~T7OxKjM}Mk"><field name="NUM">0</field></block></value></block></value></block></value></block></value><value name="B"><block type="logic_compare" id="T:Dz/bQ_8XUNQvr!H7,["><field name="OP">EQ</field><value name="A"><block type="movescounter" id="Tgmn{UabD5K)o+W?TOZ:"></block></value><value name="B"><block type="math_number" id="BsBg+#EJPviLVN6;zCYc"><field name="NUM">20</field></block></value></block></value></block></value><statement name="DO0"><block type="popup" id="v2fYX^_Hreb:]M`0!!jy"><field name="popuptext">Try again and make new choices in order to improve your company.</field><next><block type="gameover" id="ew?/P6e4rj~mbTmkT}8V"></block></next></block></statement><next><block type="controls_if" id="?~B20gh%{S{.,-H-5}7%"><value name="IF0"><block type="logic_operation" id="OYVT44bokUl|08d7q_e?"><field name="OP">AND</field><value name="A"><block type="logic_compare" id="vbS1yZDvpaR80^0s0^H0"><field name="OP">EQ</field><value name="A"><block type="movescounter" id=")L7rbENfJ_MFyb09L6@a"></block></value><value name="B"><block type="math_number" id="US``LGHk4.foEr:N#U~d"><field name="NUM">15</field></block></value></block></value><value name="B"><block type="logic_compare" id="WPdN7Ge7_NR#CsB^p*VC"><field name="OP">GTE</field><value name="A"><block type="math_arithmetic" id="cX=y3(id:}YdD}xA`dFO"><field name="OP">ADD</field><value name="A"><shadow type="math_number" id="OPTB@0TL,r-tmbA;uO2g"><field name="NUM">1</field></shadow><block type="math_arithmetic" id="e|!xzp5BFKhi]Qvg*q0B"><field name="OP">ADD</field><value name="A"><shadow type="math_number" id="d_u7GR6,N!#fg`0B?Z@u"><field name="NUM">1</field></shadow><block type="math_arithmetic" id="|MgCW)al0LboOgtapJ/,"><field name="OP">ADD</field><value name="A"><shadow type="math_number" id="Y7{o66|jn}1fHzQL6knG"><field name="NUM">1</field></shadow><block type="singleVar" id="%D-p_6gqyBs*l2hxQcJ^"><field name="varName">Environmental_Impact</field></block></value><value name="B"><shadow type="math_number" id="0*].qlK-n3GyLWXbz0]5"><field name="NUM">1</field></shadow><block type="singleVar" id="Df=}Lo/4KiONEEs*k|G5"><field name="varName">Financial_Results</field></block></value></block></value><value name="B"><shadow type="math_number" id="{NukArP?0JoQyEbD;vm!"><field name="NUM">1</field></shadow><block type="math_arithmetic" id="SP6}41d,eO4UbX)(KVm%"><field name="OP">ADD</field><value name="A"><shadow type="math_number" id="Y7{o66|jn}1fHzQL6knG"><field name="NUM">1</field></shadow><block type="singleVar" id="zSAf^!`26saie)WL)vDX"><field name="varName">Marketing</field></block></value><value name="B"><shadow type="math_number" id="0*].qlK-n3GyLWXbz0]5"><field name="NUM">1</field></shadow><block type="singleVar" id="eEImxN.UfWmnABTD#ebf"><field name="varName">Operation_Time</field></block></value></block></value></block></value><value name="B"><shadow type="math_number" id="wO;vSl}`-)H=?l6j^sU]"><field name="NUM">1</field></shadow><block type="math_arithmetic" id="IeKhb-!0SxRJyd@`Az5j"><field name="OP">ADD</field><value name="A"><shadow type="math_number" id="Y7{o66|jn}1fHzQL6knG"><field name="NUM">1</field></shadow><block type="singleVar" id="M3ZHTfJ^gV=eb@/@MP!C"><field name="varName">Innovation</field></block></value><value name="B"><shadow type="math_number" id="0*].qlK-n3GyLWXbz0]5"><field name="NUM">1</field></shadow><block type="singleVar" id="TspcUFmaNc|x2JX3l!gi"><field name="varName">Quality</field></block></value></block></value></block></value><value name="B"><block type="math_number" id="l]8}X)3]Kt_kZia~;m-^"><field name="NUM">15</field></block></value></block></value></block></value><statement name="DO0"><block type="popup" id="%,oIZ%Qd6,.9|8:9}_:r"><field name="popuptext">Great results for your company!</field><next><block type="gameover" id="o%{DsKf]h{s0hMK/Mbc5"></block></next></block></statement></block></next></block></xml>