[{"id":34,"description":"Rest at the park","values":{"Covid_Risk":{"type":"rand","from":"5","to":"10"},"Physical":"-10","Physical_Condition":"-10","Fun":"20","Social":"25","Money":"-5"},"imguri":"","layers":"Main","isDummy":false,"latlng":{"lat":58.25175129584881,"lng":84.58769679302817}},{"id":37,"description":"Walk with friend","values":{"Covid_Risk":{"type":"rand","from":"5","to":"15"},"Physical":"25","Physical_Condition":"2,5 of going to the local store","Fun":"20","Social":"30","Money":"-5"},"imguri":"","layers":"Main","isDummy":false,"latlng":{"lat":144.10701445374355,"lng":218.896362835828}},{"id":40,"description":"Play football","values":{"Covid_Risk":{"type":"rand","from":"10","to":"30"},"Physical":"50","Physical_Condition":"twice of walking with a friend","Fun":"40","Social":"40","Money":"-10"},"imguri":"","layers":"Main","isDummy":false,"latlng":{"lat":88.80175593102297,"lng":908.2910362124821}},{"id":43,"description":"Bank","values":{"Covid_Risk":{"type":"rand","from":"30","to":"35"},"Physical":"5","Physical_Condition":"√ (square root) of walking with a friend","Fun":"-30","Social":"8","Money":"50"},"imguri":"","layers":"Main","isDummy":false,"latlng":{"lat":299.1227384781101,"lng":207.0990436645581}},{"id":46,"description":"Local store","values":{"Covid_Risk":{"type":"rand","from":"15","to":"25"},"Physical":"10","Physical_Condition":"10","Fun":"-25","Social":"15","Money":"-30"},"imguri":"","layers":"Main","isDummy":false,"latlng":{"lat":287.97036784921085,"lng":812.093197111319}},{"id":49,"description":"Big Super Market","values":{"Covid_Risk":{"type":"rand","from":"30","to":"35"},"Physical":"15","Physical_Condition":"15","Fun":"-20","Social":"23","Money":"-20"},"imguri":"","layers":"Main","isDummy":false,"latlng":{"lat":349.53317062571864,"lng":676.1254973987377}},{"id":52,"description":"Home","values":{"Covid_Risk":{"type":"plus","num":"-2"},"Physical":"-5","Physical_Condition":"-5","Fun":"-5","Social":"-8","Money":"2"},"imguri":"","layers":"Main","isDummy":false,"latlng":{"lat":388.4196552951657,"lng":433.99692112296384}},{"id":55,"description":"Mall","values":{"Covid_Risk":{"type":"rand","from":"35","to":"40"},"Physical":"10","Physical_Condition":"twice of going to the bank","Fun":"50","Social":"50","Money":"-40"},"imguri":"","layers":"Main","isDummy":false,"latlng":{"lat":312.0541758058143,"lng":38.174810523567345}},{"id":58,"description":"Running","values":{"Covid_Risk":{"type":"rand","from":"-15","to":"-20"},"Physical":"60","Physical_Condition":"2,4 of a walk with a friend","Fun":"10","Social":"-25","Money":"-10"},"imguri":"","layers":"Main","isDummy":false,"latlng":{"lat":183.0040242801865,"lng":463.1431700157562}},{"id":61,"description":"Work from home","values":{"Covid_Risk":{"type":"rand","from":"-30","to":"-35"},"Physical":"-35","Physical_Condition":"-35","Fun":"-30","Social":"10","Money":"60"},"imguri":"","layers":"bedroom","isDummy":false,"latlng":{"lat":187.82601780405926,"lng":216.46910749308748}},{"id":62,"description":"Sleep","values":{"Covid_Risk":{"type":"rand","from":"-15","to":"-20"},"Physical":"-25","Physical_Condition":"-25","Fun":"-20","Social":"-20","Money":"0"},"imguri":"","layers":"bedroom","isDummy":false,"latlng":{"lat":180.4144974587105,"lng":514.7003460211807}},{"id":63,"description":"Read book","values":{"Covid_Risk":{"type":"rand","from":"-15","to":"-20"},"Physical":"-30","Physical_Condition":"-30","Fun":"20","Social":"-15","Money":"-4"},"imguri":"","layers":"bedroom","isDummy":false,"latlng":{"lat":267.3876240541532,"lng":803.9302608412628}},{"id":64,"description":"Netflix and chill","values":{"Covid_Risk":{"type":"rand","from":"-15","to":"-20"},"Physical":"-30","Physical_Condition":"-30","Fun":"30","Social":"-10","Money":"-10"},"imguri":"","layers":"bedroom","isDummy":false,"latlng":{"lat":166.5995231867167,"lng":76.260328002384}},{"id":65,"description":"Videocall ","values":{"Covid_Risk":{"type":"rand","from":"-20","to":"-25"},"Physical":"-25","Physical_Condition":"-25","Fun":"25","Social":"30","Money":"-6"},"imguri":"","layers":"bedroom","isDummy":false,"latlng":{"lat":200.63979006921082,"lng":98.27059621643899}},{"id":66,"description":"Exercise","values":{"Covid_Risk":{"type":"rand","from":"-20","to":"-25"},"Physical":"30","Physical_Condition":"The opossite of sleeping","Fun":"15","Social":"-10","Money":"-6"},"imguri":"","layers":"bedroom","isDummy":false,"latlng":{"lat":73.84306232181375,"lng":613.5659246764467}},{"id":67,"description":"Exit home","values":{"Covid_Risk":{"type":"plus","num":"5"},"Physical":"2","Physical_Condition":"2","Fun":"5","Social":"5","Money":"-2"},"imguri":"","layers":"bedroom","isDummy":false,"latlng":{"lat":263.2331417305815,"lng":354.12380839265217}},{"id":68,"description":"Quarantine 14 days","values":{"Covid_Risk":{"type":"plus","num":"-80"},"Physical":"-60","Physical_Condition":"-60","Fun":"-40","Social":"-30","Money":"-50"},"imguri":"","layers":"bedroom","isDummy":false,"latlng":{"lat":268.1101394835969,"lng":561.6775014196878}},{"id":69,"description":"Visit a friend","values":{"Covid_Risk":{"type":"rand","from":"20","to":"65"},"Physical":"15","Physical_Condition":"15","Fun":"35","Social":"61","Money":"-10"},"imguri":"","layers":"Main","isDummy":false,"latlng":{"lat":387.42582650783606,"lng":133.16209343440636}},{"id":72,"description":"Shop online","values":{"Covid_Risk":{"type":"rand","from":"-15","to":"-20"},"Physical":"-30","Physical_Condition":"-30","Fun":"30","Social":"-15","Money":"-40"},"imguri":"","layers":"bedroom","isDummy":false,"latlng":{"lat":208.13443942942027,"lng":186.07933008796047}}]