<xml xmlns="http://www.w3.org/1999/xhtml"><block type="controls_if" id="oUgd{3K~U[F@#aF]}ygA" x="342" y="97"><value name="IF0"><block type="current_point_check" id="XJ:F|h^d}UudK-i#}S/e"><field name="pointsNames">Home</field></block></value><statement name="DO0"><block type="sound" id=",WD_z%5rXw)Y|K1Hpm}1"><field name="NAME">door_open</field><next><block type="change_layer" id="CSi~x4-twW*`.]v9838K"><field name="layersNames">bedroom</field></block></next></block></statement><next><block type="controls_if" id="Tl}-s:0l,SXkMJZ.o|MQ"><value name="IF0"><block type="current_point_check" id="e(GO@s8tj#F(Q,i(ob,;"><field name="pointsNames">Exit home</field></block></value><statement name="DO0"><block type="sound" id="P_RJV6L(Zra`9Q5vf%/L"><field name="NAME">cheering</field><next><block type="change_layer" id="gtoQplf#2(ukO[MI,S*;"><field name="layersNames">Main</field></block></next></block></statement><next><block type="controls_if" id="]J0SDzK1aAUDfAt3ms}/"><value name="IF0"><block type="logic_compare" id="*z7vF28hr^/XE?BaYz:F"><field name="OP">GTE</field><value name="A"><block type="singleVar" id="[A2cVjkNdo*zczH89hau"><field name="varName">Covid_Risk</field></block></value><value name="B"><block type="math_number" id="9k2!,7VHwfwfA+xm[X}a"><field name="NUM">70</field></block></value></block></value><statement name="DO0"><block type="sound" id="XGZ#KI51r;2%yXD(,w^_"><field name="NAME">space</field><next><block type="popup" id="([tNP+~+zj%is#~07!%6"><field name="popuptext">You have been close to a confirmed Covid case. Please be careful!!</field></block></next></block></statement><next><block type="controls_if" id="DQ[~A[GMyZ#xs#m8]j!/"><value name="IF0"><block type="logic_compare" id="AYR%D6ejo9MoWJwmKM|f"><field name="OP">LTE</field><value name="A"><block type="singleVar" id="n`B%I!y.JTYxQ0+IFwly"><field name="varName">Money</field></block></value><value name="B"><block type="math_number" id="s#,2~)u15}A_VB#+ynnF"><field name="NUM">15</field></block></value></block></value><statement name="DO0"><block type="popup" id="40W@:eNT-%7!pNiPu26p"><field name="popuptext">You are running out of money...</field></block></statement><next><block type="controls_if" id="~7xVHTSBS;;i/^G4l5R7"><value name="IF0"><block type="logic_compare" id="t#:cCXq[AgvDKO@R=#mw"><field name="OP">LTE</field><value name="A"><block type="singleVar" id="1a|nPnG220{,sH9{{B/-"><field name="varName">Fun</field></block></value><value name="B"><block type="math_number" id="kL:A3`Yc%(n23n*?=o2q"><field name="NUM">15</field></block></value></block></value><statement name="DO0"><block type="popup" id="-PJyl52RgzU%{973qCR="><field name="popuptext">You are quite unhappy! Try do something that pleases you</field></block></statement><next><block type="controls_if" id="Dg^s1otiJo#lqd`i3!Xo"><value name="IF0"><block type="current_point_check" id="JgMHb!a~|p_:L#rL?G9,"><field name="pointsNames">Quarantine 14 days</field></block></value><statement name="DO0"><block type="sound" id="bElR3w%i:52!/+4gxmm#"><field name="NAME">heal</field><next><block type="popup" id="cLAdEWjapp_n^t[6+|gM"><field name="popuptext">You are safe again! Be more careful from now on. Quarantine sucks!</field></block></next></block></statement></block></next></block></next></block></next></block></next></block></next></block></xml>