[{"id":36,"description":"Παέγια","values":{"Χρήματα":"15","Υγιεινό_Φαγητό":"2","Πελάτες_τη_μέρα":{"type":"rand","from":"-2","to":"1"},"Ζωικά_Προϊόντα":"-5","Λαχανικά":"-3"},"imguri":"","layers":"Main","isDummy":false,"latlng":{"lat":0.004758211378828037,"lng":85.00078947964971}},{"id":39,"description":"Χωριάτικη","values":{"Χρήματα":"7","Υγιεινό_Φαγητό":"2","Πελάτες_τη_μέρα":{"type":"rand","from":"-1","to":"2"},"Ζωικά_Προϊόντα":"-2","Λαχανικά":"-3"},"imguri":"","layers":"Main","isDummy":false,"latlng":{"lat":-40.47858804879522,"lng":-187.5042105581318}},{"id":42,"description":"Hot Dog","values":{"Χρήματα":"3","Υγιεινό_Φαγητό":"-4","Πελάτες_τη_μέρα":{"type":"rand","from":"2","to":"5"},"Ζωικά_Προϊόντα":"-1","Λαχανικά":"-1"},"imguri":"","layers":"Main","isDummy":false,"latlng":{"lat":-93.0261373409474,"lng":37.498261941792634}},{"id":45,"description":"Burger","values":{"Χρήματα":"10","Υγιεινό_Φαγητό":"-3","Πελάτες_τη_μέρα":{"type":"rand","from":"2","to":"5"},"Ζωικά_Προϊόντα":"-3","Λαχανικά":"-2"},"imguri":"","layers":"Main","isDummy":false,"latlng":{"lat":-85.9964313414659,"lng":159.00315791859884}},{"id":48,"description":"Τοστ","values":{"Χρήματα":"2","Υγιεινό_Φαγητό":"1","Πελάτες_τη_μέρα":{"type":"rand","from":"-2","to":"1"},"Ζωικά_Προϊόντα":"-1","Λαχανικά":"0"},"imguri":"","layers":"Main","isDummy":false,"latlng":{"lat":-105.20483143683205,"lng":-6.642321244855623}},{"id":51,"description":"Πουρές Λαχανικών","values":{"Χρήματα":"5","Υγιεινό_Φαγητό":"3","Πελάτες_τη_μέρα":{"type":"rand","from":"-20","to":"-1"},"Ζωικά_Προϊόντα":"0","Λαχανικά":"-3"},"imguri":"","layers":"Main","isDummy":false,"latlng":{"lat":70.46275086438777,"lng":-97.80799514403105}},{"id":54,"description":"Ψάρι στο φούρνο","values":{"Χρήματα":"12","Υγιεινό_Φαγητό":"5","Πελάτες_τη_μέρα":{"type":"rand","from":"-4","to":"-1"},"Ζωικά_Προϊόντα":"-3","Λαχανικά":"-3"},"imguri":"","layers":"Main","isDummy":false,"latlng":{"lat":-5.507930352298075,"lng":6}},{"id":57,"description":"Παγωτό","values":{"Χρήματα":"4","Υγιεινό_Φαγητό":"-1","Πελάτες_τη_μέρα":{"type":"rand","from":"0","to":"3"},"Ζωικά_Προϊόντα":"-2","Λαχανικά":"0"},"imguri":"","layers":"Main","isDummy":false,"latlng":{"lat":70.28161629405452,"lng":-4.646991775719584}},{"id":60,"description":"Καρμπονάρα","values":{"Χρήματα":"9","Υγιεινό_Φαγητό":"-2","Πελάτες_τη_μέρα":{"type":"rand","from":"0","to":"3"},"Ζωικά_Προϊόντα":"-3","Λαχανικά":"-2"},"imguri":"","layers":"Main","isDummy":false,"latlng":{"lat":-26.465502967503426,"lng":-112.13815893870003}},{"id":63,"description":"Βιολογικά Λαχανικά","values":{"Χρήματα":"-25","Υγιεινό_Φαγητό":"2","Πελάτες_τη_μέρα":{"type":"plus","num":"0"},"Ζωικά_Προϊόντα":"0","Λαχανικά":"4"},"imguri":"","layers":"storage","isDummy":false,"latlng":{"lat":-7.086044322434049,"lng":48.52315806972496}},{"id":64,"description":"Βιολογικά Φρούτα","values":{"Χρήματα":"-20","Υγιεινό_Φαγητό":"2","Πελάτες_τη_μέρα":{"type":"plus","num":"0"},"Ζωικά_Προϊόντα":"0","Λαχανικά":"3"},"imguri":"","layers":"storage","isDummy":false,"latlng":{"lat":23.402456666733755,"lng":107.06868472952516}},{"id":65,"description":"Φρούτα κονσέρβα","values":{"Χρήματα":"-10","Υγιεινό_Φαγητό":"-5","Πελάτες_τη_μέρα":{"type":"plus","num":"0"},"Ζωικά_Προϊόντα":"0","Λαχανικά":"5"},"imguri":"","layers":"storage","isDummy":false,"latlng":{"lat":80.86994222231164,"lng":-10.052895136530879}},{"id":66,"description":"Κατεψυγμένα ψάρια","values":{"Χρήματα":"-20","Υγιεινό_Φαγητό":"-3","Πελάτες_τη_μέρα":{"type":"plus","num":"0"},"Ζωικά_Προϊόντα":"4","Λαχανικά":"0"},"imguri":"","layers":"storage","isDummy":false,"latlng":{"lat":55.4298163821621,"lng":-169.0360529040036}},{"id":67,"description":"Διαφήμιση","values":{"Χρήματα":"-30","Υγιεινό_Φαγητό":"-5","Πελάτες_τη_μέρα":{"type":"plus","num":"15"},"Ζωικά_Προϊόντα":"0","Λαχανικά":"0"},"imguri":"","layers":"office","isDummy":false,"latlng":{"lat":-25.9417119106092,"lng":113.58368484286973}},{"id":68,"description":"Πρόσληψη Προσωπικού","values":{"Χρήματα":"-30","Υγιεινό_Φαγητό":"10","Πελάτες_τη_μέρα":{"type":"plus","num":"5"},"Ζωικά_Προϊόντα":"0","Λαχανικά":"0"},"imguri":"","layers":"office","isDummy":false,"latlng":{"lat":13.519825880745174,"lng":41.50052631976649}},{"id":69,"description":"Πήγαινε στην αποθήκη","values":{"Χρήματα":"0","Υγιεινό_Φαγητό":"0","Πελάτες_τη_μέρα":{"type":"plus","num":"0"},"Ζωικά_Προϊόντα":"0","Λαχανικά":"0"},"imguri":"","layers":"Main","isDummy":true,"latlng":{"lat":-71.5007930352298,"lng":-212.50105263953296}},{"id":72,"description":"Στην κουζίνα","values":{"Χρήματα":"0","Υγιεινό_Φαγητό":"0","Πελάτες_τη_μέρα":{"type":"plus","num":"0"},"Ζωικά_Προϊόντα":"0","Λαχανικά":"0"},"imguri":"","layers":"storage","isDummy":true,"latlng":{"lat":63.02894578588797,"lng":184.016579072644}},{"id":73,"description":"Πήγαινε στο γραφείο","values":{"Χρήματα":"0","Υγιεινό_Φαγητό":"0","Πελάτες_τη_μέρα":{"type":"plus","num":"0"},"Ζωικά_Προϊόντα":"0","Λαχανικά":"0"},"imguri":"","layers":"Main","isDummy":true,"latlng":{"lat":-93.50317214091922,"lng":-208.9986842005838}},{"id":76,"description":"Στην κουζίνα","values":{"Χρήματα":"0","Υγιεινό_Φαγητό":"0","Πελάτες_τη_μέρα":{"type":"plus","num":"0"},"Ζωικά_Προϊόντα":"0","Λαχανικά":"0"},"imguri":"","layers":"office","isDummy":true,"latlng":{"lat":12.03053185634758,"lng":-92.58894804053452}},{"id":77,"description":"Ανοιχτό όλη μέρα","values":{"Χρήματα":"20","Υγιεινό_Φαγητό":"-15","Πελάτες_τη_μέρα":{"type":"plus","num":"10"},"Ζωικά_Προϊόντα":"0","Λαχανικά":"0"},"imguri":"","layers":"office","isDummy":false,"latlng":{"lat":62.5003965176149,"lng":-178.99947368023354}},{"id":78,"description":"Προτηγανισμένες πατάτες","values":{"Χρήματα":"-7","Υγιεινό_Φαγητό":"-6","Πελάτες_τη_μέρα":{"type":"plus","num":"0"},"Ζωικά_Προϊόντα":"0","Λαχανικά":"6"},"imguri":"","layers":"storage","isDummy":false,"latlng":{"lat":-11.499206964770195,"lng":-51.998684200583796}},{"id":79,"description":"Σούσι","values":{"Χρήματα":"9","Υγιεινό_Φαγητό":"1","Πελάτες_τη_μέρα":{"type":"rand","from":"-2","to":"1"},"Ζωικά_Προϊόντα":"-2","Λαχανικά":"-2"},"imguri":"","layers":"Main","isDummy":false,"latlng":{"lat":-93.21341885963014,"lng":-52.670359706645115}},{"id":82,"description":"Τηγανιτές πατάτες","values":{"Χρήματα":"5","Υγιεινό_Φαγητό":"-2","Πελάτες_τη_μέρα":{"type":"rand","from":"1","to":"4"},"Ζωικά_Προϊόντα":"-1","Λαχανικά":"-2"},"imguri":"","layers":"Main","isDummy":false,"latlng":{"lat":-123.99762089431056,"lng":150.50105263953293}},{"id":85,"description":"Φακές","values":{"Χρήματα":"6","Υγιεινό_Φαγητό":"3","Πελάτες_τη_μέρα":{"type":"rand","from":"-4","to":"-1"},"Ζωικά_Προϊόντα":"-1","Λαχανικά":"-2"},"imguri":"","layers":"Main","isDummy":false,"latlng":{"lat":-19.50118955284472,"lng":68.50263159883235}},{"id":88,"description":"Pancakes","values":{"Χρήματα":"8","Υγιεινό_Φαγητό":"-4","Πελάτες_τη_μέρα":{"type":"rand","from":"1","to":"4"},"Ζωικά_Προϊόντα":"-2","Λαχανικά":"-2"},"imguri":"","layers":"Main","isDummy":false,"latlng":{"lat":-118.5,"lng":-100.00026315988325}},{"id":91,"description":"Αυγά με μπέικον","values":{"Χρήματα":"7","Υγιεινό_Φαγητό":"-3","Πελάτες_τη_μέρα":{"type":"rand","from":"1","to":"4"},"Ζωικά_Προϊόντα":"-3","Λαχανικά":"-1"},"imguri":"","layers":"Main","isDummy":false,"latlng":{"lat":-38.50713731706824,"lng":42.0031579185989}},{"id":94,"description":"Φιλέτο κοτόπουλο","values":{"Χρήματα":"10","Υγιεινό_Φαγητό":"2","Πελάτες_τη_μέρα":{"type":"rand","from":"-15","to":"8"},"Ζωικά_Προϊόντα":"-4","Λαχανικά":"-1"},"imguri":"","layers":"Main","isDummy":false,"latlng":{"lat":-25.49246616531684,"lng":113.5018421191827}},{"id":97,"description":"Λουκουμάδες","values":{"Χρήματα":"4","Υγιεινό_Φαγητό":"-5","Πελάτες_τη_μέρα":{"type":"rand","from":"3","to":"6"},"Ζωικά_Προϊόντα":"-2","Λαχανικά":"-2"},"imguri":"","layers":"Main","isDummy":false,"latlng":{"lat":29.875890053122106,"lng":-29.56416246443476}},{"id":100,"description":"Αναβάθμιση εξοπλισμού","values":{"Χρήματα":"-40","Υγιεινό_Φαγητό":"15","Πελάτες_τη_μέρα":{"type":"plus","num":"0"},"Ζωικά_Προϊόντα":"0","Λαχανικά":"0"},"imguri":"","layers":"office","isDummy":false,"latlng":{"lat":92.01546418698123,"lng":-6.499473680233535}},{"id":101,"description":"Συντήρηση συσκευών","values":{"Χρήματα":"-20","Υγιεινό_Φαγητό":"5","Πελάτες_τη_μέρα":{"type":"plus","num":"0"},"Ζωικά_Προϊόντα":"0","Λαχανικά":"0"},"imguri":"","layers":"office","isDummy":false,"latlng":{"lat":57.51467115175143,"lng":-44.499473680233535}},{"id":102,"description":"Κρέας ελευθέρας βοσκής","values":{"Χρήματα":"-30","Υγιεινό_Φαγητό":"4","Πελάτες_τη_μέρα":{"type":"plus","num":"0"},"Ζωικά_Προϊόντα":"3","Λαχανικά":"0"},"imguri":"","layers":"storage","isDummy":false,"latlng":{"lat":-9.415938265640449,"lng":-170.54105294178515}},{"id":103,"description":"Ελαιόλαδο","values":{"Χρήματα":"-15","Υγιεινό_Φαγητό":"2","Πελάτες_τη_μέρα":{"type":"plus","num":"0"},"Ζωικά_Προϊόντα":"0","Λαχανικά":"3"},"imguri":"","layers":"storage","isDummy":false,"latlng":{"lat":115.90166363150394,"lng":54.02052647089255}},{"id":104,"description":"Φοινικέλαιο","values":{"Χρήματα":"-10","Υγιεινό_Φαγητό":"-4","Πελάτες_τη_μέρα":{"type":"plus","num":"0"},"Ζωικά_Προϊόντα":"0","Λαχανικά":"5"},"imguri":"","layers":"storage","isDummy":false,"latlng":{"lat":46.45440047428609,"lng":61.991578883736395}},{"id":105,"description":"Συσκευασμένα λαχανικά","values":{"Χρήματα":"-10","Υγιεινό_Φαγητό":"-3","Πελάτες_τη_μέρα":{"type":"plus","num":"0"},"Ζωικά_Προϊόντα":"0","Λαχανικά":"3"},"imguri":"","layers":"storage","isDummy":false,"latlng":{"lat":33.9440910162986,"lng":-55.54947405804873}},{"id":106,"description":"Κρέμα γάλακτος","values":{"Χρήματα":"-10","Υγιεινό_Φαγητό":"-3","Πελάτες_τη_μέρα":{"type":"plus","num":"0"},"Ζωικά_Προϊόντα":"2","Λαχανικά":"0"},"imguri":"","layers":"storage","isDummy":false,"latlng":{"lat":106.93536762877073,"lng":-55.97868404945771}},{"id":107,"description":"Μπριαμ","values":{"Χρήματα":"11","Υγιεινό_Φαγητό":"5","Πελάτες_τη_μέρα":{"type":"rand","from":"-5","to":"-2"},"Ζωικά_Προϊόντα":"-2","Λαχανικά":"-3"},"imguri":"","layers":"Main","isDummy":false,"latlng":{"lat":-4.994052235776451,"lng":-164.99368416280228}},{"id":110,"description":"Γαλοπούλα","values":{"Χρήματα":"12","Υγιεινό_Φαγητό":"4","Πελάτες_τη_μέρα":{"type":"rand","from":"-5","to":"-2"},"Ζωικά_Προϊόντα":"-4","Λαχανικά":"-2"},"imguri":"","layers":"Main","isDummy":false,"latlng":{"lat":-70.16256786591379,"lng":95.18896329193353}},{"id":113,"description":"Μουσακάς","values":{"Χρήματα":"9","Υγιεινό_Φαγητό":"3","Πελάτες_τη_μέρα":{"type":"rand","from":"-30","to":"9"},"Ζωικά_Προϊόντα":"-2","Λαχανικά":"-3"},"imguri":"","layers":"Main","isDummy":false,"latlng":{"lat":-67.49643134146586,"lng":34.49447364245202}}]