<xml xmlns="http://www.w3.org/1999/xhtml"><block type="controls_if" id="oUgd{3K~U[F@#aF]}ygA" x="69" y="86"><value name="IF0"><block type="logic_compare" id="~a@gT-aydG21O-1G.sjK"><field name="OP">LTE</field><value name="A"><block type="singleVar" id="RTuC:_mI#d@k69q|ly)+"><field name="varName">Χρήματα</field></block></value><value name="B"><block type="math_number" id="qIM#58w_X12vI;dXPueD"><field name="NUM">15</field></block></value></block></value><statement name="DO0"><block type="popup" id="[XMzb=tiZEwjnqR(]mUV"><field name="popuptext">Σου τελείωσαν τα χρήματα! Άνοιξε το game Log για να δεις πως τα πήγες</field><next><block type="sound" id="2iw4bwCqi/3m~jb^R4ob"><field name="NAME">lose2</field><next><block type="background" id="lc0}cP9FkF^DTc/q{W;g"><field name="background">http://cartoonmovement.typepad.com/.a/6a014e5f5d3c7c970c0176164d56ea970c-pi</field><next><block type="hide_all" id="86l+s/TSV_vI]i;_Oj7@"><next><block type="gameover" id="MLR/6i}9oB6st5-+BGN}"></block></next></block></next></block></next></block></next></block></statement><next><block type="controls_if" id="GDt]WCIDs*bF6V0GpbxR"><value name="IF0"><block type="logic_compare" id="bP0?JdsV:`@K6Mfiz{N!"><field name="OP">LT</field><value name="A"><block type="singleVar" id="y@L!,:m/?EmR@TbRuVR?"><field name="varName">Ζωικά_Προϊόντα</field></block></value><value name="B"><block type="math_number" id="SN?qd3dhk5+#goCGkvP9"><field name="NUM">5</field></block></value></block></value><statement name="DO0"><block type="popup" id="[?U-ZK|Q7adP;Kbw/e~y"><field name="popuptext">Δεν εχεις αρκετές πρώτες ύλες για να φτιάξεις άλλα φαγητά !  Άνοιξε το game Log για να δεις πως τα πήγες</field><next><block type="sound" id="b4vv%p@q93gJ[(zt)t^["><field name="NAME">lose2</field><next><block type="gameover" id="KVLr`lFh`c)9y!*xl)2N"></block></next></block></next></block></statement><next><block type="controls_if" id="[9]#|]0D6lrnU{;t]D3W"><value name="IF0"><block type="logic_compare" id="x3;DNOn,O[C*FS]m{{zI"><field name="OP">LT</field><value name="A"><block type="singleVar" id="ZFFou;T45V`g9BFgwak{"><field name="varName">Πελάτες_τη_μέρα</field></block></value><value name="B"><block type="math_number" id=",XHP4?rwxgWIWq#Nd%lR"><field name="NUM">5</field></block></value></block></value><statement name="DO0"><block type="popup" id="eTzPc#L]!@#INy*NQBJt"><field name="popuptext">Λυπάμαι έχασες! Δεν εχεις αρκετούς πελάτες! Άνοιξε το game Log για να δεις πως τα πήγες</field><next><block type="sound" id="qf1yQg=zFf)W|iK|gD#O"><field name="NAME">lose2</field><next><block type="gameover" id="+=Pzs_ve}7j|],?3Jey5"></block></next></block></next></block></statement><next><block type="controls_if" id="Dfd~`[%,[0H.c`sVr{-_"><value name="IF0"><block type="logic_compare" id="{eh}XeGCV*Yt!qB|-?N|"><field name="OP">LT</field><value name="A"><block type="singleVar" id="ph]`gbF.pw[Zq!8f3d^l"><field name="varName">Υγιεινό_Φαγητό</field></block></value><value name="B"><block type="math_number" id="kBX;05zM8R9Im.K=4-V-"><field name="NUM">10</field></block></value></block></value><statement name="DO0"><block type="background" id="J7nsybtFSaSr+*v;mkVE"><field name="background">http://cartoonmovement.typepad.com/.a/6a014e5f5d3c7c970c0176164d56ea970c-pi</field><next><block type="hide_all" id=")3OVq?/-qz}7/MkP#8`|"><next><block type="popup" id="?{Ejs7I)BZ{*^cKrdZB3"><field name="popuptext">Λυπάμαι έχασες! Σε έκλεισε το υγιειονομικό!  Άνοιξε το game Log για να δεις πως τα πήγες</field><next><block type="sound" id="k?ML+-cNtW;e!r~TJG0t"><field name="NAME">lose</field><next><block type="gameover" id="@S]T?Z.9Jy|mcdmgpUQ9"></block></next></block></next></block></next></block></next></block></statement><next><block type="controls_if" id="YOgXp!byw}Po5jVdgT9@"><value name="IF0"><block type="logic_compare" id="86/;v*{G*iz{X_-/.Lc?"><field name="OP">LTE</field><value name="A"><block type="math_arithmetic" id="EzcTjhZ6z.i*[0d/e7L~"><field name="OP">ADD</field><value name="A"><block type="singleVar" id="F;T;=OUrF.A3nOfu[jt("><field name="varName">Ζωικά_Προϊόντα</field></block></value><value name="B"><block type="singleVar" id="mMvI5e{}|dPXKxul;+K."><field name="varName">Λαχανικά</field></block></value></block></value><value name="B"><block type="math_number" id="s.W)sU%UQOL3`wHJ{Nq@"><field name="NUM">8</field></block></value></block></value><statement name="DO0"><block type="popup" id="6f.s1T@3Ohn7eOZk~a=~"><field name="popuptext">Δεν εχεις αρκετές πρώτες ύλες για να φτιάξεις άλλα φαγητά... Άνοιξε το game Log για να δεις πως τα πήγες</field><next><block type="sound" id="g=OYD*b~5c0ZvB7=~Rcf"><field name="NAME">lose</field><next><block type="gameover" id="k,K*vgZ26s7fPP?*M(Sh"></block></next></block></next></block></statement><next><block type="controls_if" id="lNzJ@U8x!JW{qMJ{/4nD"><value name="IF0"><block type="logic_compare" id="Bt.x`fv%V+f8{{Rbq~ww"><field name="OP">LT</field><value name="A"><block type="math_arithmetic" id="uH=xox6vUY6Dde?YQV[1"><field name="OP">ADD</field><value name="A"><block type="singleVar" id="J#;lH)u_^]7|!uP:Rk*3"><field name="varName">Ζωικά_Προϊόντα</field></block></value><value name="B"><block type="singleVar" id="=5~D77AfmN|}XZFM%}^B"><field name="varName">Λαχανικά</field></block></value></block></value><value name="B"><block type="singleVar" id="*{XTz?1w|xAhfw?7eYVb"><field name="varName">Πελάτες_τη_μέρα</field></block></value></block></value><statement name="DO0"><block type="popup" id="na8NStkg[9U-=vm6Qy.s"><field name="popuptext">Δεν εχεις αρκετές πρώτες ύλες για να εξυπηρετήσεις τους πελάτες σου... Άνοιξε το game Log για να δεις πως τα πήγες</field><next><block type="sound" id="(fnXU;gL?umY|[=2hkff"><field name="NAME">lose</field><next><block type="gameover" id="n%6?_z.ak9;,H}ly1wZk"></block></next></block></next></block></statement></block></next></block></next></block></next></block></next></block></next></block></xml>