[{"id":166,"description":"Hotel 6","values":{"Joy":"20","Money":"-50","Tiredness":"-3"},"imguri":"","layers":"Λονδίνο","isDummy":false,"latlng":{"lat":-57.5,"lng":-88.5}},{"id":167,"description":"Hotel 7","values":{"Joy":"70","Money":"-120","Tiredness":"-1"},"imguri":"","layers":"Λονδίνο","isDummy":false,"latlng":{"lat":-46.5,"lng":15}},{"id":168,"description":"Apartment","values":{"Joy":"15","Money":"-30","Tiredness":"5"},"imguri":"","layers":"Μόσχα","isDummy":false,"latlng":{"lat":-11,"lng":-119}},{"id":169,"description":"House","values":{"Joy":"20","Money":"-60","Tiredness":"1"},"imguri":"","layers":"Κων/πολη","isDummy":false,"latlng":{"lat":57,"lng":20.5}},{"id":170,"description":"Exit","values":{"Joy":"0","Money":"60","Tiredness":"0"},"imguri":"","layers":"Λονδίνο","isDummy":false,"latlng":{"lat":-24,"lng":-116.5}},{"id":171,"description":"Mosqua","values":{"Joy":"0","Money":"-150","Tiredness":"15"},"imguri":"","layers":"Main","isDummy":false,"latlng":{"lat":33,"lng":78}},{"id":174,"description":"Rome","values":{"Joy":"0","Money":"-50","Tiredness":"5"},"imguri":"","layers":"Main","isDummy":false,"latlng":{"lat":-77.5,"lng":-37.5}},{"id":177,"description":"London","values":{"Joy":"0","Money":"-100","Tiredness":"10"},"imguri":"","layers":"Main","isDummy":false,"latlng":{"lat":-5.359375,"lng":-91.96875}},{"id":180,"description":"Barcelona","values":{"Joy":"0","Money":"-105","Tiredness":"11"},"imguri":"","layers":"Main","isDummy":false,"latlng":{"lat":-76.859375,"lng":-103.96875}},{"id":183,"description":"Instabul","values":{"Joy":"0","Money":"-20","Tiredness":"2"},"imguri":"","layers":"Main","isDummy":false,"latlng":{"lat":-76,"lng":57.5}},{"id":186,"description":"Hotel1","values":{"Joy":"40","Money":"-100","Tiredness":"-5"},"imguri":"","layers":"Ρώμη","isDummy":false,"latlng":{"lat":21.5,"lng":-83.5}},{"id":187,"description":"Hotel2","values":{"Joy":"15","Money":"-80","Tiredness":"1"},"imguri":"","layers":"Ρώμη","isDummy":false,"latlng":{"lat":43,"lng":10.5}},{"id":188,"description":"Hotel3","values":{"Joy":"5","Money":"-50","Tiredness":"-4"},"imguri":"","layers":"Κων/πολη","isDummy":false,"latlng":{"lat":21.5,"lng":-35}},{"id":189,"description":"Hostel","values":{"Joy":"-20","Money":"-15","Tiredness":"15"},"imguri":"","layers":"Ρώμη","isDummy":false,"latlng":{"lat":-22,"lng":11.5}},{"id":190,"description":"Exit","values":{"Joy":"0","Money":"30","Tiredness":"0"},"imguri":"","layers":"Μόσχα","isDummy":false,"latlng":{"lat":-68,"lng":58}},{"id":191,"description":"Hotel4","values":{"Joy":"50","Money":"-120","Tiredness":"0"},"imguri":"","layers":"Κων/πολη","isDummy":false,"latlng":{"lat":-17.5,"lng":57}},{"id":192,"description":"Hotel 5","values":{"Joy":"-10","Money":"-30","Tiredness":"1"},"imguri":"","layers":"Βαρκελώνη","isDummy":false,"latlng":{"lat":31,"lng":-19}},{"id":193,"description":"Dorm","values":{"Joy":"-45","Money":"-5","Tiredness":"20"},"imguri":"","layers":"Λονδίνο","isDummy":false,"latlng":{"lat":40,"lng":-62}},{"id":194,"description":"Apartment 2","values":{"Joy":"10","Money":"-20","Tiredness":"20"},"imguri":"","layers":"Βαρκελώνη","isDummy":false,"latlng":{"lat":-5.1015625,"lng":36.03125}},{"id":195,"description":"Apartment 3","values":{"Joy":"10","Money":"-40","Tiredness":"15"},"imguri":"","layers":"Μόσχα","isDummy":false,"latlng":{"lat":38.5,"lng":15.5}},{"id":196,"description":"Hotel 9","values":{"Joy":"-5","Money":"-13","Tiredness":"25"},"imguri":"","layers":"Βαρκελώνη","isDummy":false,"latlng":{"lat":-17,"lng":-10}},{"id":197,"description":"Exit","values":{"Joy":"0","Money":"70","Tiredness":"0"},"imguri":"","layers":"Ρώμη","isDummy":false,"latlng":{"lat":74.3984375,"lng":102.03125}},{"id":198,"description":"Exit","values":{"Joy":"0","Money":"20","Tiredness":"0"},"imguri":"","layers":"Κων/πολη","isDummy":false,"latlng":{"lat":88.3984375,"lng":82.03125}},{"id":199,"description":"Exit","values":{"Joy":"0","Money":"50","Tiredness":"0"},"imguri":"","layers":"Βαρκελώνη","isDummy":false,"latlng":{"lat":27.577164466275352,"lng":71.4177848998413}},{"id":200,"description":"Hotel 8","values":{"Joy":"20","Money":"-50","Tiredness":"10"},"imguri":"","layers":"Μόσχα","isDummy":false,"latlng":{"lat":-2.5,"lng":-18}},{"id":201,"description":"Colosseum","values":{"Joy":"15","Money":"-10","Tiredness":"5"},"imguri":"","layers":"Ρώμη","isDummy":false,"latlng":{"lat":-49,"lng":79.5}},{"id":202,"description":"Vatican City","values":{"Joy":"20","Money":"-15","Tiredness":"10"},"imguri":"","layers":"Ρώμη","isDummy":false,"latlng":{"lat":57,"lng":-105}},{"id":203,"description":"Italian Restaurant","values":{"Joy":"5","Money":"-20","Tiredness":"-2"},"imguri":"","layers":"Ρώμη","isDummy":false,"latlng":{"lat":-64.5,"lng":-62}},{"id":204,"description":"Bosporus Bridge","values":{"Joy":"10","Money":"-5","Tiredness":"4"},"imguri":"","layers":"Κων/πολη","isDummy":false,"latlng":{"lat":41,"lng":75.5}},{"id":205,"description":"Saint Sophia","values":{"Joy":"18","Money":"-11","Tiredness":"8"},"imguri":"","layers":"Κων/πολη","isDummy":false,"latlng":{"lat":-33,"lng":-11.5}},{"id":206,"description":"Turkish Restaurant","values":{"Joy":"2","Money":"-10","Tiredness":"0"},"imguri":"","layers":"Κων/πολη","isDummy":false,"latlng":{"lat":-14,"lng":-66.5}},{"id":207,"description":"English Restaurant","values":{"Joy":"4","Money":"-15","Tiredness":"-3"},"imguri":"","layers":"Λονδίνο","isDummy":false,"latlng":{"lat":36,"lng":23.5}},{"id":208,"description":"Big Ben","values":{"Joy":"18","Money":"-4","Tiredness":"3"},"imguri":"","layers":"Λονδίνο","isDummy":false,"latlng":{"lat":-2,"lng":-0.5}},{"id":209,"description":"Tower Bridge","values":{"Joy":"12","Money":"-8","Tiredness":"5"},"imguri":"","layers":"Λονδίνο","isDummy":false,"latlng":{"lat":-3,"lng":51}},{"id":210,"description":"Cremlino","values":{"Joy":"20","Money":"-9","Tiredness":"5"},"imguri":"","layers":"Μόσχα","isDummy":false,"latlng":{"lat":-15.909902576697318,"lng":31.466251762801363}},{"id":211,"description":"Russian Restaurant","values":{"Joy":"3","Money":"-15","Tiredness":"-2"},"imguri":"","layers":"Μόσχα","isDummy":false,"latlng":{"lat":-60.45762979144981,"lng":-19.445436482630054}},{"id":212,"description":"Beach","values":{"Joy":"8","Money":"0","Tiredness":"4"},"imguri":"","layers":"Βαρκελώνη","isDummy":false,"latlng":{"lat":-91.92388155425117,"lng":0.35355339059327373}},{"id":213,"description":"Spanish Restaurant","values":{"Joy":"3","Money":"-14","Tiredness":"-3"},"imguri":"","layers":"Βαρκελώνη","isDummy":false,"latlng":{"lat":-43.48706704297267,"lng":30.759144981614813}},{"id":214,"description":"Sagrada Familia","values":{"Joy":"17","Money":"-10","Tiredness":"7"},"imguri":"","layers":"Βαρκελώνη","isDummy":false,"latlng":{"lat":-39.244426355853385,"lng":-31.11269837220809}}]