<xml xmlns="http://www.w3.org/1999/xhtml"><block type="controls_if" id="oUgd{3K~U[F@#aF]}ygA" x="56" y="29"><value name="IF0"><block type="logic_compare" id="~a@gT-aydG21O-1G.sjK"><field name="OP">LT</field><value name="A"><block type="singleVar" id="RTuC:_mI#d@k69q|ly)+"><field name="varName">Joy</field></block></value><value name="B"><block type="math_number" id="qIM#58w_X12vI;dXPueD"><field name="NUM">0</field></block></value></block></value><statement name="DO0"><block type="popup" id="[XMzb=tiZEwjnqR(]mUV"><field name="popuptext">Sorry! It seems that you hate travelling :(</field><next><block type="sound" id="igncg(Z4DLZaY|bmiSIg"><field name="NAME">lose2</field><next><block type="gameover" id="MLR/6i}9oB6st5-+BGN}"></block></next></block></next></block></statement><next><block type="controls_if" id="s|22Z9F}WCN/yxlXF*c/"><value name="IF0"><block type="logic_compare" id="t]0]K7~RG5P|~P%Iat.%"><field name="OP">LTE</field><value name="A"><block type="singleVar" id="A.j?p=H93g?/uC7cXFA4"><field name="varName">Money</field></block></value><value name="B"><block type="math_number" id="!Lk+QA7ZA}}`O2H4Opsn"><field name="NUM">0</field></block></value></block></value><statement name="DO0"><block type="popup" id="rvm1v;(7UPHaPmn]_ZF*"><field name="popuptext">Game over! You dont have any money left</field><next><block type="sound" id="aDLe[FSWw9=s4K!|o5Q?"><field name="NAME">lose</field><next><block type="background" id="yr+TY[W*`P30+UH|Vz@r"><field name="background">https://i.warosu.org/data/biz/img/0005/60/1416784221429.png</field><next><block type="hide_all" id=")e3,)E66:E{oY?c|o`DW"><next><block type="gameover" id="IAoQII{s547]Ky/@)fmw"></block></next></block></next></block></next></block></next></block></statement><next><block type="controls_if" id="ZlR?v6F6tI%iV7]Fu)Bi"><value name="IF0"><block type="logic_compare" id="mWKG9gvn[OP3){|I+*FV"><field name="OP">GTE</field><value name="A"><block type="singleVar" id="HR.F;^HAc?Y+KZ=!xR`P"><field name="varName">Tiredness</field></block></value><value name="B"><block type="math_number" id="_u^1#?P%(}djVA:MLpZ|"><field name="NUM">200</field></block></value></block></value><statement name="DO0"><block type="popup" id="=crD|{gtwEmN;`*1-mu1"><field name="popuptext">Game over! You too tired to travel</field><next><block type="sound" id="Uqs}K4rf7v*ui)U)L@_t"><field name="NAME">lose2</field><next><block type="gameover" id="Qq4|^ZayP[]4Kq(1!.x~"></block></next></block></next></block></statement><next><block type="controls_if" id="R.,H%Zh*I1lpvBO.kSG-"><value name="IF0"><block type="logic_compare" id="Yu5r~[7?*JOJ)CBg_w:K"><field name="OP">GT</field><value name="A"><block type="singleVar" id=":(vnQ#mMc1;sU]cPFp/h"><field name="varName">Money</field></block></value><value name="B"><block type="math_number" id="s*M5vQi:kCro|Bo!Ggsi"><field name="NUM">1150</field></block></value></block></value><statement name="DO0"><block type="popup" id="}aFL2|cuiUh3r]H9Otx/"><field name="popuptext">You had so many money that you got robed! Game over</field><next><block type="video" id=".4O)QGU9KE@mEX|odOHz"><field name="url">https://www.youtube.com/watch?v=votpmwC25Ek</field><next><block type="gameover" id="Z-PCLMeTj.dA+btNIi+E"></block></next></block></next></block></statement><next><block type="controls_if" id="hu0PL5LF.d+1FKvshy?+"><value name="IF0"><block type="logic_operation" id="/E11);q#]u]4k3%vka2H"><field name="OP">AND</field><value name="A"><block type="logic_compare" id="!6-g{DXeUo]n2Swuxo/}"><field name="OP">GTE</field><value name="A"><block type="singleVar" id="IW|4[?e~=TNmbF(TQWZa"><field name="varName">Tiredness</field></block></value><value name="B"><block type="math_number" id="U+#m-x}JUntpVYe)H+fZ"><field name="NUM">100</field></block></value></block></value><value name="B"><block type="current_point_check" id="TY;9X[WbZb-:w~e|tY9G"><field name="pointsNames">Mosqua</field></block></value></block></value><statement name="DO0"><block type="popup" id="O=_(ocur(xs4]FsYVG-;"><field name="popuptext">Game over! You were so tired that you fainted on your way to Mosqua</field><next><block type="sound" id="B1v`|hv3PdNri13IXVle"><field name="NAME">lose</field><next><block type="gameover" id="vyCYE,4cMvYBe%UoK!5V"></block></next></block></next></block></statement><next><block type="controls_if" id="UJyWJ0/k=IN[NBEoJB6;"><value name="IF0"><block type="logic_operation" id="dM6*mBYBli8Bj*u/`)qf"><field name="OP">AND</field><value name="A"><block type="logic_compare" id="Gwbl4fB?SC~3YsXc~-@z"><field name="OP">EQ</field><value name="A"><block type="movescounter" id="Van}Bx{a@^d;bNf@S4kU"></block></value><value name="B"><block type="math_number" id="450wo%}yePJ}y=4K,wf]"><field name="NUM">50</field></block></value></block></value><value name="B"><block type="logic_compare" id="MYebQ6:7s/#1sNDmy*f/"><field name="OP">GTE</field><value name="A"><block type="singleVar" id="8]8im[GC15c3+|6_6/+z"><field name="varName">Joy</field></block></value><value name="B"><block type="math_number" id="{3RuZRZV~,_/wtPHBVQj"><field name="NUM">200</field></block></value></block></value></block></value><statement name="DO0"><block type="popup" id="+*_T,=.UJiqxwHAWs1+9"><field name="popuptext">default</field><next><block type="video" id="5=X,Dq|;lcw3O;O{rN.f"><field name="url">https://www.youtube.com/watch?v=rlGF5ma3gdA</field><next><block type="gameover" id="I4B|P0v2Gbnd:eNceiQz"></block></next></block></next></block></statement></block></next></block></next></block></next></block></next></block></next></block></xml>