<xml xmlns="http://www.w3.org/1999/xhtml"><block type="controls_if" id="rS;yflE|M}MJs[!`5Ix0" x="138" y="39"><value name="IF0"><block type="current_point_check" id=")mQVEbtO9-QJ2Y}W})%H"><field name="pointsNames">Rome</field></block></value><statement name="DO0"><block type="change_layer" id="%h[ytM{;dE+~NLF=a#1M"><field name="layersNames">Ρώμη</field></block></statement><next><block type="controls_if" id="oUgd{3K~U[F@#aF]}ygA"><value name="IF0"><block type="current_point_check" id="bKa8B.OJq4G#3x)B+yMK"><field name="pointsNames">London</field></block></value><statement name="DO0"><block type="change_layer" id="G!(O6(@FL@H+XnfrZp|?"><field name="layersNames">Λονδίνο</field></block></statement><next><block type="controls_if" id="l#UIxm^E=a.1e#G+yQfZ"><value name="IF0"><block type="current_point_check" id="2;}Mfg,?eL4CPx6rC=+y"><field name="pointsNames">Instabul</field></block></value><statement name="DO0"><block type="change_layer" id="qEGqsPLZ5--y2?Rhc!Ci"><field name="layersNames">Κων/πολη</field></block></statement><next><block type="controls_if" id="hzuh|5#V1Oc7hsH;Ak.U"><value name="IF0"><block type="current_point_check" id="vhGK4USCC0YS~^?cj1iX"><field name="pointsNames">Mosqua</field></block></value><statement name="DO0"><block type="change_layer" id="K2GoBT/W4p%EP|3?Wt3p"><field name="layersNames">Μόσχα</field></block></statement><next><block type="controls_if" id="^/*q]1WLs{jKDLo:LeuM"><value name="IF0"><block type="current_point_check" id="dY!#/n1~TWSr~nN:K]UL"><field name="pointsNames">Barcelona</field></block></value><statement name="DO0"><block type="change_layer" id="jKnjj-a?~5lys+NzSU3y"><field name="layersNames">Βαρκελώνη</field></block></statement><next><block type="controls_if" id="4+#|U%;o|f^5)coVvc[6"><value name="IF0"><block type="current_point_check" id="qu!m#of,[C-y,A.2*Dn|"><field name="pointsNames">Exit</field></block></value><statement name="DO0"><block type="change_layer" id="r/l7nQ3pab_SZYPPz#gM"><field name="layersNames">Main</field></block></statement></block></next></block></next></block></next></block></next></block></next></block><block type="controls_if" id="Nli)vyXGcGfj,bXiUsD~" x="502" y="30"><value name="IF0"><block type="logic_compare" id="RnRm^h:at~csx!pP7~k("><field name="OP">EQ</field><value name="A"><block type="singleVar" id="qpt7jn,ze#B=Eqav,EvU"><field name="varName">Money</field></block></value><value name="B"><block type="math_number" id="is.Ro8=WF4G(:YLdW?3-"><field name="NUM">60</field></block></value></block></value><statement name="DO0"><block type="popup" id="vY.-.F5ZFfy}]1*-1yl|"><field name="popuptext">I dont have a lot of money..</field></block></statement><next><block type="controls_if" id="/:EM}F[:XI^{v|FJ5gGi"><value name="IF0"><block type="logic_compare" id="fiQ+S7_n5vKktnTtP6P4"><field name="OP">GTE</field><value name="A"><block type="singleVar" id="e7~+medw;hMc.raQx;.Y"><field name="varName">Tiredness</field></block></value><value name="B"><block type="math_number" id="Yb9qoaVjW]uTMPe{-}vK"><field name="NUM">150</field></block></value></block></value><statement name="DO0"><block type="popup" id="2T}7]A)rBz;%wDH=Mm8["><field name="popuptext">I am really tired</field></block></statement><next><block type="controls_if" id="#G#cOS,Fh+]:+CUCDGdu"><mutation elseif="1"></mutation><value name="IF0"><block type="logic_compare" id="7%V)eY68H.6[cAU%1^2l"><field name="OP">LT</field><value name="A"><block type="singleVar" id="Fqm`B0gJeIIy|^w=c_33"><field name="varName">Joy</field></block></value><value name="B"><block type="math_number" id="SRWiLkbbm.kqO,Vc4y:B"><field name="NUM">10</field></block></value></block></value><statement name="DO0"><block type="popup" id="=Z?q~z:kG%`l75+_;9rs"><field name="popuptext">I am depressed</field></block></statement><value name="IF1"><block type="logic_compare" id="48Vpo^`2/R-}4Jv.CbB?"><field name="OP">GT</field><value name="A"><block type="singleVar" id="=XeMb6]Z_gVs0Jmd02*E"><field name="varName">Joy</field></block></value><value name="B"><block type="math_number" id="K;~]6kMwz0[F/a_otp,)"><field name="NUM">1500</field></block></value></block></value><statement name="DO1"><block type="popup" id="#|q0aLq+PSU}HQg,I]KM"><field name="popuptext">I have a great time :D</field></block></statement><next><block type="controls_if" id="j^*w0lf(1LJ%,g3yF#oO"><value name="IF0"><block type="logic_compare" id=")|xSwc#=({q|J`irisJ9"><field name="OP">GT</field><value name="A"><block type="singleVar" id="95FlAR%6[FEp7bOvOcvj"><field name="varName">Money</field></block></value><value name="B"><block type="math_number" id="eODP2`.l_aHbF^IlA`g2"><field name="NUM">1050</field></block></value></block></value><statement name="DO0"><block type="popup" id="a=MQ1s?-.!OQ7!/ph*2y"><field name="popuptext">You have a lot of money! Go and spend some!</field></block></statement></block></next></block></next></block></next></block></xml>