[{"id":32,"description":"ALUMINUM","values":{"ENERGY_SAVING":"5","COMFORT":"8","MONEY":"-2500","POLLUTION":"2","ENERGY_UPGRADE":"8"},"imguri":"","layers":"Main","isDummy":false,"latlng":{"lat":174.38955514777751,"lng":55.3967853539978}},{"id":35,"description":"WOODEN","values":{"ENERGY_SAVING":"0","COMFORT":"-5","MONEY":"-800","POLLUTION":"1","ENERGY_UPGRADE":"0"},"imguri":"","layers":"Main","isDummy":false,"latlng":{"lat":141.22261643518362,"lng":141.39570448545604}},{"id":38,"description":"HAND HANDLE","values":{"ENERGY_SAVING":"1","COMFORT":"-4","MONEY":"-100","POLLUTION":"-5","ENERGY_UPGRADE":"0"},"imguri":"","layers":"Main","isDummy":false,"latlng":{"lat":110.84320848088954,"lng":345.6570416899912}},{"id":41,"description":"AUTOMATION","values":{"ENERGY_SAVING":"-2","COMFORT":"4","MONEY":"-500","POLLUTION":"1","ENERGY_UPGRADE":"3"},"imguri":"","layers":"Main","isDummy":false,"latlng":{"lat":70.91836585534178,"lng":429.4340789181438}},{"id":44,"description":"LIQUID GASS","values":{"ENERGY_SAVING":"5","COMFORT":"-2","MONEY":"-350","POLLUTION":"1","ENERGY_UPGRADE":"4"},"imguri":"","layers":"Main","isDummy":false,"latlng":{"lat":75.64504748959651,"lng":605.2990381948471}},{"id":47,"description":"ELECTRIC KITCHEN","values":{"ENERGY_SAVING":"-2","COMFORT":"3","MONEY":"-180","POLLUTION":"3","ENERGY_UPGRADE":"0"},"imguri":"","layers":"Main","isDummy":false,"latlng":{"lat":43.9475600484638,"lng":747.589308113979}},{"id":50,"description":"WIND GENERATOR","values":{"ENERGY_SAVING":"5","COMFORT":"-10","MONEY":"-3000","POLLUTION":"-5","ENERGY_UPGRADE":"20"},"imguri":"","layers":"Main","isDummy":false,"latlng":{"lat":167.0114122681883,"lng":859.2246642457931}},{"id":53,"description":"PHOTOVOLTAICS","values":{"ENERGY_SAVING":"10","COMFORT":"-7","MONEY":"-7500","POLLUTION":"-8","ENERGY_UPGRADE":"30"},"imguri":"","layers":"Main","isDummy":false,"latlng":{"lat":88.35468430303436,"lng":891.8182578066622}},{"id":56,"description":"PUBLIC POWER CORPORATION","values":{"ENERGY_SAVING":"-10","COMFORT":"10","MONEY":"-500","POLLUTION":"10","ENERGY_UPGRADE":"0"},"imguri":"","layers":"Main","isDummy":false,"latlng":{"lat":143.39901503838573,"lng":965.5496197047029}},{"id":59,"description":"SOLAR WATER HEATER","values":{"ENERGY_SAVING":"4","COMFORT":"5","MONEY":"-700","POLLUTION":"-8","ENERGY_UPGRADE":"5"},"imguri":"","layers":"Main","isDummy":false,"latlng":{"lat":333.45181537041384,"lng":876.175104938211}},{"id":62,"description":"ELECTRIC WATER HEATER","values":{"ENERGY_SAVING":"-3","COMFORT":"5","MONEY":"-170","POLLUTION":"3","ENERGY_UPGRADE":"0"},"imguri":"","layers":"Main","isDummy":false,"latlng":{"lat":301.06990014265335,"lng":777.3650348583236}},{"id":65,"description":"LED LIGHTING","values":{"ENERGY_SAVING":"3","COMFORT":"2","MONEY":"-350","POLLUTION":"0","ENERGY_UPGRADE":"2"},"imguri":"","layers":"Main","isDummy":false,"latlng":{"lat":344.46698704838116,"lng":519.2648746065353}},{"id":68,"description":"ΦΩΤΙΣFLUORESCENT LIGHTINGΤΙΚΑ ΦΘΟΡΙΣΜΟΥ","values":{"ENERGY_SAVING":"1","COMFORT":"-2","MONEY":"-200","POLLUTION":"1","ENERGY_UPGRADE":"1"},"imguri":"","layers":"Main","isDummy":false,"latlng":{"lat":369.1353736062088,"lng":631.6234426286073}},{"id":71,"description":"LIGHTING WITH incandescent bulbs","values":{"ENERGY_SAVING":"0","COMFORT":"-1","MONEY":"-120","POLLUTION":"1","ENERGY_UPGRADE":"0"},"imguri":"","layers":"Main","isDummy":false,"latlng":{"lat":381.67836866695626,"lng":390.4185185185185}},{"id":74,"description":"OIL BURNER","values":{"ENERGY_SAVING":"-3","COMFORT":"4","MONEY":"-1500","POLLUTION":"5","ENERGY_UPGRADE":"0"},"imguri":"","layers":"Main","isDummy":false,"latlng":{"lat":382.6733178440387,"lng":240.4727322680471}},{"id":77,"description":"WATER HEATER PUMP","values":{"ENERGY_SAVING":"3","COMFORT":"2","MONEY":"-4000","POLLUTION":"2","ENERGY_UPGRADE":"3"},"imguri":"","layers":"Main","isDummy":false,"latlng":{"lat":325.82498969000426,"lng":113.50729174445833}},{"id":80,"description":"GAS","values":{"ENERGY_SAVING":"1","COMFORT":"4","MONEY":"-2500","POLLUTION":"3","ENERGY_UPGRADE":"3"},"imguri":"","layers":"Main","isDummy":false,"latlng":{"lat":364.4598386748008,"lng":147.110929063937}},{"id":83,"description":"ENERGY FIREPLACE","values":{"ENERGY_SAVING":"2","COMFORT":"2","MONEY":"-1050","POLLUTION":"2","ENERGY_UPGRADE":"3"},"imguri":"","layers":"Main","isDummy":false,"latlng":{"lat":280.3686706604234,"lng":49.883415162157775}},{"id":86,"description":"A/C","values":{"ENERGY_SAVING":"-1","COMFORT":"1","MONEY":"-500","POLLUTION":"2","ENERGY_UPGRADE":"1"},"imguri":"","layers":"Main","isDummy":false,"latlng":{"lat":311.0329430378914,"lng":234.72140631805073}}]