<xml xmlns="http://www.w3.org/1999/xhtml"><block type="controls_if" id="oUgd{3K~U[F@#aF]}ygA" x="237" y="107"><value name="IF0"><block type="logic_compare" id="~a@gT-aydG21O-1G.sjK"><field name="OP">LT</field><value name="A"><block type="singleVar" id="RTuC:_mI#d@k69q|ly)+"><field name="varName">ENERGY_SAVING</field></block></value><value name="B"><block type="math_number" id="qIM#58w_X12vI;dXPueD"><field name="NUM">-20</field></block></value></block></value><statement name="DO0"><block type="popup" id="[XMzb=tiZEwjnqR(]mUV"><field name="popuptext">GREAT WASTE OF ENERGY</field><next><block type="gameover" id="MLR/6i}9oB6st5-+BGN}"></block></next></block></statement><next><block type="controls_if" id="%vZ+s%vm~bEL~ma]Tl6%"><value name="IF0"><block type="logic_compare" id="q)7(r(KpRcXJS#cR?_;d"><field name="OP">LT</field><value name="A"><block type="singleVar" id="Q/uh]Z^Ov)4Oq`MX]h3J"><field name="varName">COMFORT</field></block></value><value name="B"><block type="math_number" id="vWsbM=|,q0RCLV+VE6-i"><field name="NUM">-20</field></block></value></block></value><statement name="DO0"><block type="popup" id="yhqwTY3H!p==*Zr3Zny5"><field name="popuptext">YOUR HOUSE IS NOT COMFORTABLE.</field><next><block type="gameover" id="+hoKQLGiT4:u/efSjKOt"></block></next></block></statement><next><block type="controls_if" id="3K]n]IR|J5:lwTD5+BeE"><value name="IF0"><block type="logic_compare" id="u;lJ|;2B?V;yhqf%XTt;"><field name="OP">LT</field><value name="A"><block type="singleVar" id="i#g|:M{/83{!mzC=Edp("><field name="varName">MONEY</field></block></value><value name="B"><block type="math_number" id="ivYv;691vy#]1+c,+J:?"><field name="NUM">0</field></block></value></block></value><statement name="DO0"><block type="popup" id="`1#z4S;DdWOW5vj?AG7="><field name="popuptext">YOU SPENT THE ENTIRE BONUS.</field><next><block type="gameover" id="II-JxOus!o.mZ+YtXAbR"></block></next></block></statement><next><block type="controls_if" id="/EDN:bxvCmp]KJEYt41A"><value name="IF0"><block type="logic_compare" id="MnKu3I:0A@zw0/S~sJ=*"><field name="OP">LT</field><value name="A"><block type="singleVar" id="OT@)yKvOwp}F^z]oj^z="><field name="varName">ENERGY_UPGRADE</field></block></value><value name="B"><block type="math_number" id="US[2#(l*CI0@a|9ZoY[E"><field name="NUM">0</field></block></value></block></value><statement name="DO0"><block type="popup" id="8|sMC_7h8%!dX+x:r8@p"><field name="popuptext">default</field><next><block type="gameover" id="t(=}}tA%D)f}pC`X!jY4"></block></next></block></statement><next><block type="controls_if" id="T#|E1d@)]=X#W^[R%ah/"><value name="IF0"><block type="logic_compare" id="pui;a/A_jcMmWqjF=F}T"><field name="OP">GT</field><value name="A"><block type="singleVar" id=".Dng,@Yd}jKec~W5Co!("><field name="varName">POLLUTION</field></block></value><value name="B"><block type="math_number" id="n_66~Bw19J3[e((e,[~2"><field name="NUM">20</field></block></value></block></value><statement name="DO0"><block type="popup" id="vlV!d^Mu{/.Yw~]-UKPl"><field name="popuptext">YOUR CHOICES CAUSE ENVIRONMENTAL POLLUTION AND CLIMATE CHANGE</field><next><block type="gameover" id="-OiX`O.G!Cc.jW75KXPb"></block></next></block></statement></block></next></block></next></block></next></block></next></block></xml>