<xml xmlns="http://www.w3.org/1999/xhtml"><block type="controls_if" id="oUgd{3K~U[F@#aF]}ygA" x="257" y="181"><value name="IF0"><block type="current_point_check" id="P8YbLu[|ML:w]t9icZEe"><field name="pointsNames">WIND GENERATOR</field></block></value><statement name="DO0"><block type="popup" id="[Q+z*@b?dHC7[R=3+,rX"><field name="popuptext">YOU HAVE ELECTRICITY FOR LIMITED CONSUMPTION! GO ON WITH THE ENERGY UPGRADE.</field><next><block type="show_all" id="uC5r:zr9|M,e81(L!f[2"></block></next></block></statement><next><block type="controls_if" id="]GN|LHX9=I{{wHLwdj|]"><value name="IF0"><block type="current_point_check" id="XU[od~]|H%!;].s-ZM:)"><field name="pointsNames">PHOTOVOLTAICS</field></block></value><statement name="DO0"><block type="popup" id="@Jxg,SQ_M[(~oweAxBaO"><field name="popuptext">YOU HAVE ELECTRICITY! GO ON WITH THE UPGRADE.</field><next><block type="show_all" id="YK4aw-k%R*r?Y{E)UxTx"></block></next></block></statement><next><block type="controls_if" id="py:TP(LQdoSr#AmJ?mZO"><value name="IF0"><block type="current_point_check" id="J#B!##20/l@r_)+,IT4["><field name="pointsNames">PUBLIC POWER CORPORATION</field></block></value><statement name="DO0"><block type="popup" id="4A*Vb@rT,seHqzrxuX4u"><field name="popuptext">YOU HAVE ELECTRICITY! GO ON WITH THE UPGRADE.</field><next><block type="show_all" id="]:k9,}^2F/.e8DP:bVTO"></block></next></block></statement></block></next></block></next></block></xml>