<xml xmlns="http://www.w3.org/1999/xhtml"><block type="initialvalues" id="7%pi|u/wU`(M`t7@0~7Z" x="151" y="32"><statement name="Initial Values"><block type="hide_all" id="q56s4=Z8mzs]H%ykAE2b"><next><block type="show_point" id="pfsWOHRcJsWWdWdFE(3("><field name="pointsNames">PHOTOVOLTAICS</field><next><block type="show_point" id="1.@u[=AuN3kUyYc~],f0"><field name="pointsNames">WIND GENERATOR</field><next><block type="show_point" id="oOli#t;1_DVUMD,[B}9]"><field name="pointsNames">PUBLIC POWER CORPORATION</field><next><block type="initialValue" id="id1"><field name="varName">ENERGY_SAVING</field><value name="varVal"><block type="math_number" id="var1"><field name="NUM">0</field></block></value><next><block type="initialValue" id="id2"><field name="varName">COMFORT</field><value name="varVal"><block type="math_number" id="var2"><field name="NUM">0</field></block></value><next><block type="initialValue" id="x)],^OZ-j~/FU9eBNQa#"><field name="varName">MONEY</field><value name="varVal"><block type="math_number" id="~L}9lnO.aslR=7c%C`ze"><field name="NUM">10000</field></block></value><next><block type="initialValue" id="JGTIuC5:dwEpR9DB``9)"><field name="varName">ENERGY_UPGRADE</field><value name="varVal"><block type="math_number" id="RM3,BvkAo/Amb2[p)55]"><field name="NUM">0</field></block></value><next><block type="initialValue" id="7X;A)k,fX71BN(t_|Kk~"><field name="varName">POLLUTION</field><value name="varVal"><block type="math_number" id="O7T-HjncEZ.|m1BQzuIQ"><field name="NUM">0</field></block></value></block></next></block></next></block></next></block></next></block></next></block></next></block></next></block></next></block></statement></block></xml>