[{"id":44,"description":"mall","values":{"Χρήματα":"-10","Κούραση":"-2","Χρόνος":"-5","Διάθεση":"5","Πείνα":"-1","Eπικινδυνότητα_σε_covid_19":"-10","Γνώσεις":"0"},"imguri":"","layers":"Main","isDummy":false,"latlng":{"lat":294.78000000000003,"lng":566.0390684368156}},{"id":47,"description":"Μουσείο","values":{"Χρήματα":"-2","Κούραση":"-2","Χρόνος":"-2","Διάθεση":"3","Πείνα":"0","Eπικινδυνότητα_σε_covid_19":"-6","Γνώσεις":"10"},"imguri":"","layers":"Main","isDummy":false,"latlng":{"lat":395.51714285714286,"lng":473.1141209601716}},{"id":50,"description":"Αρχαιολογικός χώρος","values":{"Χρήματα":"-1","Κούραση":"-2","Χρόνος":"-3","Διάθεση":"3","Πείνα":"-1","Eπικινδυνότητα_σε_covid_19":"0","Γνώσεις":"8"},"imguri":"","layers":"Main","isDummy":false,"latlng":{"lat":379.8285714285714,"lng":769.0363267921267}},{"id":53,"description":"Παραλία","values":{"Χρήματα":"-3","Κούραση":"-5","Χρόνος":"-5","Διάθεση":"8","Πείνα":"-4","Eπικινδυνότητα_σε_covid_19":"-1","Γνώσεις":"0"},"imguri":"","layers":"Main","isDummy":false,"latlng":{"lat":437.62857142857143,"lng":82.99691564972511}},{"id":56,"description":"Πάρκο","values":{"Χρήματα":"0","Κούραση":"1","Χρόνος":"0","Διάθεση":"2","Πείνα":"0","Eπικινδυνότητα_σε_covid_19":"1","Γνώσεις":"0"},"imguri":"","layers":"Main","isDummy":false,"latlng":{"lat":331.9371428571429,"lng":56.74639786628529}},{"id":59,"description":"Εξοδος mall","values":{"Χρήματα":"0","Κούραση":"0","Χρόνος":"0","Διάθεση":"0","Πείνα":"0","Eπικινδυνότητα_σε_covid_19":"0","Γνώσεις":"0"},"imguri":"","layers":"the-mall-athens-summer33.jpg","isDummy":false,"latlng":{"lat":334.41428571428577,"lng":489.08977396331557}},{"id":60,"description":"Έξοδος από αρχαιολογικός χώρος","values":{"Χρήματα":"0","Κούραση":"0","Χρόνος":"0","Διάθεση":"0","Πείνα":"0","Eπικινδυνότητα_σε_covid_19":"0","Γνώσεις":"0"},"imguri":"","layers":"αρχαία αγορα.jpg","isDummy":false,"latlng":{"lat":52.019999999999996,"lng":923.0681984116341}},{"id":61,"description":"Public","values":{"Χρήματα":"-5","Κούραση":"-1","Χρόνος":"-2","Διάθεση":"1","Πείνα":"0","Eπικινδυνότητα_σε_covid_19":"-5","Γνώσεις":"0"},"imguri":"","layers":"the-mall-athens-summer33.jpg","isDummy":false,"latlng":{"lat":217.16285714285715,"lng":325.0280869578173}},{"id":62,"description":"ATM","values":{"Χρήματα":"25","Κούραση":"-5","Χρόνος":"-10","Διάθεση":"-10","Πείνα":"0","Eπικινδυνότητα_σε_covid_19":"-10","Γνώσεις":"0"},"imguri":"","layers":"the-mall-athens-summer33.jpg","isDummy":false,"latlng":{"lat":537.5400000000001,"lng":399.03905353657274}},{"id":63,"description":"Έξοδος από το public","values":{"Χρήματα":"0","Κούραση":"0","Χρόνος":"0","Διάθεση":"0","Πείνα":"0","Eπικινδυνότητα_σε_covid_19":"0","Γνώσεις":"0"},"imguri":"","layers":"public.jpg","isDummy":false,"latlng":{"lat":32.20285714285714,"lng":858.2056084514179}},{"id":64,"description":"Βιβλία","values":{"Χρήματα":"-2","Κούραση":"-1","Χρόνος":"0","Διάθεση":"5","Πείνα":"0","Eπικινδυνότητα_σε_covid_19":"","Γνώσεις":""},"imguri":"","layers":"public.jpg","isDummy":false,"latlng":{"lat":299.7342857142857,"lng":788.9763533145592}},{"id":65,"description":"Η/Υ - Κινητά","values":{"Χρήματα":"-10","Κούραση":"-1","Χρόνος":"0","Διάθεση":"10","Πείνα":"0","Eπικινδυνότητα_σε_covid_19":"","Γνώσεις":""},"imguri":"","layers":"public.jpg","isDummy":false,"latlng":{"lat":320.37714285714287,"lng":544.911581958786}},{"id":66,"description":"Φωτ.Μηχανές","values":{"Χρήματα":"-6","Κούραση":"-1","Χρόνος":"0","Διάθεση":"5","Πείνα":"0","Eπικινδυνότητα_σε_covid_19":"","Γνώσεις":""},"imguri":"","layers":"public.jpg","isDummy":false,"latlng":{"lat":304.68857142857144,"lng":46.722065769671985}},{"id":67,"description":"Καφέ","values":{"Χρήματα":"-6","Κούραση":"","Χρόνος":"","Διάθεση":"","Πείνα":"","Eπικινδυνότητα_σε_covid_19":"","Γνώσεις":""},"imguri":"","layers":"Ακρόπολης.jpg","isDummy":false,"latlng":{"lat":394.69142857142856,"lng":179.7402291657353}},{"id":68,"description":"Έξοδος από Μουσείο","values":{"Χρήματα":"0","Κούραση":"0","Χρόνος":"0","Διάθεση":"0","Πείνα":"0","Eπικινδυνότητα_σε_covid_19":"0","Γνώσεις":"0"},"imguri":"","layers":"Ακρόπολης.jpg","isDummy":false,"latlng":{"lat":67.70857142857143,"lng":773.9461952229819}},{"id":69,"description":"Ξεναγηση","values":{"Χρήματα":"-6","Κούραση":"","Χρόνος":"","Διάθεση":"","Πείνα":"","Eπικινδυνότητα_σε_covid_19":"","Γνώσεις":""},"imguri":"","layers":"Ακρόπολης.jpg","isDummy":false,"latlng":{"lat":285.69714285714286,"lng":207.03255703067964}},{"id":70,"description":"Παριπλάνηση","values":{"Χρήματα":"0","Κούραση":"","Χρόνος":"","Διάθεση":"","Πείνα":"","Eπικινδυνότητα_σε_covid_19":"","Γνώσεις":""},"imguri":"","layers":"Ακρόπολης.jpg","isDummy":false,"latlng":{"lat":217.98857142857145,"lng":257.0496923099846}},{"id":71,"description":"Έξοδος από παραλία","values":{"Χρήματα":"0","Κούραση":"","Χρόνος":"","Διάθεση":"","Πείνα":"","Eπικινδυνότητα_σε_covid_19":"","Γνώσεις":""},"imguri":"","layers":"akti-iliou.jpg","isDummy":false,"latlng":{"lat":361.6628571428571,"lng":763.9742970810423}},{"id":72,"description":"Ξαπλώστρα","values":{"Χρήματα":"0","Κούραση":"","Χρόνος":"","Διάθεση":"","Πείνα":"","Eπικινδυνότητα_σε_covid_19":"","Γνώσεις":""},"imguri":"","layers":"akti-iliou.jpg","isDummy":false,"latlng":{"lat":239.45714285714288,"lng":648.9407119336045}},{"id":73,"description":"water sports","values":{"Χρήματα":"0","Κούραση":"","Χρόνος":"","Διάθεση":"","Πείνα":"","Eπικινδυνότητα_σε_covid_19":"","Γνώσεις":""},"imguri":"","layers":"akti-iliou.jpg","isDummy":false,"latlng":{"lat":372.39714285714285,"lng":484.99725835531115}},{"id":74,"description":"Ελεύθερα","values":{"Χρήματα":"0","Κούραση":"","Χρόνος":"","Διάθεση":"","Πείνα":"","Eπικινδυνότητα_σε_covid_19":"","Γνώσεις":""},"imguri":"","layers":"akti-iliou.jpg","isDummy":false,"latlng":{"lat":397.16857142857145,"lng":709.9928031826919}}]