<xml xmlns="http://www.w3.org/1999/xhtml"><block type="controls_if" id="93x[:#X1jH8]cW|UR;hA" x="3" y="-76"><value name="IF0"><block type="current_point_check" id="UBkrV%U[?Q?Jmc#cs2?Z"><field name="pointsNames">mall</field></block></value><statement name="DO0"><block type="change_layer" id="+(lr~nj=e~tifx@hzX5E"><field name="layersNames">the-mall-athens-summer33.jpg</field></block></statement><next><block type="controls_if" id="Shb09B5SyA2EXXITLq9I"><value name="IF0"><block type="current_point_check" id="Ey5]YckZh9eNwBw^sSCf"><field name="pointsNames">Εξοδος mall</field></block></value><statement name="DO0"><block type="change_layer" id="?S}gyEJcRIeo[=t(`shU"><field name="layersNames">Main</field></block></statement><next><block type="controls_if" id="SR+;~}8%4,TnEHZ|wIrg"><value name="IF0"><block type="current_point_check" id="kZt/jX3v#B1@!?HIo4hU"><field name="pointsNames">Αρχαιολογικός χώρος</field></block></value><statement name="DO0"><block type="change_layer" id="d.]7c_GG=t/p-GZ{Klo@"><field name="layersNames">αρχαία αγορα.jpg</field></block></statement><next><block type="controls_if" id="Jf5hSs(hm54|Q6j@jz`~"><value name="IF0"><block type="current_point_check" id="Xr?Z*bigmK!W(!pa~9}C"><field name="pointsNames">Έξοδος από αρχαιολογικός χώρος</field></block></value><statement name="DO0"><block type="change_layer" id="(0b76rDkR_WNM9Vp%H2["><field name="layersNames">Main</field></block></statement><next><block type="controls_if" id="Z|h@u+mN`yz{-ina+C@T"><value name="IF0"><block type="current_point_check" id="ofp,J^sEH8ux(DLV;0Z+"><field name="pointsNames">Public</field></block></value><statement name="DO0"><block type="change_layer" id="}U~tDY?~U3)+Z5u1Y[!;"><field name="layersNames">public.jpg</field></block></statement><next><block type="controls_if" id="ucWhkqa5tcoZt1M}n,-@"><value name="IF0"><block type="current_point_check" id="ld.Kys_(C,P%?iD_3mA*"><field name="pointsNames">Έξοδος από το public</field></block></value><statement name="DO0"><block type="change_layer" id="Jm)UG;-OFB/9G,8AzE7:"><field name="layersNames">the-mall-athens-summer33.jpg</field></block></statement><next><block type="controls_if" id="O2a6gW}07NBzHdVx%v+j"><value name="IF0"><block type="current_point_check" id="?t:bsohdF`4OxO0`,,N}"><field name="pointsNames">Έξοδος από Μουσείο</field></block></value><statement name="DO0"><block type="change_layer" id="6ovH%c~e(O(0jCN8j|~H"><field name="layersNames">Main</field></block></statement><next><block type="controls_if" id="V.]1St,ktV6(#]d(Iwnl"><value name="IF0"><block type="current_point_check" id="DeW^DN_ymGYP8bXx=tj#"><field name="pointsNames">Μουσείο</field></block></value><statement name="DO0"><block type="change_layer" id="*E?Ya0DwB_ZU^_^dWrne"><field name="layersNames">Ακρόπολης.jpg</field><next><block type="video" id="U0C{+xe#^!h*wRD--/@H"><field name="url">https://www.youtube.com/watch?v=mzYBxeo_XNw</field></block></next></block></statement><next><block type="controls_if" id="iWfnz,B*T}|aVL@m?84#"><value name="IF0"><block type="current_point_check" id="ggN[[RvN)Cbif!zrABA0"><field name="pointsNames">Παραλία</field></block></value><statement name="DO0"><block type="change_layer" id="I:+^s}@g*OE,n!kO@g#U"><field name="layersNames">akti-iliou.jpg</field></block></statement><next><block type="controls_if" id="{JY%@mugqtqemeY?5A?^"><value name="IF0"><block type="current_point_check" id="B`+XZXrw^q1HVGCk]lU!"><field name="pointsNames">Έξοδος από παραλία</field></block></value><statement name="DO0"><block type="change_layer" id="Jps}6;3iZ#V3!/6pEgDc"><field name="layersNames">Main</field></block></statement></block></next></block></next></block></next></block></next></block></next></block></next></block></next></block></next></block></next></block></xml>