<xml xmlns="http://www.w3.org/1999/xhtml"><block type="initialvalues" id="7%pi|u/wU`(M`t7@0~7Z" x="517" y="141"><statement name="Initial Values"><block type="initialValue" id="id1"><field name="varName">Χρήματα</field><value name="varVal"><block type="math_number" id="var1"><field name="NUM">45</field></block></value><next><block type="initialValue" id="id2"><field name="varName">Κούραση</field><value name="varVal"><block type="math_number" id="var2"><field name="NUM">100</field></block></value><next><block type="initialValue" id="R,ZzM^OzCY,nqm(l/~Ar"><field name="varName">Χρόνος</field><value name="varVal"><block type="math_number" id="79EZ.=O_4nanR66^8Z5D"><field name="NUM">100</field></block></value><next><block type="initialValue" id="@*87cL[,h=.3O12yTJJJ"><field name="varName">Διάθεση</field><value name="varVal"><block type="math_number" id="Hgd!2-Sa|@Q4UL[,zyXD"><field name="NUM">100</field></block></value><next><block type="initialValue" id="X/45}HjkFq7=R62KAf9Y"><field name="varName">Πείνα</field><value name="varVal"><block type="math_number" id="S!#U3_s|.y7D:,ZXG~z1"><field name="NUM">100</field></block></value><next><block type="initialValue" id="M.ASPgsN]1iP=y]?zBcq"><field name="varName">Eπικινδυνότητα_σε_covid_19</field><value name="varVal"><block type="math_number" id=";w7uMLbH~wE7!]Pz@P8u"><field name="NUM">100</field></block></value><next><block type="initialValue" id=",V*XwiZ0F3pEIK1TT(!?"><field name="varName">Γνώσεις</field><value name="varVal"><block type="math_number" id="oOUrMlhJ#P`F]bF*`a`0"><field name="NUM">100</field></block></value></block></next></block></next></block></next></block></next></block></next></block></next></block></statement></block></xml>