[{"id":32,"description":"Locally made new","values":{"Planet":"2","People":"3","Profit":"-2"},"imguri":"","layers":"Main","isDummy":false,"latlng":{"lat":106.82770613558833,"lng":345.7970772010044}},{"id":35,"description":"Imported low price clothing","values":{"Planet":"-2","People":"3","Profit":"2"},"imguri":"","layers":"Main","isDummy":false,"latlng":{"lat":218.6944550134214,"lng":67.52134514711894}},{"id":38,"description":"Own brand clothing","values":{"Planet":"-4","People":"3","Profit":"1"},"imguri":"","layers":"Main","isDummy":false,"latlng":{"lat":302.34256453468396,"lng":267.01396655869604}},{"id":41,"description":"Second Hand clothing","values":{"Planet":"3","People":"5","Profit":"-3"},"imguri":"","layers":"Main","isDummy":false,"latlng":{"lat":395.0609509919871,"lng":427.1718438387787}}]