<xml xmlns="http://www.w3.org/1999/xhtml"><block type="controls_if" id="oUgd{3K~U[F@#aF]}ygA" x="181" y="223"><value name="IF0"><block type="logic_compare" id="~a@gT-aydG21O-1G.sjK"><field name="OP">LT</field><value name="A"><block type="singleVar" id="RTuC:_mI#d@k69q|ly)+"><field name="varName">Planet</field></block></value><value name="B"><block type="math_number" id="qIM#58w_X12vI;dXPueD"><field name="NUM">-5</field></block></value></block></value><statement name="DO0"><block type="popup" id="[Q+z*@b?dHC7[R=3+,rX"><field name="popuptext">Be careful!!Your choices have to be more sustainable.</field></block></statement><next><block type="controls_if" id="RHZ8`XHEVS350,zkSN{~"><value name="IF0"><block type="logic_compare" id=",1}Vr5rGbxnm=FN75TWV"><field name="OP">LT</field><value name="A"><block type="singleVar" id="z{.4C?KF-r!gq3LAN}Hd"><field name="varName">People</field></block></value><value name="B"><block type="math_number" id="g;?%#S-A!!.-#3uxx2Hu"><field name="NUM">-5</field></block></value></block></value><statement name="DO0"><block type="popup" id="|xW^;TF{D{TUC/cSJ-5*"><field name="popuptext">Shareholders have complaints...</field></block></statement><next><block type="controls_if" id="WPAFa@,6,Q%SbUmCoEnA"><value name="IF0"><block type="logic_compare" id="#/sxyHXc=Hy8*N;a)Pwz"><field name="OP">LT</field><value name="A"><block type="singleVar" id="uORW@~_u-fnbu;yoc(#C"><field name="varName">Profit</field></block></value><value name="B"><block type="math_number" id="Db{?T]RWz.:snGh0#1*w"><field name="NUM">-5</field></block></value></block></value><statement name="DO0"><block type="popup" id="+)oB#B`%cPf/iruMoFC("><field name="popuptext">Make more profitable choices...</field></block></statement></block></next></block></next></block></xml>