<xml xmlns="http://www.w3.org/1999/xhtml"><block type="controls_if" id="oUgd{3K~U[F@#aF]}ygA" x="94" y="50"><value name="IF0"><block type="logic_compare" id="~a@gT-aydG21O-1G.sjK"><field name="OP">LT</field><value name="A"><block type="singleVar" id="RTuC:_mI#d@k69q|ly)+"><field name="varName">Planet</field></block></value><value name="B"><block type="math_number" id="qIM#58w_X12vI;dXPueD"><field name="NUM">-10</field></block></value></block></value><statement name="DO0"><block type="popup" id="[XMzb=tiZEwjnqR(]mUV"><field name="popuptext">Your choices were not environmentally friendly enough.</field><next><block type="gameover" id="MLR/6i}9oB6st5-+BGN}"></block></next></block></statement><next><block type="controls_if" id="r5W6]A`+upHcK*Qkp(7c"><value name="IF0"><block type="logic_compare" id="%;OvE5_%L%(y+Zpa4G(M"><field name="OP">LTE</field><value name="A"><block type="singleVar" id="^F?cW!-uH{X{zG{KaG/!"><field name="varName">People</field></block></value><value name="B"><block type="math_number" id="}C{o0QZeqTGnVuCi^SaN"><field name="NUM">-10</field></block></value></block></value><statement name="DO0"><block type="popup" id="0D/_{G.VJL^@A9kAi`K{"><field name="popuptext">Not all shareholders are content with your choices.</field><next><block type="gameover" id="LfjVycCvSa_zhWz;b_J)"></block></next></block></statement><next><block type="controls_if" id=";I|Zef6TPC-=@7k9jo|x"><value name="IF0"><block type="logic_compare" id="~z1Uc+EJc:zez)?[k3/~"><field name="OP">LT</field><value name="A"><block type="singleVar" id="J5k}Om1VEhRZcuw},@b+"><field name="varName">Profit</field></block></value><value name="B"><block type="math_number" id="i}C`e12n)T5k=PtDy|A."><field name="NUM">-10</field></block></value></block></value><statement name="DO0"><block type="popup" id="E]n64,lP!BaO:e_(FeT~"><field name="popuptext">Your choices were not profitable.</field><next><block type="gameover" id="pxd8Q*XoC+[]/W:%O,Q+"></block></next></block></statement></block></next></block></next></block></xml>