[{"id":32,"description":"Stake","values":{"Time":"6","Money":"-4","Packaging_Ecological_Footprint":"3","Production_Ecological_Footprint":"3"},"imguri":"","layers":"Main","latlng":{"lat":445.5745582425669,"lng":77.42279050800005}},{"id":35,"description":"Ready meal","values":{"Time":"6","Money":"-5","Packaging_Ecological_Footprint":"3","Production_Ecological_Footprint":"3"},"imguri":"","layers":"Main","latlng":{"lat":450.5745429910223,"lng":204.23395404993823}},{"id":38,"description":"Cereals","values":{"Time":"6","Money":"-2","Packaging_Ecological_Footprint":"3","Production_Ecological_Footprint":"3"},"imguri":"","layers":"Main","latlng":{"lat":455.16809217243315,"lng":347.06447551266285}},{"id":41,"description":"Chocolate","values":{"Time":"6","Money":"-3","Packaging_Ecological_Footprint":"3","Production_Ecological_Footprint":"3"},"imguri":"","layers":"Main","latlng":{"lat":378.9791099672716,"lng":131.6331035366287}},{"id":44,"description":"Sausages","values":{"Time":"6","Money":"-3","Packaging_Ecological_Footprint":"3","Production_Ecological_Footprint":"3"},"imguri":"","layers":"Main","latlng":{"lat":392.77873319880365,"lng":240.04296840812106}},{"id":47,"description":"Milk","values":{"Time":"6","Money":"-3","Packaging_Ecological_Footprint":"3","Production_Ecological_Footprint":"3"},"imguri":"","layers":"Main","isDummy":false,"latlng":{"lat":353.3760653164387,"lng":334.2640578895018}},{"id":50,"description":"Salad","values":{"Time":"6","Money":"-2","Packaging_Ecological_Footprint":"3","Production_Ecological_Footprint":"3"},"imguri":"","layers":"Main","isDummy":false,"latlng":{"lat":321.5821546181045,"lng":207.64599863916123}},{"id":53,"description":"Chicken chips","values":{"Time":"6","Money":"-4","Packaging_Ecological_Footprint":"3","Production_Ecological_Footprint":"3"},"imguri":"","layers":"Main","isDummy":false,"latlng":{"lat":342.5783564303357,"lng":29.20173156059434}},{"id":56,"description":"Garlic in packaging","values":{"Time":"6","Money":"-2","Packaging_Ecological_Footprint":"3","Production_Ecological_Footprint":"3"},"imguri":"","layers":"Main","isDummy":false,"latlng":{"lat":272.1832696719638,"lng":97.61804398335312}},{"id":59,"description":"Apples","values":{"Time":"6","Money":"-4","Packaging_Ecological_Footprint":"0","Production_Ecological_Footprint":"3"},"imguri":"","layers":"Main","isDummy":false,"latlng":{"lat":236.38369219506552,"lng":38.40558940446283}},{"id":62,"description":"Fish in packaging","values":{"Time":"6","Money":"-4","Packaging_Ecological_Footprint":"3","Production_Ecological_Footprint":"3"},"imguri":"","layers":"Main","isDummy":false,"latlng":{"lat":273.17757239031056,"lng":262.2661918062697}},{"id":65,"description":"Almonds","values":{"Time":"2","Money":"-2.5","Packaging_Ecological_Footprint":"3","Production_Ecological_Footprint":"2"},"imguri":"","layers":"Main","isDummy":false,"latlng":{"lat":451.97151359173404,"lng":510.2962956458334}},{"id":68,"description":"Rice","values":{"Time":"2","Money":"-3","Packaging_Ecological_Footprint":"3","Production_Ecological_Footprint":"3"},"imguri":"","layers":"Main","isDummy":false,"latlng":{"lat":434.37036803478554,"lng":618.7212506045764}},{"id":71,"description":"Tin Sausage","values":{"Time":"2","Money":"-2","Packaging_Ecological_Footprint":"2","Production_Ecological_Footprint":"3"},"imguri":"","layers":"Main","isDummy":false,"latlng":{"lat":263.043648656252,"lng":806.3800832783197}},{"id":74,"description":"Candy","values":{"Time":"2","Money":"-1","Packaging_Ecological_Footprint":"3","Production_Ecological_Footprint":"2"},"imguri":"","layers":"Main","isDummy":false,"latlng":{"lat":468.1737894540864,"lng":764.5324141465146}},{"id":77,"description":"Tea","values":{"Time":"2","Money":"-2","Packaging_Ecological_Footprint":"3","Production_Ecological_Footprint":"3"},"imguri":"","layers":"Main","isDummy":false,"latlng":{"lat":386.5802555242201,"lng":780.7405932583752}},{"id":80,"description":"Eggs","values":{"Time":"2","Money":"-2","Packaging_Ecological_Footprint":"3","Production_Ecological_Footprint":"2"},"imguri":"","layers":"Main","isDummy":false,"latlng":{"lat":318.78821341668106,"lng":517.300563479369}},{"id":83,"description":"Juice","values":{"Time":"2","Money":"-2","Packaging_Ecological_Footprint":"3","Production_Ecological_Footprint":"2"},"imguri":"","layers":"Main","isDummy":false,"latlng":{"lat":336.77874845034825,"lng":605.6997587670219}},{"id":86,"description":"Coffee","values":{"Time":"2","Money":"-2","Packaging_Ecological_Footprint":"2","Production_Ecological_Footprint":"3"},"imguri":"","layers":"Main","isDummy":false,"latlng":{"lat":313.57461924874525,"lng":719.3264147523844}},{"id":89,"description":"Can Fish","values":{"Time":"2","Money":"-2","Packaging_Ecological_Footprint":"2","Production_Ecological_Footprint":"3"},"imguri":"","layers":"Main","isDummy":false,"latlng":{"lat":313.3855607858607,"lng":844.3500557736943}},{"id":92,"description":"Fresh stake","values":{"Time":"3","Money":"-3","Packaging_Ecological_Footprint":"2","Production_Ecological_Footprint":"1"},"imguri":"","layers":"Main","isDummy":false,"latlng":{"lat":431.77867219262527,"lng":918.5538449161186}},{"id":95,"description":"Fresh Sausage","values":{"Time":"3","Money":"-2.5","Packaging_Ecological_Footprint":"2","Production_Ecological_Footprint":"1"},"imguri":"","layers":"Main","isDummy":false,"latlng":{"lat":387.77874845034825,"lng":987.1676974008737}},{"id":98,"description":"Fresh Chicken","values":{"Time":"3","Money":"-3","Packaging_Ecological_Footprint":"2","Production_Ecological_Footprint":"1"},"imguri":"","layers":"Main","isDummy":false,"latlng":{"lat":324.58785189975765,"lng":975.5710994541125}},{"id":101,"description":"Fresh Garlic","values":{"Time":"4","Money":"-0.4","Packaging_Ecological_Footprint":"0","Production_Ecological_Footprint":"1"},"imguri":"","layers":"Main","isDummy":false,"latlng":{"lat":127.04883252325003,"lng":303.7904770485087}},{"id":104,"description":"Fresh Corn","values":{"Time":"4","Money":"-1","Packaging_Ecological_Footprint":"0","Production_Ecological_Footprint":"1"},"imguri":"","layers":"Main","isDummy":false,"latlng":{"lat":125.1813400749902,"lng":48.403440220707466}},{"id":107,"description":"Fresh Beans","values":{"Time":"4","Money":"-1","Packaging_Ecological_Footprint":"0","Production_Ecological_Footprint":"1"},"imguri":"","layers":"Main","isDummy":false,"latlng":{"lat":131.60494374471727,"lng":191.82623836220137}},{"id":110,"description":"Fresh Bananas","values":{"Time":"4","Money":"-2","Packaging_Ecological_Footprint":"0","Production_Ecological_Footprint":"3"},"imguri":"","layers":"Main","isDummy":false,"latlng":{"lat":62.59168059061568,"lng":282.8391029307587}},{"id":113,"description":"Corn (bio product)","values":{"Time":"5","Money":"-2","Packaging_Ecological_Footprint":"0","Production_Ecological_Footprint":"1"},"imguri":"","layers":"Main","isDummy":false,"latlng":{"lat":106.17766389957816,"lng":764.3307131198953}},{"id":116,"description":"Almonds (bio product)","values":{"Time":"5","Money":"-3","Packaging_Ecological_Footprint":"0","Production_Ecological_Footprint":"1"},"imguri":"","layers":"Main","isDummy":false,"latlng":{"lat":8.606812335512473,"lng":666.1182356405236}},{"id":119,"description":"Milk (bio product)","values":{"Time":"5","Money":"-2","Packaging_Ecological_Footprint":"1","Production_Ecological_Footprint":"1"},"imguri":"","layers":"Main","isDummy":false,"latlng":{"lat":85.20039202001257,"lng":627.1053252710035}},{"id":122,"description":"Pasta (bio product)","values":{"Time":"5","Money":"-3","Packaging_Ecological_Footprint":"1","Production_Ecological_Footprint":"1"},"imguri":"","layers":"Main","isDummy":false,"latlng":{"lat":146.38938947671872,"lng":565.0859673502173}},{"id":125,"description":"Shrimps ","values":{"Time":"4","Money":"-15","Packaging_Ecological_Footprint":"4","Production_Ecological_Footprint":"1"},"imguri":"","layers":"Main","isDummy":false,"latlng":{"lat":90.99810090611561,"lng":352.6395510878949}},{"id":128,"description":"Fresh carrots","values":{"Time":"4","Money":"-2","Packaging_Ecological_Footprint":"0","Production_Ecological_Footprint":"1"},"imguri":"","layers":"Main","isDummy":false,"latlng":{"lat":60.778717947259025,"lng":234.4485807130652}},{"id":131,"description":"Chocolate (bio product)","values":{"Time":"5","Money":"-5","Packaging_Ecological_Footprint":"1","Production_Ecological_Footprint":"1"},"imguri":"","layers":"Main","isDummy":false,"latlng":{"lat":64.76732338395266,"lng":848.9379959174837}},{"id":134,"description":"Juice (bio product)","values":{"Time":"5","Money":"-2","Packaging_Ecological_Footprint":"1","Production_Ecological_Footprint":"1"},"imguri":"","layers":"Main","isDummy":false,"latlng":{"lat":-8.992403624462384,"lng":420.65456484020785}},{"id":137,"description":"Coffee (bio product)","values":{"Time":"5","Money":"-4","Packaging_Ecological_Footprint":"1","Production_Ecological_Footprint":"1"},"imguri":"","layers":"Main","isDummy":false,"latlng":{"lat":31.811002543293853,"lng":523.2855497270562}},{"id":140,"description":"Tea (bio product)","values":{"Time":"5","Money":"-3","Packaging_Ecological_Footprint":"0","Production_Ecological_Footprint":"1"},"imguri":"","layers":"Main","isDummy":false,"latlng":{"lat":171.5839927058105,"lng":970.5323836125394}},{"id":143,"description":"Eggs (bio product)","values":{"Time":"5","Money":"-2","Packaging_Ecological_Footprint":"3","Production_Ecological_Footprint":"1"},"imguri":"","layers":"Main","isDummy":false,"latlng":{"lat":130.3874903828343,"lng":868.3435776884526}},{"id":146,"description":"Fresh Broccoli ","values":{"Time":"4","Money":"-1","Packaging_Ecological_Footprint":"0","Production_Ecological_Footprint":"1"},"imguri":"","layers":"Main","isDummy":false,"latlng":{"lat":96.78251613502783,"lng":158.83481219674172}},{"id":149,"description":"Fresh Fish","values":{"Time":"4","Money":"-8","Packaging_Ecological_Footprint":"4","Production_Ecological_Footprint":"1"},"imguri":"","layers":"Main","isDummy":false,"latlng":{"lat":145.3856217920391,"lng":436.9293839154743}},{"id":152,"description":"Fresh apples ","values":{"Time":"4","Money":"-2","Packaging_Ecological_Footprint":"0","Production_Ecological_Footprint":"1"},"imguri":"","layers":"Main","isDummy":false,"latlng":{"lat":-8.385530282771526,"lng":84.2167682133886}},{"id":155,"description":"Olive oil (bio product)","values":{"Time":"5","Money":"-7","Packaging_Ecological_Footprint":"2","Production_Ecological_Footprint":"1"},"imguri":"","layers":"Main","isDummy":false,"latlng":{"lat":9.408319409384376,"lng":933.7513086431773}},{"id":158,"description":"Rice (bio product)","values":{"Time":"5","Money":"-4","Packaging_Ecological_Footprint":"1","Production_Ecological_Footprint":"1"},"imguri":"","layers":"Main","isDummy":false,"latlng":{"lat":43.41211759715313,"lng":980.5624416511403}}]