<xml xmlns="http://www.w3.org/1999/xhtml"><block type="controls_if" id="MvWNZ`s]}G^)|D+i2uj3" x="-100" y="-757"><value name="IF0"><block type="logic_compare" id="7%V)eY68H.6[cAU%1^2l"><field name="OP">GTE</field><value name="A"><block type="singleVar" id="Fqm`B0gJeIIy|^w=c_33"><field name="varName">Time</field></block></value><value name="B"><block type="math_number" id="SRWiLkbbm.kqO,Vc4y:B"><field name="NUM">105</field></block></value></block></value><statement name="DO0"><block type="popup" id="H0I0.g]jPI(:tQ)tQAeI"><field name="popuptext">You are running out of time...</field></block></statement><next><block type="controls_if" id="%D]Sls*A-{GaU%tm[.X-"><value name="IF0"><block type="logic_compare" id="48Vpo^`2/R-}4Jv.CbB?"><field name="OP">LTE</field><value name="A"><block type="singleVar" id="=XeMb6]Z_gVs0Jmd02*E"><field name="varName">Money</field></block></value><value name="B"><block type="math_number" id="K;~]6kMwz0[F/a_otp,)"><field name="NUM">5</field></block></value></block></value><statement name="DO0"><block type="popup" id="#|q0aLq+PSU}HQg,I]KM"><field name="popuptext">You are running out of money</field></block></statement><next><block type="controls_if" id="YR7Se-l(f*1kw*XfuQ5:"><value name="IF0"><block type="logic_compare" id="z{ziu70qsN_UeW*P23gh"><field name="OP">GTE</field><value name="A"><block type="singleVar" id="(!cJoYx|_Wju[dkmwEq*"><field name="varName">Packaging_Ecological_Footprint</field></block></value><value name="B"><block type="math_number" id="RZ48%1/a7hdL.l)xVz2E"><field name="NUM">16</field></block></value></block></value><statement name="DO0"><block type="popup" id="^x=9-4*Ri-?ycdWQ_4vx"><field name="popuptext">Packaging of the products you buy is not environmentally friendly.</field></block></statement><next><block type="controls_if" id="Q/vLS+VL4JoV@ujlda{U"><value name="IF0"><block type="logic_compare" id="T)7BC#8,-K)p|E%mlv*q"><field name="OP">GTE</field><value name="A"><block type="singleVar" id=".gs:t2erbXDK=~3h+m%z"><field name="varName">Production_Ecological_Footprint</field></block></value><value name="B"><block type="math_number" id="P3t-hzmd5BGwCmo}MCr_"><field name="NUM">16</field></block></value></block></value><statement name="DO0"><block type="popup" id="m!|HYKN1+%ub3=:OCx|M"><field name="popuptext">Production process for the products you choose damages the environment.</field></block></statement><next><block type="controls_if" id="6eh5ScRt5[^i@g-v%[ni"><value name="IF0"><block type="current_point_check" id="SRu:5R7?XrWI1M#+[WI{"><field name="pointsNames">Cereals</field></block></value><statement name="DO0"><block type="popup" id="F/HMy;)V}+Du=jCx=Mf7"><field name="popuptext">Cereals from the super market has double packaging which damages the environment. </field></block></statement><next><block type="controls_if" id="u|:1%BY6ytARc_dy)-}I"><value name="IF0"><block type="current_point_check" id="Xs|O5;tR?kIZP5d#6@:v"><field name="pointsNames">Ready meal</field></block></value><statement name="DO0"><block type="popup" id="9!t(~8wyF^(YP|vN3yVw"><field name="popuptext">You could make this meal at home to avoid the environmental damage of its production process.</field></block></statement><next><block type="controls_if" id="ff7s#DVq8_H=1j#ub@Op"><value name="IF0"><block type="current_point_check" id="Cj@bY:S!=MZY:W^CXnZU"><field name="pointsNames">Chicken chips</field></block></value><statement name="DO0"><block type="video" id="pRQ`Qm_qS+JMT,gw@*ZP"><field name="url">https://www.youtube.com/watch?v=wRFAwHcNlhM</field><next><block type="popup" id="4*BpJkE;#SYv6P3q|I~W"><field name="popuptext">Animals in the large meat production units are not treated properly and breeding processes are very harmful to the environment. Watch this video for more information... "</field></block></next></block></statement><next><block type="controls_if" id="4c2pRDF^MIp,=I/EhAP*"><value name="IF0"><block type="current_point_check" id="P:JqP`ie::}99dU;Mbj6"><field name="pointsNames">Chocolate</field></block></value><statement name="DO0"><block type="video" id="X#8:.,()Y.3L.D2*-lLs"><field name="url">https://www.youtube.com/watch?v=3bPmLdkN5bk</field><next><block type="popup" id="l^K2#x2T5}u4f7mrw|r9"><field name="popuptext">50% of cocoa is produced in South and West Africa. People are often paid very little for their work by Europe's big companies. Cocoa for them is very valuable.</field></block></next></block></statement><next><block type="controls_if" id="6yPr5vUcD?Y%mf%G#V{["><value name="IF0"><block type="current_point_check" id="H6*^:|EzCl^dMRFebEWJ"><field name="pointsNames">Chocolate (bio product)</field></block></value><statement name="DO0"><block type="video" id="3Y=8uH@abS473h!=zCzY"><field name="url">https://www.youtube.com/watch?v=tm_LjHV47C8&amp;t=336s</field><next><block type="popup" id="Em4iz}kR2%KiGrMpBky_"><field name="popuptext">Check this sustainable effort from cocoa producers in Cameroon !! It's worthy of your time !!</field></block></next></block></statement><next><block type="controls_if" id="Pma+sMl+PQ.xi(]{.~9="><value name="IF0"><block type="current_point_check" id="B9!Mgo_Lm8(=v:YPZur@"><field name="pointsNames">Fish in packaging</field></block></value><statement name="DO0"><block type="video" id="nukzzd^:9uw%r:W1Ql_U"><field name="url">https://www.youtube.com/watch?v=yyhKXKa9CUg</field><next><block type="popup" id="8Ko4JWt;6);2VRmw`zJ)"><field name="popuptext">Fishing industry is another big scourge for the planet! Fish can be good for your health but think about where it comes from before you buy it !!</field></block></next></block></statement></block></next></block></next></block></next></block></next></block></next></block></next></block></next></block></next></block></next></block><block type="controls_if" id="OhI0(yy2II;k8z%_WZm," x="531" y="-763"><value name="IF0"><block type="current_point_check" id="*A^kfmv^={2hm!J1p9EY"><field name="pointsNames">Apples</field></block></value><statement name="DO0"><block type="popup" id="KHqTzFJWWA|80`feiKF?"><field name="popuptext">Going to the flee market with your own bags, you manage to have almost zero packaging footprint.</field></block></statement><next><block type="controls_if" id="0Vkx1Xmk_sM=0C4BSW!R"><value name="IF0"><block type="current_point_check" id="EaOtE_(20aFXnULlRho#"><field name="pointsNames">Bananas</field></block></value><statement name="DO0"><block type="video" id="L)C{`yc?XS]Rn/P,[4,4"><field name="url">https://www.youtube.com/watch?v=9EjRkxnFKoQ</field><next><block type="popup" id="C*:fgBv,id(B:YkFf!GD"><field name="popuptext">The bananas you have chosen are imported from Central America. Their production is massive and has a multitude of negative consequences!</field></block></next></block></statement><next><block type="controls_if" id="Wb0M-A_/G:S`x.1a1aLa"><value name="IF0"><block type="current_point_check" id="-*zU3L@7etpQGDo#Eut)"><field name="pointsNames">Coffee</field></block></value><statement name="DO0"><block type="video" id="2C(/^SUVmYqv.PCt-TP8"><field name="url">https://www.youtube.com/watch?v=W2tGi7Qdd-U</field><next><block type="popup" id="MR,;HQPPGNSaj-yjpjbq"><field name="popuptext">Did you know that fair trade helps not only producer communities, but also product quality and environmental protection!</field></block></next></block></statement></block></next></block></next></block></xml>