[{"name":"Description","type":"string","visibility":"visible"},{"name":"Info","type":"url","step":".1"},{"name":"Money","type":"number","visibility":"visible"},{"name":"Weight","type":"number","step":".1"},{"name":"Durability","type":"number","step":".1"},{"name":"Motor_selection","type":"number","step":".1","visibility":"visible"},{"name":"Chassis_selection","type":"number","step":".1"},{"name":"Shock_absorbers_selection","type":"number","step":".1"},{"name":"Tires_selection","type":"number","step":".1"},{"name":"Battery_selection","type":"number","step":".1"},{"name":"Breaks_selection","type":"number","step":".1"},{"name":"Seat_selection","type":"number","step":".1"}]