[{"id":50,"description":"Seat","values":{"Info":"https://www.ebicycles.com/article/guide-to-bicycle-saddles/","Money":"0","Weight":"0","Durability":"0","Motor_selection":"0","Chassis_selection":"0","Shock_absorbers_selection":"0","Tires_selection":"0","Battery_selection":"0","Breaks_selection":"0","Seat_selection":"0"},"imguri":"","layers":"Main","isDummy":false,"latlng":{"lat":249,"lng":751.2246851944483}},{"id":53,"description":"Breaks","values":{"Info":"https://electric-scooter.guide/guides/electric-scooter-brakes/","Money":"0","Weight":"0","Durability":"0","Motor_selection":"0","Chassis_selection":"0","Shock_absorbers_selection":"0","Tires_selection":"0","Battery_selection":"0","Breaks_selection":"0","Seat_selection":"0"},"imguri":"","layers":"Main","isDummy":false,"latlng":{"lat":106.00000000000001,"lng":268.0010012175019}},{"id":56,"description":"Tires","values":{"Info":"https://electric-scooter.guide/guides/electric-scooter-tires/","Money":"0","Weight":"0","Durability":"0","Motor_selection":"0","Chassis_selection":"0","Shock_absorbers_selection":"0","Tires_selection":"0","Battery_selection":"0","Breaks_selection":"0","Seat_selection":"0"},"imguri":"","layers":"Main","isDummy":false,"latlng":{"lat":123,"lng":860.2610627636841}},{"id":59,"description":"Shock absorbers","values":{"Info":"http://eureka.teithe.gr/jspui/bitstream/123456789/11590/1/Bello_Mwisidis.pdf","Money":"0","Weight":"0","Durability":"0","Motor_selection":"0","Chassis_selection":"0","Shock_absorbers_selection":"0","Tires_selection":"0","Battery_selection":"0","Breaks_selection":"0","Seat_selection":"0"},"imguri":"","layers":"Main","isDummy":false,"latlng":{"lat":225.00000000000003,"lng":339.0871846575204}},{"id":62,"description":"Chassis","values":{"Info":"https://escooternerds.com/what-are-electric-scooters-made-of/","Money":"0","Weight":"0","Durability":"0","Motor_selection":"0","Chassis_selection":"0","Shock_absorbers_selection":"0","Tires_selection":"0","Battery_selection":"0","Breaks_selection":"0","Seat_selection":"0"},"imguri":"","layers":"Main","isDummy":false,"latlng":{"lat":396,"lng":429.1172211825774}},{"id":65,"description":"Battery","values":{"Info":"https://eridehero.com/blog/electric-scooter-battery-guide/","Money":"0","Weight":"0","Durability":"0","Motor_selection":"0","Chassis_selection":"0","Shock_absorbers_selection":"0","Tires_selection":"0","Battery_selection":"0","Breaks_selection":"0","Seat_selection":"0"},"imguri":"","layers":"Main","isDummy":false,"latlng":{"lat":110,"lng":618.1802978851972}},{"id":68,"description":"Motor","values":{"Info":"https://escooternerds.com/what-are-electric-scooters-made-of/","Money":"0","Weight":"0","Durability":"0","Motor_selection":"0","Chassis_selection":"0","Shock_absorbers_selection":"0","Tires_selection":"0","Battery_selection":"0","Breaks_selection":"0","Seat_selection":"0"},"imguri":"","layers":"Main","isDummy":false,"latlng":{"lat":155,"lng":372.09819805004133}},{"id":71,"description":"DC brushless motor","values":{"Info":"","Money":"-300","Weight":"20","Durability":"15","Motor_selection":"1","Chassis_selection":"0","Shock_absorbers_selection":"0","Tires_selection":"0","Battery_selection":"0","Breaks_selection":"0","Seat_selection":"0"},"imguri":"","layers":"Motor screen","isDummy":false,"latlng":{"lat":260,"lng":824.9983313041635}},{"id":72,"description":"DC brushed motor","values":{"Info":"","Money":"-200","Weight":"32","Durability":"8","Motor_selection":"1","Chassis_selection":"0","Shock_absorbers_selection":"0","Tires_selection":"0","Battery_selection":"0","Breaks_selection":"0","Seat_selection":"0"},"imguri":"","layers":"Motor screen","isDummy":false,"latlng":{"lat":335,"lng":534.9989987824981}},{"id":73,"description":"Back to the electric scooter (Engine)","values":{"Info":"","Money":"0","Weight":"0","Durability":"0","Motor_selection":"0","Chassis_selection":"0","Shock_absorbers_selection":"0","Tires_selection":"0","Battery_selection":"0","Breaks_selection":"0","Seat_selection":"0"},"imguri":"","layers":"Motor screen","isDummy":false,"latlng":{"lat":28,"lng":847.953276516578}},{"id":74,"description":"Aluminium","values":{"Info":"","Money":"-250","Weight":"10","Durability":"12","Motor_selection":"0","Chassis_selection":"1","Shock_absorbers_selection":"0","Tires_selection":"0","Battery_selection":"0","Breaks_selection":"0","Seat_selection":"0"},"imguri":"","layers":"Chassis screen","isDummy":false,"latlng":{"lat":140,"lng":269.02503043754757}},{"id":75,"description":"Carbon fiber","values":{"Info":"","Money":"-350","Weight":"5","Durability":"20","Motor_selection":"0","Chassis_selection":"1","Shock_absorbers_selection":"0","Tires_selection":"0","Battery_selection":"0","Breaks_selection":"0","Seat_selection":"0"},"imguri":"","layers":"Chassis screen","isDummy":false,"latlng":{"lat":189.99999999999997,"lng":934.2469669838024}},{"id":76,"description":"Iron","values":{"Info":"","Money":"-150","Weight":"18","Durability":"14","Motor_selection":"0","Chassis_selection":"1","Shock_absorbers_selection":"0","Tires_selection":"0","Battery_selection":"0","Breaks_selection":"0","Seat_selection":"0"},"imguri":"","layers":"Chassis screen","isDummy":false,"latlng":{"lat":144,"lng":659.9856492158061}},{"id":77,"description":"Titanium","values":{"Info":"","Money":"-500","Weight":"20","Durability":"30","Motor_selection":"0","Chassis_selection":"1","Shock_absorbers_selection":"0","Tires_selection":"0","Battery_selection":"0","Breaks_selection":"0","Seat_selection":"0"},"imguri":"","layers":"Chassis screen","isDummy":false,"latlng":{"lat":194,"lng":471.0026699133384}},{"id":78,"description":"Back to the electric scooter (Chassis)","values":{"Info":"","Money":"0","Weight":"0","Durability":"0","Motor_selection":"0","Chassis_selection":"0","Shock_absorbers_selection":"0","Tires_selection":"0","Battery_selection":"0","Breaks_selection":"0","Seat_selection":"0"},"imguri":"","layers":"Chassis screen","isDummy":false,"latlng":{"lat":13,"lng":36.95294277741061}},{"id":79,"description":"Pre charched shock absorbers","values":{"Info":"","Money":"-125","Weight":"7","Durability":"18","Motor_selection":"0","Chassis_selection":"0","Shock_absorbers_selection":"1","Tires_selection":"0","Battery_selection":"0","Breaks_selection":"0","Seat_selection":"0"},"imguri":"","layers":"Shock absorbers screen","isDummy":false,"latlng":{"lat":194,"lng":881.191232542863}},{"id":80,"description":"Oil shock absorbers","values":{"Info":"","Money":"-45","Weight":"2.5","Durability":"13","Motor_selection":"0","Chassis_selection":"0","Shock_absorbers_selection":"1","Tires_selection":"0","Battery_selection":"0","Breaks_selection":"0","Seat_selection":"0"},"imguri":"","layers":"Shock absorbers screen","isDummy":false,"latlng":{"lat":230,"lng":565.0857709659963}},{"id":81,"description":"Νitrogen shock absorbers","values":{"Info":"","Money":"-80","Weight":"5","Durability":"15","Motor_selection":"0","Chassis_selection":"0","Shock_absorbers_selection":"1","Tires_selection":"0","Battery_selection":"0","Breaks_selection":"0","Seat_selection":"0"},"imguri":"","layers":"Shock absorbers screen","isDummy":false,"latlng":{"lat":233,"lng":324.00533982667673}},{"id":82,"description":"Back to the electric scooter (Shock absorbers)","values":{"Info":"","Money":"0","Weight":"0","Durability":"0","Motor_selection":"0","Chassis_selection":"0","Shock_absorbers_selection":"0","Tires_selection":"0","Battery_selection":"0","Breaks_selection":"0","Seat_selection":"0"},"imguri":"","layers":"Shock absorbers screen","isDummy":false,"latlng":{"lat":33,"lng":323.0050060875095}},{"id":83,"description":"Lithium battery","values":{"Info":"","Money":"-300","Weight":"6","Durability":"20","Motor_selection":"0","Chassis_selection":"0","Shock_absorbers_selection":"0","Tires_selection":"0","Battery_selection":"1","Breaks_selection":"0","Seat_selection":"0"},"imguri":"","layers":"Batteries screen","isDummy":false,"latlng":{"lat":273,"lng":869.2630651986879}},{"id":84,"description":"Back to the electric scooter (Battery)","values":{"Info":"","Money":"0","Weight":"0","Durability":"0","Motor_selection":"0","Chassis_selection":"0","Shock_absorbers_selection":"0","Tires_selection":"0","Battery_selection":"0","Breaks_selection":"0","Seat_selection":"0"},"imguri":"","layers":"Batteries screen","isDummy":false,"latlng":{"lat":64,"lng":375.83546659052104}},{"id":85,"description":"Sealed lead-acid battery VRLA","values":{"Info":"","Money":"-75","Weight":"15","Durability":"10","Motor_selection":"0","Chassis_selection":"0","Shock_absorbers_selection":"0","Tires_selection":"0","Battery_selection":"1","Breaks_selection":"0","Seat_selection":"0"},"imguri":"","layers":"Batteries screen","isDummy":false,"latlng":{"lat":324,"lng":288.8064312829657}},{"id":86,"description":"Nickel battery","values":{"Info":"","Money":"-150","Weight":"10","Durability":"10","Motor_selection":"0","Chassis_selection":"0","Shock_absorbers_selection":"0","Tires_selection":"0","Battery_selection":"1","Breaks_selection":"0","Seat_selection":"0"},"imguri":"","layers":"Batteries screen","isDummy":false,"latlng":{"lat":234,"lng":573.9015469456466}},{"id":87,"description":"Back to the electric scooter (Tires)","values":{"Info":"","Money":"0","Weight":"0","Durability":"0","Motor_selection":"0","Chassis_selection":"0","Shock_absorbers_selection":"0","Tires_selection":"0","Battery_selection":"0","Breaks_selection":"0","Seat_selection":"0"},"imguri":"","layers":"Tires screen","isDummy":false,"latlng":{"lat":91,"lng":849.1284895794106}},{"id":88,"description":"Tubeless tires","values":{"Info":"","Money":"-60","Weight":"3","Durability":"8","Motor_selection":"0","Chassis_selection":"0","Shock_absorbers_selection":"0","Tires_selection":"1","Battery_selection":"0","Breaks_selection":"0","Seat_selection":"0"},"imguri":"","layers":"Tires screen","isDummy":false,"latlng":{"lat":240,"lng":749.0951156626808}},{"id":89,"description":"Solid tires","values":{"Info":"","Money":"-85","Weight":"5","Durability":"15","Motor_selection":"0","Chassis_selection":"0","Shock_absorbers_selection":"0","Tires_selection":"1","Battery_selection":"0","Breaks_selection":"0","Seat_selection":"0"},"imguri":"","layers":"Tires screen","isDummy":false,"latlng":{"lat":231,"lng":221.91923512151322}},{"id":90,"description":"Air tires","values":{"Info":"","Money":"-30","Weight":"2","Durability":"3","Motor_selection":"0","Chassis_selection":"0","Shock_absorbers_selection":"0","Tires_selection":"1","Battery_selection":"0","Breaks_selection":"0","Seat_selection":"0"},"imguri":"","layers":"Tires screen","isDummy":false,"latlng":{"lat":179,"lng":476.00400487000763}},{"id":91,"description":"Back to the electric scooter (Seat)","values":{"Info":"","Money":"0","Weight":"0","Durability":"0","Motor_selection":"0","Chassis_selection":"0","Shock_absorbers_selection":"0","Tires_selection":"0","Battery_selection":"0","Breaks_selection":"0","Seat_selection":"0"},"imguri":"","layers":"Seats screen","isDummy":false,"latlng":{"lat":101,"lng":408.0287015683879}},{"id":92,"description":"Plastic seat","values":{"Info":"","Money":"-15","Weight":"1","Durability":"8","Motor_selection":"0","Chassis_selection":"0","Shock_absorbers_selection":"0","Tires_selection":"0","Battery_selection":"0","Breaks_selection":"0","Seat_selection":"1"},"imguri":"","layers":"Seats screen","isDummy":false,"latlng":{"lat":184,"lng":896.1915662820304}},{"id":93,"description":"Fabric seat","values":{"Info":"","Money":"-40","Weight":"2.5","Durability":"13","Motor_selection":"0","Chassis_selection":"0","Shock_absorbers_selection":"0","Tires_selection":"0","Battery_selection":"0","Breaks_selection":"0","Seat_selection":"1"},"imguri":"","layers":"Seats screen","isDummy":false,"latlng":{"lat":264,"lng":528.0687502684639}},{"id":94,"description":"Leather seat","values":{"Info":"","Money":"-75","Weight":"4","Durability":"18","Motor_selection":"0","Chassis_selection":"0","Shock_absorbers_selection":"0","Tires_selection":"0","Battery_selection":"0","Breaks_selection":"0","Seat_selection":"1"},"imguri":"","layers":"Seats screen","isDummy":false,"latlng":{"lat":269,"lng":344.0073422616806}},{"id":95,"description":"Back to the electric scooter (Breaks)","values":{"Info":"","Money":"0","Weight":"0","Durability":"0","Motor_selection":"0","Chassis_selection":"0","Shock_absorbers_selection":"0","Tires_selection":"0","Battery_selection":"0","Breaks_selection":"0","Seat_selection":"0"},"imguri":"","layers":"Breaks screen","isDummy":false,"latlng":{"lat":49.00000000000001,"lng":129.99365895582133}},{"id":96,"description":"Foot break","values":{"Info":"","Money":"-10","Weight":"2.5","Durability":"24","Motor_selection":"0","Chassis_selection":"0","Shock_absorbers_selection":"0","Tires_selection":"0","Battery_selection":"0","Breaks_selection":"1","Seat_selection":"0"},"imguri":"","layers":"Breaks screen","isDummy":false,"latlng":{"lat":153,"lng":798.2165967195779}},{"id":97,"description":"Drum breaks","values":{"Info":"","Money":"-40","Weight":"5","Durability":"12","Motor_selection":"0","Chassis_selection":"0","Shock_absorbers_selection":"0","Tires_selection":"0","Battery_selection":"0","Breaks_selection":"1","Seat_selection":"0"},"imguri":"","layers":"Breaks screen","isDummy":false,"latlng":{"lat":359.00000000000006,"lng":652.167870801152}},{"id":98,"description":"Electric breaks","values":{"Info":"","Money":"-25","Weight":"0.5","Durability":"6","Motor_selection":"0","Chassis_selection":"0","Shock_absorbers_selection":"0","Tires_selection":"0","Battery_selection":"0","Breaks_selection":"1","Seat_selection":"0"},"imguri":"","layers":"Breaks screen","isDummy":false,"latlng":{"lat":349,"lng":420.0904433143385}},{"id":99,"description":"Disc breaks","values":{"Info":"","Money":"-50","Weight":"3.5","Durability":"16","Motor_selection":"0","Chassis_selection":"0","Shock_absorbers_selection":"0","Tires_selection":"0","Battery_selection":"0","Breaks_selection":"1","Seat_selection":"0"},"imguri":"","layers":"Breaks screen","isDummy":false,"latlng":{"lat":254.00000000000003,"lng":354.06841652929666}},{"id":100,"description":"Regenevative breaks","values":{"Info":"","Money":"-20","Weight":"0.5","Durability":"4","Motor_selection":"0","Chassis_selection":"0","Shock_absorbers_selection":"0","Tires_selection":"0","Battery_selection":"0","Breaks_selection":"1","Seat_selection":"0"},"imguri":"","layers":"Breaks screen","isDummy":false,"latlng":{"lat":452,"lng":150.99733008666158}},{"id":101,"description":"Back to the electric scooter (You did it)","values":{"Info":"","Money":"0","Weight":"0","Durability":"0","Motor_selection":"0","Chassis_selection":"0","Shock_absorbers_selection":"0","Tires_selection":"0","Battery_selection":"0","Breaks_selection":"0","Seat_selection":"0"},"imguri":"","layers":"You Did It.png","isDummy":false,"latlng":{"lat":122,"lng":750.1805909436325}},{"id":102,"description":"Try Again","values":{"Info":"","Money":"","Weight":"","Durability":"","Motor_selection":"","Chassis_selection":"","Shock_absorbers_selection":"","Tires_selection":"","Battery_selection":"","Breaks_selection":"","Seat_selection":""},"imguri":"","layers":"YouFailed.jpg.png","isDummy":false,"latlng":{"lat":188,"lng":878.2244572586533}},{"id":103,"description":"Finish my scooter","values":{"Info":"","Money":"","Weight":"","Durability":"","Motor_selection":"","Chassis_selection":"","Shock_absorbers_selection":"","Tires_selection":"","Battery_selection":"","Breaks_selection":"","Seat_selection":""},"imguri":"","layers":"Main","isDummy":false,"latlng":{"lat":119.40729096602749,"lng":86.55756406079219}}]