[{"name":"Money","type":"number","value":1100},{"name":"Weight","type":"number","value":0},{"name":"Durability","type":"number","value":0},{"name":"Motor_selection","type":"number","value":0},{"name":"Chassis_selection","type":"number","value":0},{"name":"Shock_absorbers_selection","type":"number","value":0},{"name":"Tires_selection","type":"number","value":0},{"name":"Battery_selection","type":"number","value":0},{"name":"Breaks_selection","type":"number","value":0},{"name":"Seat_selection","type":"number","value":0}]