<xml xmlns="http://www.w3.org/1999/xhtml"><block type="controls_if" id="-W5nc|Qvsf6:IbyD(#`W" x="637" y="85"><value name="IF0"><block type="logic_compare" id="mp(qy*Ja{HXf}VKeZ*mI"><field name="OP">LT</field><value name="A"><block type="singleVar" id="7JkHw,havcWKTkw^#JZj"><field name="varName">Money</field></block></value><value name="B"><block type="math_number" id="~ZoEg.-=%P0^XvC_an4F"><field name="NUM">0</field></block></value></block></value><statement name="DO0"><block type="popup" id="B3cNa4+08llW:n!6m%PA"><field name="popuptext">The electric scooter is too heavy</field><next><block type="change_layer" id="~M}__d`KXiY2Y_yd!HR8"><field name="layersNames">YouFailed.jpg.png</field><next><block type="controls_if" id="0VIL~aYWAdu3;toKA8Dl"><value name="IF0"><block type="current_point_check" id="yzAQb1Qe8D|v{;JhUB8m"><field name="pointsNames">Try Again</field></block></value><statement name="DO0"><block type="gameover" id="k/HRH-bC9PCR*tMKGgfs"></block></statement></block></next></block></next></block></statement><next><block type="controls_if" id="y`#inz@Q:g_D,iOrDqD="><value name="IF0"><block type="logic_compare" id="4b|tYm;RZ#Vvty[Ef2dC"><field name="OP">GT</field><value name="A"><block type="singleVar" id=")km[XP{rg/J(*+#`5s47"><field name="varName">Weight</field></block></value><value name="B"><block type="math_number" id="KH:|qnW0OR6~HIjUgLUM"><field name="NUM">65</field></block></value></block></value><statement name="DO0"><block type="popup" id="DUBToGM9=fRoaV^-0,Nj"><field name="popuptext">The electric scooter is too heavy</field><next><block type="change_layer" id="^COdIKU/;H0F~K|U_p3Y"><field name="layersNames">YouFailed.jpg.png</field></block></next></block></statement><next><block type="controls_if" id="CWkyy;yPa;-VE5t=:[IH"><value name="IF0"><block type="logic_operation" id="eN9[EHPs=acST#b#w@NK"><field name="OP">AND</field><value name="A"><block type="logic_compare" id="YPnbdF/hNv07.w6yspFk"><field name="OP">GTE</field><value name="A"><block type="singleVar" id="rFQ]@fcr)OondB%w26US"><field name="varName">Motor_selection</field></block></value><value name="B"><block type="math_number" id="9sbR~?PCT5bTQk/KSr8L"><field name="NUM">1</field></block></value></block></value><value name="B"><block type="logic_operation" id="p^c=H1Qc!HmN!ME+G0!0"><field name="OP">AND</field><value name="A"><block type="logic_compare" id="a9LZsE*bEoC:16Cr7w|+"><field name="OP">GTE</field><value name="A"><block type="singleVar" id="R.@rJQH1ebb4Om#LOgs["><field name="varName">Chassis_selection</field></block></value><value name="B"><block type="math_number" id="BeqZJQ2/bYyil:y*irW+"><field name="NUM">1</field></block></value></block></value><value name="B"><block type="logic_operation" id="5eW#BNN8_c{uABYHBCAH"><field name="OP">AND</field><value name="A"><block type="logic_compare" id="p19/gyxs-rJK]`08!xU8"><field name="OP">GTE</field><value name="A"><block type="singleVar" id="L@z*3Krk2WU9:OS?M:1)"><field name="varName">Shock_absorbers_selection</field></block></value><value name="B"><block type="math_number" id="RsJ%/NNn1^Y!!5F%7i[2"><field name="NUM">1</field></block></value></block></value><value name="B"><block type="logic_operation" id="!5Ifb06okrVk[aZ0apx*"><field name="OP">AND</field><value name="A"><block type="logic_compare" id="NB~R,D7,e/MA,)r9.V1u"><field name="OP">GTE</field><value name="A"><block type="singleVar" id="]~Rt2f8,hz^]E}OlrPHh"><field name="varName">Tires_selection</field></block></value><value name="B"><block type="math_number" id="|bg5yjj/`Yvn|7UbHX,T"><field name="NUM">1</field></block></value></block></value><value name="B"><block type="logic_operation" id="pV%S[vYr52%D1C,4qfB:"><field name="OP">AND</field><value name="A"><block type="logic_compare" id="w-Z#?h,^.Ji@|/*%L2}i"><field name="OP">GTE</field><value name="A"><block type="singleVar" id="Is5h^7kvDjEyzZ^)i2IG"><field name="varName">Battery_selection</field></block></value><value name="B"><block type="math_number" id="{3}L[=*JM6{PCXzZ[Iri"><field name="NUM">1</field></block></value></block></value><value name="B"><block type="logic_operation" id="qs3w55uf?f-7G!ncV04-"><field name="OP">AND</field><value name="A"><block type="logic_compare" id="E~~FjtKAsUnYQi14ljwg"><field name="OP">GTE</field><value name="A"><block type="singleVar" id="t4[W5Y;[1f4n5fFbKcYN"><field name="varName">Breaks_selection</field></block></value><value name="B"><block type="math_number" id="0bEp{XA?xnxi2|kZ+*.,"><field name="NUM">1</field></block></value></block></value><value name="B"><block type="logic_operation" id="a1gv-_nZl+{Xo#PdHgGa"><field name="OP">AND</field><value name="A"><block type="logic_compare" id="^kA)j|79lj1kcb56zS6d"><field name="OP">GTE</field><value name="A"><block type="singleVar" id="E.b6Uq81(55R?leG,E{7"><field name="varName">Seat_selection</field></block></value><value name="B"><block type="math_number" id="zf{uc~u1*/)*%sVAvl%`"><field name="NUM">1</field></block></value></block></value><value name="B"><block type="logic_compare" id="~56Es+GB/FcV.U4K`l5l"><field name="OP">LT</field><value name="A"><block type="singleVar" id="4JxaAgwcB4@%y6jo*@qL"><field name="varName">Durability</field></block></value><value name="B"><block type="math_number" id="23t%~=uGUv.IRBAo2q[P"><field name="NUM">105</field></block></value></block></value></block></value></block></value></block></value></block></value></block></value></block></value></block></value><statement name="DO0"><block type="popup" id="Rn1yddE:[n0_^n=co_lb"><field name="popuptext">The electric scooter is not durable enough</field><next><block type="change_layer" id="-3c#8:+i13{ZqMezyo@9"><field name="layersNames">YouFailed.jpg.png</field></block></next></block></statement><next><block type="controls_if" id="#lvY5WYrQ-9K9NJ?g2yt"><value name="IF0"><block type="current_point_check" id="~u4DTuTB|jg`zJ3w-^7+"><field name="pointsNames">Try Again</field></block></value><statement name="DO0"><block type="gameover" id="MLR/6i}9oB6st5-+BGN}"></block></statement><next><block type="controls_if" id="b]s=sOwmd|iEF_mN0PkT"><value name="IF0"><block type="current_point_check" id="`VAOUy^yO5CL_yY2LbFi"><field name="pointsNames">Finish my scooter</field></block></value><statement name="DO0"><block type="popup" id="x8kWJyu7*RPGUwwa?A@B"><field name="popuptext">Thank you for playing our game! We hope you enjoyed it and learned a thing or two about the electric scooters.</field><next><block type="gameover" id="fQyQK24ytmxB{qM=@i3G"></block></next></block></statement></block></next></block></next></block></next></block></next></block></xml>