<xml xmlns="http://www.w3.org/1999/xhtml"><block type="initialvalues" id="7%pi|u/wU`(M`t7@0~7Z" x="88" y="88"><statement name="Initial Values"><block type="initialValue" id="id2"><field name="varName">Money</field><value name="varVal"><block type="math_number" id="var2"><field name="NUM">1100</field></block></value><next><block type="initialValue" id=",ulYByh!jL,V8}X4Z[!+"><field name="varName">Weight</field><value name="varVal"><block type="math_number" id="@G}m3?AiwDMsDsfoPAMX"><field name="NUM">0</field></block></value><next><block type="initialValue" id="I7Rnq@evxVG`8`V)_J1G"><field name="varName">Durability</field><value name="varVal"><block type="math_number" id="hz.Dswzx|bls7O6=8;gI"><field name="NUM">0</field></block></value><next><block type="initialValue" id="pNw*da7#:Kq2](`,2P16"><field name="varName">Motor_selection</field><value name="varVal"><block type="math_number" id="hJ!W4?ak(M%gu34gpqSo"><field name="NUM">0</field></block></value><next><block type="initialValue" id="7G60DeSDC_,_d~I(PATG"><field name="varName">Chassis_selection</field><value name="varVal"><block type="math_number" id="MOMhZ^;OY`YQK53HQJ{;"><field name="NUM">0</field></block></value><next><block type="initialValue" id="U,7BAU|%[h@W;^m!@7}1"><field name="varName">Shock_absorbers_selection</field><value name="varVal"><block type="math_number" id="@tg!UvN;Qg@J7:Xl2@EF"><field name="NUM">0</field></block></value><next><block type="initialValue" id="*]l}Bj_Z.}3V4p=KXfDE"><field name="varName">Tires_selection</field><value name="varVal"><block type="math_number" id=";rig,^]BFic;Fy3kJ1j*"><field name="NUM">0</field></block></value><next><block type="initialValue" id=")5LWm*0p;aM{jt=YP6Z-"><field name="varName">Battery_selection</field><value name="varVal"><block type="math_number" id="j!*kRNZ=2-)YwH1A[EsM"><field name="NUM">0</field></block></value><next><block type="initialValue" id="e?`bn5g-hO_Yqy^03-?`"><field name="varName">Breaks_selection</field><value name="varVal"><block type="math_number" id="H*0PZs%z9c?n90Cnrj]]"><field name="NUM">0</field></block></value><next><block type="initialValue" id="?(%r+;JcSXl=O0r~8W9w"><field name="varName">Seat_selection</field><value name="varVal"><block type="math_number" id="e=(I6m_`Tp5V^:g,-Kv4"><field name="NUM">0</field></block></value></block></next></block></next></block></next></block></next></block></next></block></next></block></next></block></next></block></next></block></statement></block></xml>