<xml xmlns="http://www.w3.org/1999/xhtml"><block type="controls_if" id="oUgd{3K~U[F@#aF]}ygA" x="-2197" y="-1689"><mutation elseif="1"></mutation><value name="IF0"><block type="logic_operation" id="HPaTJF@Iuz|I#w{I?7L."><field name="OP">AND</field><value name="A"><block type="current_point_check" id="A/r4:cF3|{;|r{z,9xN:"><field name="pointsNames">Motor</field></block></value><value name="B"><block type="logic_compare" id="J2)nCk*k9lZ|bNJY[B6%"><field name="OP">GTE</field><value name="A"><block type="singleVar" id="0-WYg:/%h23..{BYV)}S"><field name="varName">Motor_selection</field></block></value><value name="B"><block type="math_number" id="qIM#58w_X12vI;dXPueD"><field name="NUM">1</field></block></value></block></value></block></value><statement name="DO0"><block type="sound" id="Ov@3-B3Iq8N~g[oJx(~/"><field name="NAME">beep</field><next><block type="change_layer" id="IV).lbEaio]SJE]8?W%b"><field name="layersNames">You Did It.png</field></block></next></block></statement><value name="IF1"><block type="logic_operation" id="lT:mC+U5F]5fMZk1!pqv"><field name="OP">AND</field><value name="A"><block type="current_point_check" id="#DcoXR+YZ?j5`%ftqR*D"><field name="pointsNames">Motor</field></block></value><value name="B"><block type="logic_compare" id="fLcA@y]t[1(bV5_@S:Qu"><field name="OP">EQ</field><value name="A"><block type="singleVar" id="Er|Z4B6`cC)-Q(uQ!HHF"><field name="varName">Motor_selection</field></block></value><value name="B"><block type="math_number" id="h#z}/_{jj+Nc(fJ{hwSL"><field name="NUM">0</field></block></value></block></value></block></value><statement name="DO1"><block type="change_layer" id="LeKKs6gCH^KP507f5!9)"><field name="layersNames">Motor screen</field></block></statement><next><block type="controls_if" id="^ykO0%Tac3r,X:I;W]Hf"><mutation elseif="1"></mutation><value name="IF0"><block type="logic_operation" id="HPztsBHGNP80ao:2wHl@"><field name="OP">AND</field><value name="A"><block type="current_point_check" id="8g*d*0%C-yMQVOPlFDWV"><field name="pointsNames">Chassis</field></block></value><value name="B"><block type="logic_compare" id=":e_E#A|p|[bs`)w6~aBP"><field name="OP">GTE</field><value name="A"><block type="singleVar" id="n`WynVm/=i-cCNbIB}r5"><field name="varName">Chassis_selection</field></block></value><value name="B"><block type="math_number" id="X]s2w2:g2AmV!2[8b/A0"><field name="NUM">1</field></block></value></block></value></block></value><statement name="DO0"><block type="sound" id="D.P)6Ewa+4%OSgXoXU2B"><field name="NAME">beep</field><next><block type="change_layer" id="cLV^rl7Uui(|v(q.Lrfm"><field name="layersNames">You Did It.png</field></block></next></block></statement><value name="IF1"><block type="logic_operation" id="AC3fh}*//[pT{rTyMNHG"><field name="OP">AND</field><value name="A"><block type="current_point_check" id="u=C7JLiYN3@m,oh+=A{t"><field name="pointsNames">Chassis</field></block></value><value name="B"><block type="logic_compare" id="Ul/AYX(X@q-RS.idMiBa"><field name="OP">EQ</field><value name="A"><block type="singleVar" id="UzGT8}]Q.I!Ao{|GJCu}"><field name="varName">Chassis_selection</field></block></value><value name="B"><block type="math_number" id="2L5I%hb4@e!Ny0;j~aa1"><field name="NUM">0</field></block></value></block></value></block></value><statement name="DO1"><block type="change_layer" id="keRrjJ5Hw]*rkovN2q}6"><field name="layersNames">Chassis screen</field></block></statement><next><block type="controls_if" id="7]VPUnJ~dk)e+eQZq*0g"><mutation elseif="1"></mutation><value name="IF0"><block type="logic_operation" id="p_DD]nf#%.vK=1YaAk??"><field name="OP">AND</field><value name="A"><block type="current_point_check" id="f;[86LGUyjW*u_FY3=1k"><field name="pointsNames">Shock absorbers</field></block></value><value name="B"><block type="logic_compare" id="u.A*i=7M`HS05elpPhWA"><field name="OP">GTE</field><value name="A"><block type="singleVar" id="+Jn#AIhOdcm1*od*p{lp"><field name="varName">Shock_absorbers_selection</field></block></value><value name="B"><block type="math_number" id="|vz97[Pd`MR03T{Y[jex"><field name="NUM">1</field></block></value></block></value></block></value><statement name="DO0"><block type="sound" id="!BWugk{:v=^@VX?%PTp3"><field name="NAME">beep</field><next><block type="change_layer" id="Iq-f8KJHO9BLLxYq8:@,"><field name="layersNames">You Did It.png</field></block></next></block></statement><value name="IF1"><block type="logic_operation" id="_=?X92OMZ0i=iT@|bbRo"><field name="OP">AND</field><value name="A"><block type="current_point_check" id="3a2|vk_I%0c##MYt5Rg;"><field name="pointsNames">Shock absorbers</field></block></value><value name="B"><block type="logic_compare" id="q{n?/~ns^uHy}cyvU[V-"><field name="OP">EQ</field><value name="A"><block type="singleVar" id="@7fK1kF_=U;,*v#24zhj"><field name="varName">Shock_absorbers_selection</field></block></value><value name="B"><block type="math_number" id="mwFh)bv?]lECb@65hE,7"><field name="NUM">0</field></block></value></block></value></block></value><statement name="DO1"><block type="change_layer" id="GYdG^2tw_/)whXicMMT,"><field name="layersNames">Shock absorbers screen</field></block></statement><next><block type="controls_if" id="p?L(Y8Y8|ugmyH)ElxG{"><mutation elseif="1"></mutation><value name="IF0"><block type="logic_operation" id="09!HQCi%Q6{|cA3ejY!;"><field name="OP">AND</field><value name="A"><block type="current_point_check" id="k,NP3Td]XW`t%HinZk{W"><field name="pointsNames">Tires</field></block></value><value name="B"><block type="logic_compare" id="`s|Zb5,Fjr})8,ssiq6^"><field name="OP">GTE</field><value name="A"><block type="singleVar" id=":`]D:wiTKPrNX)1:d^z0"><field name="varName">Tires_selection</field></block></value><value name="B"><block type="math_number" id="AMo@*hs1iv%EC}[z]lEV"><field name="NUM">1</field></block></value></block></value></block></value><statement name="DO0"><block type="sound" id="sAc9VLw1BOuGID1R_E[X"><field name="NAME">beep</field><next><block type="change_layer" id="I+Tw.K5p%_5X[T)/x/cP"><field name="layersNames">You Did It.png</field></block></next></block></statement><value name="IF1"><block type="logic_operation" id="^~QCUr]zXHJ}J0%DJ(T="><field name="OP">AND</field><value name="A"><block type="current_point_check" id=".iR83%;vOhPH/5CgNMH("><field name="pointsNames">Tires</field></block></value><value name="B"><block type="logic_compare" id="Y6w,1a}Sr(_3vE7:_._2"><field name="OP">EQ</field><value name="A"><block type="singleVar" id="yhB1v/v7X!8/mrEw%SfX"><field name="varName">Tires_selection</field></block></value><value name="B"><block type="math_number" id="7yrJ+-i;fm21hSbU}{X~"><field name="NUM">0</field></block></value></block></value></block></value><statement name="DO1"><block type="change_layer" id="`Z[[Rp[N5#uI|DqK,JVJ"><field name="layersNames">Tires screen</field></block></statement><next><block type="controls_if" id="0@7j6Bm/gbyoy{wE8_,^"><mutation elseif="1"></mutation><value name="IF0"><block type="logic_operation" id="f4k6b+5%MG*D^_`1N7z+"><field name="OP">AND</field><value name="A"><block type="current_point_check" id="0nx9g:suDeD_E~NMbJ5|"><field name="pointsNames">Battery</field></block></value><value name="B"><block type="logic_compare" id="SSYRKC3]daRpuHntF99I"><field name="OP">GTE</field><value name="A"><block type="singleVar" id="XJNl2kSsN3=Mo}+p`[Zv"><field name="varName">Battery_selection</field></block></value><value name="B"><block type="math_number" id="YYddG1QuAU*QJQcfpN[M"><field name="NUM">1</field></block></value></block></value></block></value><statement name="DO0"><block type="sound" id="IC=;5u]SUDCV+y_*Em%q"><field name="NAME">beep</field><next><block type="change_layer" id="d0?DxE,zEvzY9|.,IIYQ"><field name="layersNames">You Did It.png</field></block></next></block></statement><value name="IF1"><block type="logic_operation" id=")EjB]RqQ`]6U.PrYj%CR"><field name="OP">AND</field><value name="A"><block type="current_point_check" id="=GD#dkZi2xFsq%2qZ.Xs"><field name="pointsNames">Battery</field></block></value><value name="B"><block type="logic_compare" id="e/se[A3g;6C5/||6|R6Y"><field name="OP">EQ</field><value name="A"><block type="singleVar" id="6[9W(^2V=MRN]GsFeeS;"><field name="varName">Battery_selection</field></block></value><value name="B"><block type="math_number" id="#*unEQ[Tq7jKVEiJ/Ok3"><field name="NUM">0</field></block></value></block></value></block></value><statement name="DO1"><block type="change_layer" id="K_Wo#~z!~smAGhPc{4s!"><field name="layersNames">Batteries screen</field></block></statement><next><block type="controls_if" id="=)8?05hM*I{=(%zny7B5"><mutation elseif="1"></mutation><value name="IF0"><block type="logic_operation" id="pXr8T6os5o)UU4x^W0Hj"><field name="OP">AND</field><value name="A"><block type="current_point_check" id="s!Q)h62sV9_XrRYPrybb"><field name="pointsNames">Breaks</field></block></value><value name="B"><block type="logic_compare" id="d+b/-c?~ur%6|%?v8bQ:"><field name="OP">GTE</field><value name="A"><block type="singleVar" id="[8!`2a]kFjnJa`GZtuU{"><field name="varName">Breaks_selection</field></block></value><value name="B"><block type="math_number" id="Hp43`{%^stP?Lpe6cc22"><field name="NUM">1</field></block></value></block></value></block></value><statement name="DO0"><block type="sound" id="w[7lj,nGZQ.iYRUw_YR#"><field name="NAME">beep</field><next><block type="change_layer" id="3bo!1at{uc/}}Fvm!M^@"><field name="layersNames">You Did It.png</field></block></next></block></statement><value name="IF1"><block type="logic_operation" id="7M@1e3_.{Bv_XMkUT.Tx"><field name="OP">AND</field><value name="A"><block type="current_point_check" id="Jk?Y8usDQ}hPx?O;Ry]V"><field name="pointsNames">Breaks</field></block></value><value name="B"><block type="logic_compare" id="]8TW.N`hwt()xMoHBY}+"><field name="OP">EQ</field><value name="A"><block type="singleVar" id="K[T)B(h{HFBEi7+v_X!0"><field name="varName">Breaks_selection</field></block></value><value name="B"><block type="math_number" id="~_|c0q?w}8+5b^-K0]t."><field name="NUM">0</field></block></value></block></value></block></value><statement name="DO1"><block type="change_layer" id="n3CRk)Sg:=rw_dU#dryf"><field name="layersNames">Breaks screen</field></block></statement><next><block type="controls_if" id="}znSYx34t)`j7@@}`fN4"><mutation elseif="1"></mutation><value name="IF0"><block type="logic_operation" id="v;2t`qRhe`suuy}+p3|4"><field name="OP">AND</field><value name="A"><block type="current_point_check" id="yWM;%K5[oJO}[Zyps2c-"><field name="pointsNames">Seat</field></block></value><value name="B"><block type="logic_compare" id="fbyEU0HmK?Vvsn]W?^X7"><field name="OP">GTE</field><value name="A"><block type="singleVar" id="T-mT(RY_yFR5q7P_P2qA"><field name="varName">Seat_selection</field></block></value><value name="B"><block type="math_number" id="EUqTuhwb=,~}@rlMn@fs"><field name="NUM">1</field></block></value></block></value></block></value><statement name="DO0"><block type="sound" id="-j.OgeIbhi~J/Kw9`hR2"><field name="NAME">beep</field><next><block type="change_layer" id="{.~E88sX,4;Tvc=;di}l"><field name="layersNames">You Did It.png</field></block></next></block></statement><value name="IF1"><block type="logic_operation" id="an[`ti7KUGg9N[w#Jn17"><field name="OP">AND</field><value name="A"><block type="current_point_check" id="I]j!.5n[BEX{N{RAIg?C"><field name="pointsNames">Seat</field></block></value><value name="B"><block type="logic_compare" id="]%[=PI4T*UF1_CblE2B7"><field name="OP">EQ</field><value name="A"><block type="singleVar" id="/Y*w1X15+=2w9+P;`Q0t"><field name="varName">Seat_selection</field></block></value><value name="B"><block type="math_number" id="icwUz@[unAbl+TcR,^9^"><field name="NUM">0</field></block></value></block></value></block></value><statement name="DO1"><block type="change_layer" id="=_2Fn^j2hK;/_~#UVZOQ"><field name="layersNames">Seats screen</field></block></statement></block></next></block></next></block></next></block></next></block></next></block></next></block><block type="controls_if" id="0(fQss*A@%Fp:U^|*Xt5" x="-1088" y="-1663"><value name="IF0"><block type="current_point_check" id="5*D`I,B6/KU72%_f7*T+"><field name="pointsNames">Back to the electric scooter (Engine)</field></block></value><statement name="DO0"><block type="change_layer" id="7NzQ9kLy4Y9jKlcW3_Ya"><field name="layersNames">Main</field></block></statement><next><block type="controls_if" id="WJ!;[?5-5XG}3c%pd9c;"><value name="IF0"><block type="logic_operation" id="mA3pk^CF3)~dHChaFTqF"><field name="OP">AND</field><value name="A"><block type="current_point_check" id="[wXh[HA)2l:A8WBVl8Ct"><field name="pointsNames">DC brushless motor</field></block></value><value name="B"><block type="logic_compare" id="7^SUkX+t/TAu%GkF38(n"><field name="OP">GTE</field><value name="A"><block type="singleVar" id="7Ky6aHoZT;qy3JFs@3@2"><field name="varName">Motor_selection</field></block></value><value name="B"><block type="math_number" id="rNmEYI^1E8BpmcNCy5tX"><field name="NUM">1</field></block></value></block></value></block></value><statement name="DO0"><block type="sound" id="^l*d%nm.Y;@zfsSViLoB"><field name="NAME">beep</field><next><block type="change_layer" id="kO+0AR4=R!;ITJG_x1n:"><field name="layersNames">Main</field></block></next></block></statement><next><block type="controls_if" id="Jp@YM!irC8H1zJa}~X|H"><value name="IF0"><block type="logic_operation" id="l.KqCB4eJNW%)HvwtV._"><field name="OP">AND</field><value name="A"><block type="current_point_check" id="CdJ{.{n^6IGbJ^}uaj_6"><field name="pointsNames">DC brushed motor</field></block></value><value name="B"><block type="logic_compare" id="#BS#g(]EqHjD(RW@:hs7"><field name="OP">GTE</field><value name="A"><block type="singleVar" id="WSiA_ouf^mE})o.Y?u@|"><field name="varName">Motor_selection</field></block></value><value name="B"><block type="math_number" id="L!S,,9b!r|}:^K6IMt(+"><field name="NUM">1</field></block></value></block></value></block></value><statement name="DO0"><block type="sound" id="GL{P~F!x+MJQ5W,jOPhP"><field name="NAME">beep</field><next><block type="change_layer" id="|iF;B.lYm+[7kcHEf)v0"><field name="layersNames">Main</field></block></next></block></statement></block></next></block></next></block><block type="controls_if" id="UxJ7J}MS7-fiBr,elT+#" x="8" y="-1660"><value name="IF0"><block type="current_point_check" id=")[e=}eI!:JVC)T]8IF-#"><field name="pointsNames">Back to the electric scooter (Battery)</field></block></value><statement name="DO0"><block type="change_layer" id="+kC9^iTRQ]~o|0~4;e,9"><field name="layersNames">Main</field></block></statement><next><block type="controls_if" id="U}rv]by?s-wzGOD%|3CP"><value name="IF0"><block type="logic_operation" id="z%T?UOM0656UwH{[wCa_"><field name="OP">AND</field><value name="A"><block type="current_point_check" id="_:1*;27IZbA|p6JRWKs#"><field name="pointsNames">Sealed lead-acid battery VRLA</field></block></value><value name="B"><block type="logic_compare" id="g;_E-ch-I3}N5A~unU0I"><field name="OP">GTE</field><value name="A"><block type="singleVar" id="s.4aMEDznmQ8~3e`fr=4"><field name="varName">Battery_selection</field></block></value><value name="B"><block type="math_number" id="v{hnghoY2Rp0`)eAcy.;"><field name="NUM">1</field></block></value></block></value></block></value><statement name="DO0"><block type="sound" id="S/^vnHd~)[/6gfI#}[8*"><field name="NAME">beep</field><next><block type="change_layer" id="j%[(K1@Y,3r,?ZEJwsr~"><field name="layersNames">Main</field></block></next></block></statement><next><block type="controls_if" id=":ojdKRk%YR=Oxy0u8e[s"><value name="IF0"><block type="logic_operation" id="*2vq-LJFn-Jgs|6K=PE?"><field name="OP">AND</field><value name="A"><block type="current_point_check" id="k31-9ml?sBD#_k:bO[EU"><field name="pointsNames">Nickel battery</field></block></value><value name="B"><block type="logic_compare" id="{#D=:Kg*x}qzmQfdqgcc"><field name="OP">GTE</field><value name="A"><block type="singleVar" id="oTv?i%t.t.:MbaUpQ[#E"><field name="varName">Battery_selection</field></block></value><value name="B"><block type="math_number" id="*`)Va6U;WO#CyI{f;e(l"><field name="NUM">1</field></block></value></block></value></block></value><statement name="DO0"><block type="sound" id="|~9=B;Afp}s?kCitI!:g"><field name="NAME">beep</field><next><block type="change_layer" id="@G@{g5=:dan7S+kI+.gU"><field name="layersNames">Main</field></block></next></block></statement><next><block type="controls_if" id="Tkq}T@x}*UAg^vUqHcU|"><value name="IF0"><block type="logic_operation" id="6(TDNu/xo.Yz0N8ejlYZ"><field name="OP">AND</field><value name="A"><block type="current_point_check" id=".!2:1^^#}b9HNUy-cVG8"><field name="pointsNames">Lithium battery</field></block></value><value name="B"><block type="logic_compare" id="KK#~3}2_L~3QFE21J-E1"><field name="OP">GTE</field><value name="A"><block type="singleVar" id="xdwaCL%m^Em+ssQ#GIri"><field name="varName">Battery_selection</field></block></value><value name="B"><block type="math_number" id="hh0~II1zkj_+lV`~g)+Q"><field name="NUM">1</field></block></value></block></value></block></value><statement name="DO0"><block type="sound" id="N@cShrVB^{~m/KGW^rI;"><field name="NAME">beep</field><next><block type="change_layer" id="s!ah%ZEJwUeoYlYubY/V"><field name="layersNames">Main</field></block></next></block></statement></block></next></block></next></block></next></block><block type="controls_if" id="ievhQa;To=QNXB7x-eMe" x="-1090" y="-1322"><value name="IF0"><block type="current_point_check" id="Qpv!L/1^;;k5pU(Au_SV"><field name="pointsNames">Back to the electric scooter (Chassis)</field></block></value><statement name="DO0"><block type="change_layer" id="k}ahJcRg^~VpL*DZsh;y"><field name="layersNames">Main</field></block></statement><next><block type="controls_if" id="GxyAjO7Q1aA7AH=/crd#"><value name="IF0"><block type="logic_operation" id="q#5@ISrOLT4k@P6[ZA#{"><field name="OP">AND</field><value name="A"><block type="current_point_check" id="Jq8l:r=@CouU8jCAxIj;"><field name="pointsNames">Aluminium</field></block></value><value name="B"><block type="logic_compare" id="fD01=#;RbB[,7]joMdb}"><field name="OP">GTE</field><value name="A"><block type="singleVar" id="ZW_C3Md~@aHyw=etuPh,"><field name="varName">Chassis_selection</field></block></value><value name="B"><block type="math_number" id=".u!V])C|{JKy=~V`NwtZ"><field name="NUM">1</field></block></value></block></value></block></value><statement name="DO0"><block type="sound" id=".Szi!,OV.h[TopgSYr*_"><field name="NAME">beep</field><next><block type="change_layer" id="]:aTz{Ky#-Y^EvzII69/"><field name="layersNames">Main</field></block></next></block></statement><next><block type="controls_if" id="i22L7pQvwQif+|w-4]G,"><value name="IF0"><block type="logic_operation" id="-T@CgH=#G.7IWSV-:PHh"><field name="OP">AND</field><value name="A"><block type="current_point_check" id="7S7l{gS_K/UHMrx@1h!Z"><field name="pointsNames">Carbon fiber</field></block></value><value name="B"><block type="logic_compare" id="W#;HYM3Ouu8HH!V?;rbW"><field name="OP">GTE</field><value name="A"><block type="singleVar" id="cye84T_jl@cl8X5I3`7U"><field name="varName">Chassis_selection</field></block></value><value name="B"><block type="math_number" id="{4sa89|xG}]7^|FqM7!^"><field name="NUM">1</field></block></value></block></value></block></value><statement name="DO0"><block type="sound" id="ze!t|Jm;Rtq{ooNcyYoQ"><field name="NAME">beep</field><next><block type="change_layer" id="u5j5p;w`ZmbQlg?|jmap"><field name="layersNames">Main</field></block></next></block></statement><next><block type="controls_if" id="RdgiL=KXTd_Kx*zCl)^1"><value name="IF0"><block type="logic_operation" id="#|#rv9:i|eo_{:wpC6vy"><field name="OP">AND</field><value name="A"><block type="current_point_check" id="N(4S7Lt,;/-UI`qd)*r="><field name="pointsNames">Iron</field></block></value><value name="B"><block type="logic_compare" id="2l/Y92hv,H?Cf(L9I,B%"><field name="OP">GTE</field><value name="A"><block type="singleVar" id="v%%9{b|zB(C(ueiT:wZ1"><field name="varName">Chassis_selection</field></block></value><value name="B"><block type="math_number" id="F;@hz?U-N+HLcVyp}W]J"><field name="NUM">1</field></block></value></block></value></block></value><statement name="DO0"><block type="sound" id="7savVplha3C#]jf7cTg?"><field name="NAME">beep</field><next><block type="change_layer" id="EbJdI?BR)fxkgpD^9gGl"><field name="layersNames">Main</field></block></next></block></statement><next><block type="controls_if" id="WzA(UL!}20;;lEgXtWE?"><value name="IF0"><block type="logic_operation" id="9z8syAQCxY0-^yzNKt`G"><field name="OP">AND</field><value name="A"><block type="current_point_check" id="NDDQ:Ds#SE7)howlko+T"><field name="pointsNames">Titanium</field></block></value><value name="B"><block type="logic_compare" id="`]YYWMO~/(}?uFx7.YNA"><field name="OP">GTE</field><value name="A"><block type="singleVar" id="%4tdR@cl=7e`40n,?_WQ"><field name="varName">Chassis_selection</field></block></value><value name="B"><block type="math_number" id="T]{%Rk]et`Q[EcyA%mU1"><field name="NUM">1</field></block></value></block></value></block></value><statement name="DO0"><block type="sound" id="d4Ay0fdED@7.grX.~laq"><field name="NAME">beep</field><next><block type="change_layer" id="%Nfnvtsi[,KVrVEiwMyB"><field name="layersNames">Main</field></block></next></block></statement></block></next></block></next></block></next></block></next></block><block type="controls_if" id="0FkOluo*BfGFI}g|*f1+" x="16" y="-1213"><value name="IF0"><block type="current_point_check" id="oU_t,G|3NDjxqg}.uf2e"><field name="pointsNames">Back to the electric scooter (Breaks)</field></block></value><statement name="DO0"><block type="change_layer" id="L.V-;zkeD@2Y-.Nmz[Ns"><field name="layersNames">Main</field></block></statement><next><block type="controls_if" id="xUPP,=Sk9LOOdGAMFd`:"><value name="IF0"><block type="logic_operation" id="#F_Sg6TMm|~lBEm}soqL"><field name="OP">AND</field><value name="A"><block type="current_point_check" id="9ey~7,9ODkBj?hN}i]D,"><field name="pointsNames">Foot break</field></block></value><value name="B"><block type="logic_compare" id="C8fsBg%LMs(y_QE@s}lY"><field name="OP">GTE</field><value name="A"><block type="singleVar" id="319ixk?FqV{;DTq/,D6k"><field name="varName">Breaks_selection</field></block></value><value name="B"><block type="math_number" id="?B|N{!=J6was,-Cm+0b7"><field name="NUM">1</field></block></value></block></value></block></value><statement name="DO0"><block type="sound" id="Wa3)xj7ax9rUHdlD:%hI"><field name="NAME">beep</field><next><block type="change_layer" id="z%,hIv/NkDeN@tr,)+tU"><field name="layersNames">Main</field></block></next></block></statement><next><block type="controls_if" id="0((^CZD-K^g7NhTm~[.)"><value name="IF0"><block type="logic_operation" id="n{q5L-2T2S!NmdOu5OC4"><field name="OP">AND</field><value name="A"><block type="current_point_check" id="7lNFKj62Tte6~;+%hf?u"><field name="pointsNames">Drum breaks</field></block></value><value name="B"><block type="logic_compare" id="_DBY_I[LYg;%{p*+RqE~"><field name="OP">GTE</field><value name="A"><block type="singleVar" id="7d{enZK8tV[Yii6WR%:T"><field name="varName">Breaks_selection</field></block></value><value name="B"><block type="math_number" id="DQfiJ/Qqo6@];2T=|D@+"><field name="NUM">1</field></block></value></block></value></block></value><statement name="DO0"><block type="sound" id="xEtJMPhcdN/?#[yN{9PB"><field name="NAME">beep</field><next><block type="change_layer" id="AB1^1fV_%q=tjHri?^2K"><field name="layersNames">Main</field></block></next></block></statement><next><block type="controls_if" id="@pQ2u(3F=;ZZU6w0BuSt"><value name="IF0"><block type="logic_operation" id="/YMtw61|tL.|wd87|.Qt"><field name="OP">AND</field><value name="A"><block type="current_point_check" id="n5sKGJ5qa6G;OeQllhH3"><field name="pointsNames">Electric breaks</field></block></value><value name="B"><block type="logic_compare" id="(D:c8I92)-^hqv?MpM0o"><field name="OP">GTE</field><value name="A"><block type="singleVar" id="tlr9J)PEf:al`=E]cBg;"><field name="varName">Breaks_selection</field></block></value><value name="B"><block type="math_number" id="Z9Y1gxE1#Jyu,-L?R1m6"><field name="NUM">1</field></block></value></block></value></block></value><statement name="DO0"><block type="sound" id="{82H7%Tc9.7^Po`BnMcI"><field name="NAME">beep</field><next><block type="change_layer" id="M8?u_|aH%;++gQyC~rTc"><field name="layersNames">Main</field></block></next></block></statement><next><block type="controls_if" id="5Tgw.MF!:h}I*v{qhnAu"><value name="IF0"><block type="logic_operation" id="*5KPdpO!=S,0{f7[ms58"><field name="OP">AND</field><value name="A"><block type="current_point_check" id=":Mazlb5!`3o!MRGb*Yc6"><field name="pointsNames">Disc breaks</field></block></value><value name="B"><block type="logic_compare" id="TpmgPS`4m9~aA1p+x7^E"><field name="OP">GTE</field><value name="A"><block type="singleVar" id="n_UD2Cs}gjv^O*Rj@ea7"><field name="varName">Breaks_selection</field></block></value><value name="B"><block type="math_number" id="oGtP./W.H!2hvu6J[YRC"><field name="NUM">1</field></block></value></block></value></block></value><statement name="DO0"><block type="sound" id="vi4ARM#3KV(-ag.w++K@"><field name="NAME">beep</field><next><block type="change_layer" id="aI}3_Hmdd)F38NaUh9S2"><field name="layersNames">Main</field></block></next></block></statement><next><block type="controls_if" id="WeK+jm}nE4nf7y#e:whB"><value name="IF0"><block type="logic_operation" id="9n~!8*yG*r,SF40gp,=J"><field name="OP">AND</field><value name="A"><block type="current_point_check" id="8Fii/F)YWe5*[ngH1A`["><field name="pointsNames">Regenevative breaks</field></block></value><value name="B"><block type="logic_compare" id="yi%+tOwyd4X]-mdcT]th"><field name="OP">GTE</field><value name="A"><block type="singleVar" id="fvWOU9~(~]ol9s0Q7utO"><field name="varName">Breaks_selection</field></block></value><value name="B"><block type="math_number" id="pamG(ushx4I).lhle|MM"><field name="NUM">1</field></block></value></block></value></block></value><statement name="DO0"><block type="sound" id="ah!PJyq-o+^iehDZ95x8"><field name="NAME">beep</field><next><block type="change_layer" id="8g0+nscch71dG[XCdDlF"><field name="layersNames">Main</field></block></next></block></statement></block></next></block></next></block></next></block></next></block></next></block><block type="controls_if" id="8#PWSF+gkMfvD(r7^NCP" x="-1093" y="-769"><value name="IF0"><block type="current_point_check" id="s);w;PwG--s4g;8e_|T7"><field name="pointsNames">Back to the electric scooter (Shock absorbers)</field></block></value><statement name="DO0"><block type="change_layer" id="t|QbU*:~Wz%Ae{@NKtG]"><field name="layersNames">Main</field></block></statement><next><block type="controls_if" id="f?ll`WcJ-ah}Rhfnre0%"><value name="IF0"><block type="logic_operation" id="0H(!%O9+-b{~_Dg9kxov"><field name="OP">AND</field><value name="A"><block type="current_point_check" id="IQ.|+Ed*}|B|XdUIvt+P"><field name="pointsNames">Pre charched shock absorbers</field></block></value><value name="B"><block type="logic_compare" id="(NiV,LE|Y+fJz;R~EY5x"><field name="OP">GTE</field><value name="A"><block type="singleVar" id="aEW7{Rap}%m3?AvUL/3a"><field name="varName">Shock_absorbers_selection</field></block></value><value name="B"><block type="math_number" id="(({(/!Cd%S-NYe+f2P9i"><field name="NUM">1</field></block></value></block></value></block></value><statement name="DO0"><block type="sound" id="Ut-P1[z0Qa=c26od^qzx"><field name="NAME">beep</field><next><block type="change_layer" id="s(wR@%-_{DS_}Tx@%eQ{"><field name="layersNames">Main</field></block></next></block></statement><next><block type="controls_if" id="wLPbd@H5gpCofX}ncB|g"><value name="IF0"><block type="logic_operation" id="k]lfb_b=qz!+p}I!,6|5"><field name="OP">AND</field><value name="A"><block type="current_point_check" id="^^vw9047{#L;ffEt!U_."><field name="pointsNames">Oil shock absorbers</field></block></value><value name="B"><block type="logic_compare" id="pSL:rPuwLSW`h]Pvs?%="><field name="OP">GTE</field><value name="A"><block type="singleVar" id="]pBasK!sNm^LomzFHOAL"><field name="varName">Shock_absorbers_selection</field></block></value><value name="B"><block type="math_number" id="pHaRr9/.-:ENK?6`k0kK"><field name="NUM">1</field></block></value></block></value></block></value><statement name="DO0"><block type="sound" id="S{,,J:KvCSu85[rY8/WB"><field name="NAME">beep</field><next><block type="change_layer" id="?k5SA)|`l{e/U3)%A9W("><field name="layersNames">Main</field></block></next></block></statement><next><block type="controls_if" id="3=w-0Sz[,IIOhi^6G1IO"><value name="IF0"><block type="logic_operation" id="!m{/X@L,cFjjEIKdwld("><field name="OP">AND</field><value name="A"><block type="current_point_check" id="9BlyxBiUt~OqEzff0Vm*"><field name="pointsNames">Νitrogen shock absorbers</field></block></value><value name="B"><block type="logic_compare" id="w|emR?_VtIzWzX#5Eq6+"><field name="OP">GTE</field><value name="A"><block type="singleVar" id=",OLt#9uP3IpJLzTG=}6,"><field name="varName">Shock_absorbers_selection</field></block></value><value name="B"><block type="math_number" id="I#;Ss7f_}wbI35))DR#3"><field name="NUM">1</field></block></value></block></value></block></value><statement name="DO0"><block type="sound" id="/lVS#!;FxfIhffGi#,L#"><field name="NAME">beep</field><next><block type="change_layer" id="Ctq(SsTGRi6|=2*+WmXn"><field name="layersNames">Main</field></block></next></block></statement></block></next></block></next></block></next></block><block type="controls_if" id="JW}h}V1pL2@W.feFPRfV" x="7" y="-483"><value name="IF0"><block type="current_point_check" id="O,!Bma/|R7qT*_8Z_,)X"><field name="pointsNames">Back to the electric scooter (Seat)</field></block></value><statement name="DO0"><block type="change_layer" id="^`^O@MCBp0[U4kPyg6Da"><field name="layersNames">Main</field></block></statement><next><block type="controls_if" id="L*(o.#=kIqs9+p:AOZg~"><value name="IF0"><block type="logic_operation" id="Ul5sTp?tTURpS?f?x=E9"><field name="OP">AND</field><value name="A"><block type="current_point_check" id="k}!]RJ!Om;rnEb;w`.@H"><field name="pointsNames">Plastic seat</field></block></value><value name="B"><block type="logic_compare" id="aPL@-OQ953Ecj?@BB@I-"><field name="OP">GTE</field><value name="A"><block type="singleVar" id="wqTZG9lYU]P?S,-pa_Rl"><field name="varName">Seat_selection</field></block></value><value name="B"><block type="math_number" id="=RuLPd4it9@~3a~)a_(S"><field name="NUM">1</field></block></value></block></value></block></value><statement name="DO0"><block type="sound" id="eC*W.FjqqDQ``0VG.YyC"><field name="NAME">beep</field><next><block type="change_layer" id="p%6MNE!:dc]v+dp6{|C="><field name="layersNames">Main</field></block></next></block></statement><next><block type="controls_if" id="NH7o6S+8VNPTIC]zvp:j"><value name="IF0"><block type="logic_operation" id="^E:q3jC+c=oAWlWA,XGL"><field name="OP">AND</field><value name="A"><block type="current_point_check" id="O06@3QC!+#ePj^JXL{E3"><field name="pointsNames">Fabric seat</field></block></value><value name="B"><block type="logic_compare" id="znA#z.!=!dXey8:4:1s%"><field name="OP">GTE</field><value name="A"><block type="singleVar" id="py?kVXgy2jm%G;AT6XKG"><field name="varName">Seat_selection</field></block></value><value name="B"><block type="math_number" id="]N8A}=BY5)O8jK-U,.`v"><field name="NUM">1</field></block></value></block></value></block></value><statement name="DO0"><block type="sound" id="w#8vRwg{XSK}t|niWDt5"><field name="NAME">beep</field><next><block type="change_layer" id=",IF]|%{KJvkkl`|9d)ec"><field name="layersNames">Main</field></block></next></block></statement><next><block type="controls_if" id="vRf]4AB[EAaSQ|F`oz8h"><value name="IF0"><block type="logic_operation" id="8{o!2Ti+{,-_uz5u}|jz"><field name="OP">AND</field><value name="A"><block type="current_point_check" id="!{V)6^5D=592s6IP`=t]"><field name="pointsNames">Leather seat</field></block></value><value name="B"><block type="logic_compare" id="|WB-G@Sh@Rujvb;;grDX"><field name="OP">GTE</field><value name="A"><block type="singleVar" id="#]2@DxMM:=ma:KZ.^Z~I"><field name="varName">Seat_selection</field></block></value><value name="B"><block type="math_number" id="3#fOE7j{#/jR;H.!sWS!"><field name="NUM">1</field></block></value></block></value></block></value><statement name="DO0"><block type="sound" id="/LPaolG^.BTr=!Z!9W9-"><field name="NAME">beep</field><next><block type="change_layer" id="WZ-thuY7r-.2mh#+1X2H"><field name="layersNames">Main</field></block></next></block></statement></block></next></block></next></block></next></block><block type="controls_if" id="zX*PXe,Ye5`K|f!HI+]!" x="-1096" y="-336"><value name="IF0"><block type="current_point_check" id="qtG[[imGI6mq2fWcZAeG"><field name="pointsNames">Back to the electric scooter (Tires)</field></block></value><statement name="DO0"><block type="change_layer" id="fd@}R]6*!c.M?g[|S!Nw"><field name="layersNames">Main</field></block></statement><next><block type="controls_if" id="m*W#:XAc6m)Xd}8W?,y)"><value name="IF0"><block type="logic_operation" id="i{.Ms)r(A*p^_?}On{+c"><field name="OP">AND</field><value name="A"><block type="current_point_check" id="a9}uGdz[VAtp%vs5S5bM"><field name="pointsNames">Tubeless tires</field></block></value><value name="B"><block type="logic_compare" id="fY*xR6Ut}j}tSr[zFTrk"><field name="OP">GTE</field><value name="A"><block type="singleVar" id="4uHRCvXl9`3;DzZWIhSP"><field name="varName">Tires_selection</field></block></value><value name="B"><block type="math_number" id="So{GTQgJBwTrp.I@^Vp["><field name="NUM">1</field></block></value></block></value></block></value><statement name="DO0"><block type="sound" id="(JdST@2OsU1bp6#gaEab"><field name="NAME">beep</field><next><block type="change_layer" id="==dI==pD}Q=gbS-+Sg^?"><field name="layersNames">Main</field></block></next></block></statement><next><block type="controls_if" id="z/EutKzXhaQeXlnlKhC~"><value name="IF0"><block type="logic_operation" id="b(`r.9mQlnN9|ro,+#mg"><field name="OP">AND</field><value name="A"><block type="current_point_check" id="`T~VS_MT{%jFN)Pae@#O"><field name="pointsNames">Solid tires</field></block></value><value name="B"><block type="logic_compare" id="Gd=iN#8mP*Y)c4bd8sAx"><field name="OP">GTE</field><value name="A"><block type="singleVar" id="|e;S~+_K.Je2Vu_Zrq5u"><field name="varName">Tires_selection</field></block></value><value name="B"><block type="math_number" id="XN`+R;B6Pgh#@QzM:*69"><field name="NUM">1</field></block></value></block></value></block></value><statement name="DO0"><block type="sound" id="a{4MN0x}`ar^,:67os_h"><field name="NAME">beep</field><next><block type="change_layer" id="/KXMnxHT@veg|AR[(MUN"><field name="layersNames">Main</field></block></next></block></statement><next><block type="controls_if" id="?ilqx68v45!|#xe`l(k4"><value name="IF0"><block type="logic_operation" id="ny-a2|{A6L}C,6Gv]9yr"><field name="OP">AND</field><value name="A"><block type="current_point_check" id="zMrn!l%nzJV7pdp%5!`d"><field name="pointsNames">Air tires</field></block></value><value name="B"><block type="logic_compare" id="k9K_]YzzY^h(bOUbP}nK"><field name="OP">GTE</field><value name="A"><block type="singleVar" id="bPA7qP3C(g:era{5KsJ^"><field name="varName">Tires_selection</field></block></value><value name="B"><block type="math_number" id="[LLl?mQnSC]BNf8/1y;."><field name="NUM">1</field></block></value></block></value></block></value><statement name="DO0"><block type="sound" id="1Fs=*z/4dH6weWb)/I}]"><field name="NAME">beep</field><next><block type="change_layer" id="sUX?*w*x9H}s,41vuVSh"><field name="layersNames">Main</field></block></next></block></statement></block></next></block></next></block></next></block><block type="controls_if" id="+~;nrPa,TKydKXuXlVzU" x="11" y="-36"><value name="IF0"><block type="current_point_check" id="5L%L0%mBY?#ri7DAv]46"><field name="pointsNames">Back to the electric scooter (You did it)</field></block></value><statement name="DO0"><block type="change_layer" id="UH.PpF.ahkpQABk4X2in"><field name="layersNames">Main</field></block></statement></block></xml>