[{"id":34,"description":"Parents","values":{"Wellness":"-15","Family":"15","Career":"-5","Socializing":"-10"},"imguri":"","layers":"Main","isDummy":false,"latlng":{"lat":414.1714285714286,"lng":302.6652108577518}},{"id":37,"description":"Household","values":{"Wellness":"-15","Family":"10","Career":"-8","Socializing":"-20"},"imguri":"","layers":"Main","isDummy":false,"latlng":{"lat":416.9142857142857,"lng":457.35787447483546}},{"id":40,"description":"Cooking","values":{"Wellness":"-10","Family":"10","Career":"-7","Socializing":"-15"},"imguri":"","layers":"Main","isDummy":false,"latlng":{"lat":402.5142857142857,"lng":610.964846795151}},{"id":43,"description":"Shopping","values":{"Wellness":"10","Family":"15","Career":"-10","Socializing":"15"},"imguri":"","layers":"Main","isDummy":false,"latlng":{"lat":412.1142857142857,"lng":735.5872403149801}},{"id":46,"description":"Work","values":{"Wellness":"-20","Family":"-20","Career":"25","Socializing":"20"},"imguri":"","layers":"Main","isDummy":false,"latlng":{"lat":332.57142857142856,"lng":766.4962962962964}},{"id":49,"description":"Study","values":{"Wellness":"-10","Family":"-2","Career":"20","Socializing":"20"},"imguri":"","layers":"Main","isDummy":false,"latlng":{"lat":291.4285714285714,"lng":851.7721258397253}},{"id":52,"description":"Partner","values":{"Wellness":"15","Family":"10","Career":"-8","Socializing":"-10"},"imguri":"","layers":"Main","isDummy":false,"latlng":{"lat":314.0571428571428,"lng":249.25538425794855}},{"id":55,"description":"Child","values":{"Wellness":"-15","Family":"25","Career":"-15","Socializing":"-20"},"imguri":"","layers":"Main","isDummy":false,"latlng":{"lat":365.4857142857143,"lng":393.6175192640825}},{"id":58,"description":"Sports","values":{"Wellness":"20","Family":"-10","Career":"10","Socializing":"10"},"imguri":"","layers":"Main","isDummy":false,"latlng":{"lat":242.05714285714288,"lng":247.37360311602703}},{"id":61,"description":"Beauty Care","values":{"Wellness":"25","Family":"-20","Career":"-10","Socializing":"10"},"imguri":"","layers":"Main","isDummy":false,"latlng":{"lat":187.20000000000002,"lng":334.5639548776496}},{"id":64,"description":"Communication","values":{"Wellness":"10","Family":"-15","Career":"5","Socializing":"20"},"imguri":"","layers":"Main","isDummy":false,"latlng":{"lat":202.9714285714286,"lng":478.82624705375304}},{"id":67,"description":"Fun","values":{"Wellness":"20","Family":"-15","Career":"-15","Socializing":"20"},"imguri":"","layers":"Main","isDummy":false,"latlng":{"lat":211.8857142857143,"lng":771.1885462936747}},{"id":70,"description":"","values":{"Wellness":"","Family":"","Career":"","Socializing":""},"imguri":"","layers":"Main","isDummy":false,"latlng":{"lat":366.1714285714286,"lng":-48.85212916192761}}]