<xml xmlns="http://www.w3.org/1999/xhtml"><block type="initialvalues" id="7%pi|u/wU`(M`t7@0~7Z" x="138" y="-11"><statement name="Initial Values"><block type="initialValue" id="id1"><field name="varName">Wellness</field><value name="varVal"><block type="math_number" id="var1"><field name="NUM">50</field></block></value><next><block type="initialValue" id="id2"><field name="varName">Family</field><value name="varVal"><block type="math_number" id="var2"><field name="NUM">50</field></block></value><next><block type="initialValue" id="=YQ45=LKN%+5pXivQR?~"><field name="varName">Career</field><value name="varVal"><block type="math_number" id="1_8%l51.7voa+mkuouJM"><field name="NUM">50</field></block></value><next><block type="initialValue" id="A7?Bo5h5Huw4[s~dSc_w"><field name="varName">Socializing</field><value name="varVal"><block type="math_number" id="R8H/jX}9!vY`K[;a1nBm"><field name="NUM">50</field></block></value></block></next></block></next></block></next></block></statement></block></xml>