<xml xmlns="http://www.w3.org/1999/xhtml"><block type="controls_if" id=":EzGPa},FuO%lh,:K_a~" x="103" y="-238"><value name="IF0"><block type="logic_operation" id="Z,X`bv=@{:k5otXkzNiy"><field name="OP">AND</field><value name="A"><block type="logic_compare" id="r|c1;{;](s1Q77wx}%}x"><field name="OP">GT</field><value name="A"><block type="singleVar" id="P6Z3Q8wGPoI.m`42.|Ip"><field name="varName">Wellness</field></block></value><value name="B"><block type="math_number" id="agR!n=c~U/Ul2cd:ss)5"><field name="NUM">100</field></block></value></block></value><value name="B"><block type="logic_compare" id="~zJJku)mjB(b~C_S7k2U"><field name="OP">GT</field><value name="A"><block type="singleVar" id="vB:msISQ0/2QLf-Z%D7~"><field name="varName">Career</field></block></value><value name="B"><block type="math_number" id="N4%PACDLR7wY4G8%x=?:"><field name="NUM">100</field></block></value></block></value></block></value><statement name="DO0"><block type="popup" id="ycJ[0?9+JiM:Im{m2(DU"><field name="popuptext">You did not manage to balance your roles! You were too egocentric...</field><next><block type="gameover" id="JV|0@iDkyn*|iS@02v]H"></block></next></block></statement><next><block type="controls_if" id="JbH~7QV11UMm?=HDrW49"><value name="IF0"><block type="logic_operation" id="L{%v*kNp_M?+IEy]q+jQ"><field name="OP">AND</field><value name="A"><block type="logic_compare" id="6?!8`s`,/[x#_;B5Ul6k"><field name="OP">GT</field><value name="A"><block type="singleVar" id="35!97(a,.dz^Ft%JoqP3"><field name="varName">Wellness</field></block></value><value name="B"><block type="math_number" id="B8b`o*MVS:E[7=atdHDA"><field name="NUM">100</field></block></value></block></value><value name="B"><block type="logic_compare" id="VoAlWxTniIvF6BOm*C}~"><field name="OP">GT</field><value name="A"><block type="singleVar" id="BqOKl.*?CQ3(Q;oRujI0"><field name="varName">Career</field></block></value><value name="B"><block type="math_number" id="Gr)6l6vC6c,?,qY_/dNV"><field name="NUM">100</field></block></value></block></value></block></value><statement name="DO0"><block type="popup" id="iNVx/3K%ttF3XJ!%SX^@"><field name="popuptext">You did not manage to balance your roles! You were too egocentric...</field><next><block type="gameover" id="JIqBchV{72MJ;im122X%"></block></next></block></statement><next><block type="controls_if" id="`mL#I-%paZv3+nsKgy`("><value name="IF0"><block type="logic_compare" id="a:@:+-3.:oh?sNp0bvg+"><field name="OP">LT</field><value name="A"><block type="singleVar" id="|z(0Nj=_jR{D;t=]06Rm"><field name="varName">Wellness</field></block></value><value name="B"><block type="math_number" id="-!aZ5wv+MasDk,kK4l8J"><field name="NUM">10</field></block></value></block></value><statement name="DO0"><block type="popup" id="fb_MDzF=xM:!BMcT)bG/"><field name="popuptext">You did not manage to balance your roles! You neglected your family!</field><next><block type="gameover" id="%b_QJ{S{5gjj6NhxaG,X"></block></next></block></statement><next><block type="controls_if" id="yz@iMqOT5XtZU4Z[UR^."><value name="IF0"><block type="logic_compare" id="!lRI^Bec53%yNr3elHrZ"><field name="OP">LT</field><value name="A"><block type="singleVar" id="{:cP!^Cmo{o0^z1B.XTi"><field name="varName">Socializing</field></block></value><value name="B"><block type="math_number" id="G2Aa]kS(d[.vlA}i#:6Q"><field name="NUM">10</field></block></value></block></value><statement name="DO0"><block type="popup" id="g3[`hE?BT2Y+PWDfsm!n"><field name="popuptext">You did not manage to balance your roles! You lost contact with your friends...</field><next><block type="gameover" id=";a%`2#)KfD)-dRR6+={x"></block></next></block></statement><next><block type="controls_if" id="eYk,d#J`j%QDv#0jhP~K"><value name="IF0"><block type="logic_compare" id="TMMcj!S*_0OQhZp2qKSL"><field name="OP">LT</field><value name="A"><block type="singleVar" id="cmS9?e[I%-Ox|tn8El5k"><field name="varName">Wellness</field></block></value><value name="B"><block type="math_number" id="t*~fv53H7gXuM}d^8a0Z"><field name="NUM">10</field></block></value></block></value><statement name="DO0"><block type="popup" id="|`5VR0*OeJ,UQH4a*c/s"><field name="popuptext">You did not manage to balance your roles! You neglected your wellness!</field><next><block type="gameover" id="1st1e(n[t4P2NxjPx.QK"></block></next></block></statement></block></next></block></next></block></next></block></next></block></xml>