[{"id":32,"description":"Do an online survey","values":{"Youngsters":"10","Elderly":"-10","Non_natives":"0","Low_income":"-5"},"imguri":"","layers":"Main","isDummy":false,"latlng":{"lat":74.89220365396017,"lng":240.03925204845848}},{"id":35,"description":"Observer a user","values":{"Youngsters":"-4","Elderly":"10","Non_natives":"10","Low_income":"10"},"imguri":"","layers":"Main","isDummy":false,"latlng":{"lat":59.53488965390976,"lng":562.4283957695906}},{"id":38,"description":"Interview in school","values":{"Youngsters":"5","Elderly":"-10","Non_natives":"-8","Low_income":"5"},"imguri":"","layers":"Main","isDummy":false,"latlng":{"lat":190.1047034777102,"lng":606.237420480931}},{"id":41,"description":"Interview in coffeeshop","values":{"Youngsters":"2","Elderly":"2","Non_natives":"-8","Low_income":"-10"},"imguri":"","layers":"Main","isDummy":false,"latlng":{"lat":184.7268316643657,"lng":197.5499690740602}},{"id":44,"description":"Hospital-day in life","values":{"Youngsters":"-5","Elderly":"5","Non_natives":"10","Low_income":"5"},"imguri":"","layers":"Main","isDummy":false,"latlng":{"lat":370.40843466969653,"lng":427.8708914079729}},{"id":47,"description":"Observe at the airport","values":{"Youngsters":"-10","Elderly":"2","Non_natives":"4","Low_income":"-4"},"imguri":"","layers":"Main","isDummy":false,"latlng":{"lat":306.84127257830426,"lng":831.9760950826094}},{"id":50,"description":"Interview at train station","values":{"Youngsters":"5","Elderly":"-5","Non_natives":"5","Low_income":"5"},"imguri":"","layers":"Main","isDummy":false,"latlng":{"lat":275.7375916508956,"lng":510.9971174224429}},{"id":53,"description":"Interview at users' home","values":{"Youngsters":"-5","Elderly":"15","Non_natives":"-4","Low_income":"10"},"imguri":"","layers":"Main","isDummy":false,"latlng":{"lat":312.99540187106624,"lng":57.998215859592804}},{"id":56,"description":"Observe user at work","values":{"Youngsters":"-10","Elderly":"-5","Non_natives":"5","Low_income":"5"},"imguri":"","layers":"Main","isDummy":false,"latlng":{"lat":225.6243844471419,"lng":142.39241443023514}},{"id":59,"description":"Observe user at countryside","values":{"Youngsters":"-15","Elderly":"15","Non_natives":"5","Low_income":"-2"},"imguri":"","layers":"Main","isDummy":false,"latlng":{"lat":421.0980548932075,"lng":728.3348918842628}},{"id":62,"description":"Conduct survey at school","values":{"Youngsters":"10","Elderly":"-10","Non_natives":"-5","Low_income":"5"},"imguri":"","layers":"Main","isDummy":false,"latlng":{"lat":164.94909450684136,"lng":660.3470294030574}},{"id":65,"description":"Conduct survey at marketplace","values":{"Youngsters":"-10","Elderly":"15","Non_natives":"5","Low_income":"5"},"imguri":"","layers":"Main","isDummy":false,"latlng":{"lat":125.57822970172744,"lng":367.23989266842176}},{"id":68,"description":"Observe in the park","values":{"Youngsters":"-5","Elderly":"10","Non_natives":"5","Low_income":"-5"},"imguri":"","layers":"Main","isDummy":false,"latlng":{"lat":325.2770191892321,"lng":577.4204718392259}},{"id":71,"description":"Day in the life at the office","values":{"Youngsters":"-15","Elderly":"-10","Non_natives":"5","Low_income":"10"},"imguri":"","layers":"Main","isDummy":false,"latlng":{"lat":247.32326110001276,"lng":116.88354876884051}},{"id":74,"description":"Day in the life at home","values":{"Youngsters":"-5","Elderly":"5","Non_natives":"10","Low_income":"15"},"imguri":"","layers":"Main","isDummy":false,"latlng":{"lat":288.2234765441726,"lng":64.13872088050185}}]