<xml xmlns="http://www.w3.org/1999/xhtml"><block type="controls_if" id="oUgd{3K~U[F@#aF]}ygA" x="371" y="-64"><value name="IF0"><block type="logic_compare" id="~a@gT-aydG21O-1G.sjK"><field name="OP">LT</field><value name="A"><block type="singleVar" id="RTuC:_mI#d@k69q|ly)+"><field name="varName">Youngsters</field></block></value><value name="B"><block type="math_number" id="qIM#58w_X12vI;dXPueD"><field name="NUM">-20</field></block></value></block></value><statement name="DO0"><block type="controls_if" id="iT/a*j.aS/W6PL(H}zRJ"><comment pinned="false" h="80" w="160">The following "if conditions" determine the feedback message it will appear to the user after the game ends</comment><value name="IF0"><block type="logic_compare" id=";XuA)}l;kXj*}BoZ@v4J"><field name="OP">GTE</field><value name="A"><block type="movescounter" id="0]thew[J]f9ubss]sR_G"></block></value><value name="B"><block type="math_number" id="B.qcI=;E!85[Mu8?UlyU"><field name="NUM">10</field></block></value></block></value><statement name="DO0"><block type="controls_if" id="/!gL60{7?Q_z=9Xjg=3K"><value name="IF0"><block type="logic_operation" id="{SJ-^,O=gRgvXF69hXul"><field name="OP">OR</field><value name="A"><block type="logic_compare" id="QC;u+LR-}zkIV}0Q]Psr"><field name="OP">GTE</field><value name="A"><block type="singleVar" id="yM(pq-U3~).-`DPk-fe("><field name="varName">Low_income</field></block></value><value name="B"><block type="math_number" id="X6a=(@4*R#};zk)-@v1u"><field name="NUM">20</field></block></value></block></value><value name="B"><block type="logic_operation" id="zwCF?qRV[/`p_kO[`*A,"><field name="OP">OR</field><value name="A"><block type="logic_compare" id="_Rb.Q+zfa}5r[`(/8|zI"><field name="OP">GTE</field><value name="A"><block type="singleVar" id="-|F9aycTFi72[K#I[~y9"><field name="varName">Elderly</field></block></value><value name="B"><block type="math_number" id="y*XZ~Oa13%)gcYbnL[LP"><field name="NUM">20</field></block></value></block></value><value name="B"><block type="logic_compare" id="N]xqT2Yr]t8v[e%N2Xb:"><field name="OP">GTE</field><value name="A"><block type="singleVar" id="~#m+oZg3icZ@/XYLU|e}"><field name="varName">Non_natives</field></block></value><value name="B"><block type="math_number" id="]q}sD`A7V;?pS58n^kZ("><field name="NUM">20</field></block></value></block></value></block></value></block></value><statement name="DO0"><block type="popup" id="hqeByFXokJ-)6~!BQ-1P"><field name="popuptext">You did not understand youngsters at all, even though you empathized with all other categories. It seems that the visit in the “Discover” continent is going really well for you! Your experience has made you capable of empathizing with your audience so that you can adjust your goals in existing needs! Well done!</field></block></statement><next><block type="controls_if" id="T|VC3Uifu!Ox^(IT{YDo"><value name="IF0"><block type="logic_operation" id="P.T~o(OW}%v|8{r])J[;"><field name="OP">AND</field><value name="A"><block type="logic_compare" id="-AAu5)LtvLTAJw?kfKbM"><field name="OP">GTE</field><value name="A"><block type="singleVar" id="-G6T6_oM`L]HM}(tu9-g"><field name="varName">Low_income</field></block></value><value name="B"><block type="math_number" id="hL8M6;/0dDoP@x_%e}2]"><field name="NUM">10</field></block></value></block></value><value name="B"><block type="logic_operation" id="BO=a.-(?7qsh#RlE5S{Z"><field name="OP">AND</field><value name="A"><block type="logic_compare" id="Q094]!{*^ly~0Jq79qZg"><field name="OP">GTE</field><value name="A"><block type="singleVar" id="F74o,@8MGG}vL%_A?%j-"><field name="varName">Elderly</field></block></value><value name="B"><block type="math_number" id="w8ZA)aap9CT]lY1o-q{J"><field name="NUM">10</field></block></value></block></value><value name="B"><block type="logic_compare" id="VX+:@gzuQ@YTzsbo2,3m"><field name="OP">GTE</field><value name="A"><block type="singleVar" id="3^#Z)|Wu~#{M,}OaPB`}"><field name="varName">Non_natives</field></block></value><value name="B"><block type="math_number" id="-zG:*xHoqi?083:ON3RV"><field name="NUM">10</field></block></value></block></value></block></value></block></value><statement name="DO0"><block type="popup" id="bT3{iaRRDrZU~~=X=il8"><field name="popuptext">You did not understand youngsters at all, even though you empathized with some of the other categories. However, the more you discover, the more you empathize with your audience. You can start framing your project in the next phase but you can also give yourself another shot in exploring your audience needs. Good job </field></block></statement><next><block type="controls_if" id="Q1v+~gGVHk~lO:/ZVh}5"><value name="IF0"><block type="logic_operation" id="ALVb!}BM/}MeoT@f=cUA"><field name="OP">OR</field><value name="A"><block type="logic_compare" id="GH@j8AWa~5X^~YJ=L=ws"><field name="OP">LT</field><value name="A"><block type="singleVar" id="@^?!3`bqFnM0(Q9SiZsQ"><field name="varName">Low_income</field></block></value><value name="B"><block type="math_number" id="A`FSZ12p^c{n{%K9ZOa5"><field name="NUM">0</field></block></value></block></value><value name="B"><block type="logic_operation" id=";7|!;#/?plI(z5].44-B"><field name="OP">OR</field><value name="A"><block type="logic_compare" id="p`.ZxopfwO+O3}MWB_):"><field name="OP">LT</field><value name="A"><block type="singleVar" id="dQ~pW::Gz88!%/CQQR9a"><field name="varName">Elderly</field></block></value><value name="B"><block type="math_number" id="[_!GBa:e+ldILXQ@-eld"><field name="NUM">0</field></block></value></block></value><value name="B"><block type="logic_compare" id="PzK?pJP-i_Ey6YX^PE[K"><field name="OP">LT</field><value name="A"><block type="singleVar" id="QnV]t%xe#l[0g27=uy)A"><field name="varName">Non_natives</field></block></value><value name="B"><block type="math_number" id="8b(^G/e%yOEFakba8N_t"><field name="NUM">0</field></block></value></block></value></block></value></block></value><statement name="DO0"><block type="popup" id="C_~`r;T,!?WmaZHm4WFY"><field name="popuptext">You did not understand youngsters at all! Keep exploring the “Discover” continent to achieve more immersion to your audience needs! Try again!</field></block></statement></block></next></block></next></block></statement><next><block type="controls_if" id="bcTJIVX=kMAxk6U|M-0X"><value name="IF0"><block type="logic_compare" id="KSqOjQ[6#FwB4d3)_rUs"><field name="OP">LT</field><value name="A"><block type="movescounter" id="hJZodZPDCr,5q4g5-M?;"></block></value><value name="B"><block type="math_number" id="jm:sOI{eV3NTGh+{H]Pz"><field name="NUM">10</field></block></value></block></value><statement name="DO0"><block type="popup" id="sl^e#5~`AOe,fexw^X_:"><field name="popuptext">You did not understand youngsters people at all! Keep exploring the “Discover” continent to achieve more immersion to your audience needs! Try again!</field></block></statement><next><block type="gameover" id="MLR/6i}9oB6st5-+BGN}"></block></next></block></next></block></statement><next><block type="controls_if" id="e=pZwAZ%vXm1+.]DIz++"><value name="IF0"><block type="logic_compare" id="7uP3LN[(m-FC2P_=jS]Y"><field name="OP">LT</field><value name="A"><block type="singleVar" id="ArX+wU}nMx}RuIqq3)Aw"><field name="varName">Elderly</field></block></value><value name="B"><block type="math_number" id="C3jG@%0e,c9XlP2B5Zov"><field name="NUM">-40</field></block></value></block></value><statement name="DO0"><block type="controls_if" id="i5PUA)XCabYfc}fEey_]"><value name="IF0"><block type="logic_compare" id="cQ!|,]l/6h?B~#EoLNj}"><field name="OP">GTE</field><value name="A"><block type="movescounter" id=";:Z_!KzZs)Jim|-vI1eW"></block></value><value name="B"><block type="math_number" id=":ksr~;N9D!xkU.md#zLG"><field name="NUM">10</field></block></value></block></value><statement name="DO0"><block type="controls_if" id="|j6Wk%J}!B9`v{CEe5f3"><value name="IF0"><block type="logic_operation" id="if]rap*KnP3P79aBz=]+"><field name="OP">OR</field><value name="A"><block type="logic_compare" id="*RzouS*SIxJh57~kI#mz"><field name="OP">GTE</field><value name="A"><block type="singleVar" id="gS7a,HW_sKi/r8IFeS7d"><field name="varName">Low_income</field></block></value><value name="B"><block type="math_number" id="7X0FOo*sE1:zRdcFFjd-"><field name="NUM">20</field></block></value></block></value><value name="B"><block type="logic_operation" id="m%FPfejYZ}D7k[|9AKwv"><field name="OP">OR</field><value name="A"><block type="logic_compare" id="!rD0N:y[mD36gCeU4]RC"><field name="OP">GTE</field><value name="A"><block type="singleVar" id="{dkA8RJm@2Q}Xy,j:e#m"><field name="varName">Youngsters</field></block></value><value name="B"><block type="math_number" id="BmPE{LmK^hlCLd0OLulN"><field name="NUM">20</field></block></value></block></value><value name="B"><block type="logic_compare" id="]=x1WW]uE%^1_@Hqehtr"><field name="OP">GTE</field><value name="A"><block type="singleVar" id="_~q=p~^V*#+Igxs,Kr1L"><field name="varName">Non_natives</field></block></value><value name="B"><block type="math_number" id="yxAEd]1IteJcdhx:CLES"><field name="NUM">20</field></block></value></block></value></block></value></block></value><statement name="DO0"><block type="popup" id="pa*L,wmb/XUGJe6;w.=e"><field name="popuptext">You did not understand elderly people at all, even though you empathized with all other categories. It seems that the visit in the “Discover” continent is going really well for you! Your experience has made you capable of empathizing with your audience so that you can adjust your goals in existing needs! Well done! </field></block></statement><next><block type="controls_if" id="_W~EuJ9E/@8lra7eOA9l"><value name="IF0"><block type="logic_operation" id="9)B9f@TS|(8X#uj`Q,hS"><field name="OP">AND</field><value name="A"><block type="logic_compare" id="tsSgKx%k(FcNv_LoQQo7"><field name="OP">GTE</field><value name="A"><block type="singleVar" id="nO7Aa:+Gdn5i8Z*GMV}r"><field name="varName">Low_income</field></block></value><value name="B"><block type="math_number" id="?A@v5Ed`4lo+8|^MHWor"><field name="NUM">10</field></block></value></block></value><value name="B"><block type="logic_operation" id="WZZ0}[eWz[%48S3.0tm+"><field name="OP">AND</field><value name="A"><block type="logic_compare" id="u9AFVpww*,8QjR(1*m7@"><field name="OP">GTE</field><value name="A"><block type="singleVar" id="OVd).yqz8pf2=L)DeBBE"><field name="varName">Youngsters</field></block></value><value name="B"><block type="math_number" id="jr3@+!.01JDo#ZBVT_[D"><field name="NUM">10</field></block></value></block></value><value name="B"><block type="logic_compare" id="KL2bgHJ5d:T7e9[|_E?s"><field name="OP">GTE</field><value name="A"><block type="singleVar" id="dg_;tXCcUKPBO;U(f:Mu"><field name="varName">Non_natives</field></block></value><value name="B"><block type="math_number" id="cxZT0(:zRoKmk-|).22g"><field name="NUM">10</field></block></value></block></value></block></value></block></value><statement name="DO0"><block type="popup" id="_x.=n|W899Qg68N6hzj."><field name="popuptext">You did not understand elderly people at all, even though you empathized with some of the other categories. However, the more you discover, the more you empathize with your audience. You can start framing your project in the next phase but you can also give yourself another shot in exploring your audience needs. Good job</field></block></statement><next><block type="controls_if" id="Rl2@sBvj2Aqc[AUluyDr"><value name="IF0"><block type="logic_operation" id="fx=[c(U:g@nW*dz3!DLr"><field name="OP">OR</field><value name="A"><block type="logic_compare" id="MgTt(TM_Qx!`hyk{DdRb"><field name="OP">LT</field><value name="A"><block type="singleVar" id="Qe{HBV(Pb:bn-Onp/Pjg"><field name="varName">Low_income</field></block></value><value name="B"><block type="math_number" id="48l6cqRUK_Mn_/-?2iol"><field name="NUM">0</field></block></value></block></value><value name="B"><block type="logic_operation" id="j1-d8S)_w.;AACl^J%5{"><field name="OP">OR</field><value name="A"><block type="logic_compare" id="1|}yi}s00Tr!yY5f899u"><field name="OP">LT</field><value name="A"><block type="singleVar" id="}/0j@(dqdWb|Fww8f6-A"><field name="varName">Youngsters</field></block></value><value name="B"><block type="math_number" id="+xMjHo4:|SJ7SD#C4MH?"><field name="NUM">0</field></block></value></block></value><value name="B"><block type="logic_compare" id="t+c!}Z6wcl:Y`_f?IVGy"><field name="OP">LT</field><value name="A"><block type="singleVar" id="slG5GC(eSYAeDg|Nwx69"><field name="varName">Non_natives</field></block></value><value name="B"><block type="math_number" id="i:F+8p:Sv/r*-2B?KzCE"><field name="NUM">0</field></block></value></block></value></block></value></block></value><statement name="DO0"><block type="popup" id="hjLBNNP46`,lYXw-|2h7"><field name="popuptext">You did not understand elderly people at all! Keep exploring the “Discover” continent to achieve more immersion to your audience needs! Try again!</field></block></statement></block></next></block></next></block></statement><next><block type="controls_if" id="T0dhQNVvzUyf0u*`fhR!"><value name="IF0"><block type="logic_compare" id="j5,,D}t#]UnUrLpbQ`]9"><field name="OP">LT</field><value name="A"><block type="movescounter" id="ihUuXQQv7m`t+!Aa_EF."></block></value><value name="B"><block type="math_number" id="%!i_qJ]7^FHkaDxnTD`+"><field name="NUM">10</field></block></value></block></value><statement name="DO0"><block type="popup" id="(I`]L{(Un8.Rjwj})ZC]"><field name="popuptext">You did not understand elderly people at all! Keep exploring the “Discover” continent to achieve more immersion to your audience needs! Try again!</field></block></statement><next><block type="gameover" id="wy**F1vgM2=Aj24i5JzG"></block></next></block></next></block></statement></block></next></block><block type="controls_if" id="~vNN:=h9dtsOUB2].2C+" x="1468" y="-23"><value name="IF0"><block type="logic_compare" id="2AbD]|P^E{Q,Tokm@~u4"><field name="OP">LT</field><value name="A"><block type="singleVar" id="2b4bqt*NHM(i2{i`9TN2"><field name="varName">Non_natives</field></block></value><value name="B"><block type="math_number" id="(DsV(yfu7.l3l]RlrFGP"><field name="NUM">-20</field></block></value></block></value><statement name="DO0"><block type="controls_if" id="4*Z1LRLZdyBOO0V0bFSB"><value name="IF0"><block type="logic_compare" id="GzWoxo!6;{0/)GqSi/FZ"><field name="OP">GTE</field><value name="A"><block type="movescounter" id="+Uof=nAS[R(*B?VZz#W@"></block></value><value name="B"><block type="math_number" id="9FjQGzfQawBssFxi_i`S"><field name="NUM">10</field></block></value></block></value><statement name="DO0"><block type="controls_if" id="0YHm+~z{dnvMV3SCrr5N"><value name="IF0"><block type="logic_operation" id="=^1RLnZqs-GGQM3F6CAG"><field name="OP">OR</field><value name="A"><block type="logic_compare" id="w[JcfAmEscHWbnwKw1,~"><field name="OP">GTE</field><value name="A"><block type="singleVar" id="DJ1lotIKekb8ga|im/^X"><field name="varName">Low_income</field></block></value><value name="B"><block type="math_number" id="/(C1)DqN9yApi`cxIaFz"><field name="NUM">20</field></block></value></block></value><value name="B"><block type="logic_operation" id="pLev/]qb56efY^QR|]Vs"><field name="OP">OR</field><value name="A"><block type="logic_compare" id="MW)67]k/`RI9inP#D,cG"><field name="OP">GTE</field><value name="A"><block type="singleVar" id="y55j(VIHBeuvM}x2pneQ"><field name="varName">Youngsters</field></block></value><value name="B"><block type="math_number" id="amCGtb}U*`a2P}j@U/7p"><field name="NUM">20</field></block></value></block></value><value name="B"><block type="logic_compare" id="pwLY3cXc,5XaOc*G7re["><field name="OP">GTE</field><value name="A"><block type="singleVar" id="YEe{ZoV{q#IKUlCVJXxV"><field name="varName">Elderly</field></block></value><value name="B"><block type="math_number" id="PhRiRtE:.{?iKCkMX`,F"><field name="NUM">20</field></block></value></block></value></block></value></block></value><statement name="DO0"><block type="popup" id="CCWMi:{bD~%=/y61|q)s"><field name="popuptext">You did not understand non-native people at all, even though you empathized with all other categories. It seems that the visit in the “Discover” continent is going really well for you! Your experience has made you capable of empathizing with your audience so that you can adjust your goals in existing needs! Well done! </field></block></statement><next><block type="controls_if" id="PR0K@mPe:8dRqSBx(I_K"><value name="IF0"><block type="logic_operation" id="froRKK-xkv]A%joXNz+J"><field name="OP">AND</field><value name="A"><block type="logic_compare" id="RAxyo~UHPv?R!|XDMsvW"><field name="OP">GTE</field><value name="A"><block type="singleVar" id="JGk#^};4L9_BIlYYlM0+"><field name="varName">Low_income</field></block></value><value name="B"><block type="math_number" id="P,srX+PDvrCE3moLZL1["><field name="NUM">10</field></block></value></block></value><value name="B"><block type="logic_operation" id="o{Thnn%JXa~#-qoVtgh/"><field name="OP">AND</field><value name="A"><block type="logic_compare" id="?L79rN5dy/FcgkdjDv6*"><field name="OP">GTE</field><value name="A"><block type="singleVar" id="LL/|H*dJO3_;21j;Ie@M"><field name="varName">Youngsters</field></block></value><value name="B"><block type="math_number" id="T)9czH;|QH:/v;*nu:7j"><field name="NUM">10</field></block></value></block></value><value name="B"><block type="logic_compare" id=")^@EL8bh8:3m`J3jz)2L"><field name="OP">GTE</field><value name="A"><block type="singleVar" id="-,nno5*cXz(P/LS:pz(v"><field name="varName">Elderly</field></block></value><value name="B"><block type="math_number" id="OVw*zmn/X4?dz`3)m63U"><field name="NUM">10</field></block></value></block></value></block></value></block></value><statement name="DO0"><block type="popup" id="=x8^(.tB.lixOWR,*MDc"><field name="popuptext">You did not understand non-native people at all, even though you empathized with some of the other categories. However, the more you discover, the more you empathize with your audience. You can start framing your project in the next phase but you can also give yourself another shot in exploring your audience needs. Good job</field></block></statement><next><block type="controls_if" id="zIJCA(2irrIZzHewQ`Cb"><value name="IF0"><block type="logic_operation" id="am-1d(wq13S3yF1Cu~a,"><field name="OP">OR</field><value name="A"><block type="logic_compare" id="%j7@gOj!5c0hw|X?YsJC"><field name="OP">LT</field><value name="A"><block type="singleVar" id="/z?24}/j+0I97#,WUz07"><field name="varName">Low_income</field></block></value><value name="B"><block type="math_number" id="Jt:tQ8SPOtZ:U_f7P@/8"><field name="NUM">0</field></block></value></block></value><value name="B"><block type="logic_operation" id="+dv(wH_C9P^qk7+2!J)0"><field name="OP">OR</field><value name="A"><block type="logic_compare" id="L~4zV7GUh8ug;V9S1|!^"><field name="OP">LT</field><value name="A"><block type="singleVar" id=".-%z(clcBHs:7_Z/.vOT"><field name="varName">Youngsters</field></block></value><value name="B"><block type="math_number" id="cf-Aj%A//m`bN,{=qHh@"><field name="NUM">0</field></block></value></block></value><value name="B"><block type="logic_compare" id="A3}kvqSR2b-*!F(=P)T("><field name="OP">LTE</field><value name="A"><block type="singleVar" id="V-yZXeQhlQ]0^i_+^-s@"><field name="varName">Elderly</field></block></value><value name="B"><block type="math_number" id="Hl-K5oX7g`dt,zd-)xbC"><field name="NUM">20</field></block></value></block></value></block></value></block></value><statement name="DO0"><block type="popup" id="MN8h0hZ#]#%M71dUuTqn"><field name="popuptext">You did not understand non-native people at all! Keep exploring the “Discover” continent to achieve more immersion to your audience needs! Try again!</field></block></statement></block></next></block></next></block></statement><next><block type="controls_if" id="QU0xU0iHc`AdZeRbH(iV"><value name="IF0"><block type="logic_compare" id="b9;#Qj7)d5c*)cvtl?2("><field name="OP">LT</field><value name="A"><block type="movescounter" id="cu/@vRa_n)B]8j/-.KA+"></block></value><value name="B"><block type="math_number" id="BC?]FNN+9K3sZrnUkZUw"><field name="NUM">10</field></block></value></block></value><statement name="DO0"><block type="popup" id="x[[WL^~qn%#?0G(*Z,h:"><field name="popuptext">You did not understand non-native people at all! Keep exploring the “Discover” continent to achieve more immersion to your audience needs! Try again!</field></block></statement><next><block type="gameover" id="~v]!+Wal9y:{vLq6V%@+"></block></next></block></next></block></statement><next><block type="controls_if" id="qyiw)YjBZ0sj+#Vnvuij"><value name="IF0"><block type="logic_compare" id="R].v_u#@Y6]yBD5I3%!f"><field name="OP">LT</field><value name="A"><block type="singleVar" id="mOWJ8]1jNrTlU}6X[sGe"><field name="varName">Low_income</field></block></value><value name="B"><block type="math_number" id="UKgK]seh`a3OoyZ.[:#J"><field name="NUM">-20</field></block></value></block></value><statement name="DO0"><block type="controls_if" id="_Z0!?I|{4Rb^1;Q5q*ME"><value name="IF0"><block type="logic_compare" id="+d;A.H5+.^^(#~A,3-RU"><field name="OP">GTE</field><value name="A"><block type="movescounter" id="ycdQ3hc`S%suUG}E?:AX"></block></value><value name="B"><block type="math_number" id="zh#L!owO~JO[7p:q/;kF"><field name="NUM">10</field></block></value></block></value><statement name="DO0"><block type="controls_if" id="oko+-g4kpVcl)Vm=O3yY"><value name="IF0"><block type="logic_operation" id="P{)]4~}:2M1lz/AKB~%K"><field name="OP">OR</field><value name="A"><block type="logic_compare" id="t3aviWs5L0-q^paC9;b="><field name="OP">GTE</field><value name="A"><block type="singleVar" id="5;lB}[Hz`niB*Y@0SQ!x"><field name="varName">Non_natives</field></block></value><value name="B"><block type="math_number" id="XmJ[09GglX%h8{czsOc%"><field name="NUM">20</field></block></value></block></value><value name="B"><block type="logic_operation" id="P~kAV6xbfe{A[CX7`e?q"><field name="OP">OR</field><value name="A"><block type="logic_compare" id="v-WS246c9GPZ!GucNw{}"><field name="OP">GTE</field><value name="A"><block type="singleVar" id="%Vnar0zW#hs|EU+@?a`Y"><field name="varName">Youngsters</field></block></value><value name="B"><block type="math_number" id="!?#+53%,+D]vL)T7aF.f"><field name="NUM">20</field></block></value></block></value><value name="B"><block type="logic_compare" id="dCPnbj4XzJjoegEAHd8U"><field name="OP">GTE</field><value name="A"><block type="singleVar" id="sV4*Q}qpnMvmHwxz`1PK"><field name="varName">Elderly</field></block></value><value name="B"><block type="math_number" id="J@rlIR;70FfSGDvm13lG"><field name="NUM">20</field></block></value></block></value></block></value></block></value><statement name="DO0"><block type="popup" id="MWz+XZTogg1+J~^3rzPc"><field name="popuptext">You did not understand low-income people at all, even though you empathized with all other categories. It seems that the visit in the “Discover” continent is going really well for you! Your experience has made you capable of empathizing with your audience so that you can adjust your goals in existing needs! Well done! </field></block></statement><next><block type="controls_if" id="Gl-FVurUm{)(ivf+v}c;"><value name="IF0"><block type="logic_operation" id="Z_t,ILzZgsH^peuX%5NJ"><field name="OP">AND</field><value name="A"><block type="logic_compare" id="ibGYza+wC64)-xt+e7_P"><field name="OP">GTE</field><value name="A"><block type="singleVar" id="P-]H24.+Ca:Pc!`WaI1N"><field name="varName">Non_natives</field></block></value><value name="B"><block type="math_number" id="VFBUS}IRQQj%1{F[V^-@"><field name="NUM">10</field></block></value></block></value><value name="B"><block type="logic_operation" id="q7fjVtkqxnQcwP-BG],T"><field name="OP">AND</field><value name="A"><block type="logic_compare" id="#*Pmj~P)6a]E*!V#8O/e"><field name="OP">GTE</field><value name="A"><block type="singleVar" id="Yv:qUAzEKw*rkQGD.Jy."><field name="varName">Youngsters</field></block></value><value name="B"><block type="math_number" id="hHl)4Z[=*_P%Y?K:0X7f"><field name="NUM">10</field></block></value></block></value><value name="B"><block type="logic_compare" id="/0,?;D:?_w!4-g1{fC,e"><field name="OP">GTE</field><value name="A"><block type="singleVar" id="5BsRkg7KQVn0PV9h6*m@"><field name="varName">Elderly</field></block></value><value name="B"><block type="math_number" id="8y[[^9.}7/6*LXMBUy%`"><field name="NUM">10</field></block></value></block></value></block></value></block></value><statement name="DO0"><block type="popup" id="R7OlmTVMRYH_pmcZLILW"><field name="popuptext">You did not understand low-income people at all, even though you empathized with some of the other categories. However, the more you discover, the more you empathize with your audience. You can start framing your project in the next phase but you can also give yourself another shot in exploring your audience needs. Good job</field></block></statement><next><block type="controls_if" id="_-~X+RT`WO_+ET;]]hg4"><value name="IF0"><block type="logic_operation" id="2[Tr46=mcMqh.HN{g,I1"><field name="OP">OR</field><value name="A"><block type="logic_compare" id="x!wy)aFKqhyBB@FF03lx"><field name="OP">LT</field><value name="A"><block type="singleVar" id="Y9W2{8}%(+Pi]VljT)+R"><field name="varName">Non_natives</field></block></value><value name="B"><block type="math_number" id="WSMqQ7mWP|7,|u~^nmkM"><field name="NUM">0</field></block></value></block></value><value name="B"><block type="logic_operation" id="ze#Jh@_6l0#v)HVVHS{x"><field name="OP">OR</field><value name="A"><block type="logic_compare" id="mr6;XY:So+6`*z/BM!h}"><field name="OP">LT</field><value name="A"><block type="singleVar" id="ziLXJVHjX*T1@i)QDp|("><field name="varName">Youngsters</field></block></value><value name="B"><block type="math_number" id="!g~z*+jhh7|tSmZ,47BN"><field name="NUM">0</field></block></value></block></value><value name="B"><block type="logic_compare" id=",!lo6ktnuWz/u1[;lTv2"><field name="OP">LTE</field><value name="A"><block type="singleVar" id="~3%o8`~WwWOVif0/A~*K"><field name="varName">Elderly</field></block></value><value name="B"><block type="math_number" id="r[S@F}S7t`o:g;Ba#GsC"><field name="NUM">20</field></block></value></block></value></block></value></block></value><statement name="DO0"><block type="popup" id="F*m*Y8tk4@c-BK:|%!8j"><field name="popuptext">You did not understand low-income people at all! Keep exploring the “Discover” continent to achieve more immersion to your audience needs! Try again!</field></block></statement></block></next></block></next></block></statement><next><block type="controls_if" id="dv~%PbZ~H+flz,de!7%2"><value name="IF0"><block type="logic_compare" id="D7+yFQ%0}1xLZlJtx`#w"><field name="OP">LT</field><value name="A"><block type="movescounter" id="r8dbg9b}uQ36.a~Jm,`;"></block></value><value name="B"><block type="math_number" id="3S*Vd@Uc=Cb-1r`RXUS+"><field name="NUM">10</field></block></value></block></value><statement name="DO0"><block type="popup" id="yHX--(LC5jUkpi/now28"><field name="popuptext">You did not understand low-income people at all! Keep exploring the “Discover” continent to achieve more immersion to your audience needs! Try again!</field></block></statement><next><block type="gameover" id="*G_j77b4o.x`gpxF^GNy"></block></next></block></next></block></statement></block></next></block></xml>