<xml xmlns="http://www.w3.org/1999/xhtml"><block type="controls_if" id="J*2ZZ21K[s~)Z*d1YA7{" x="233" y="65"><value name="IF0"><block type="logic_compare" id="Bh=vpRNtl@lwI7dQAWcq"><field name="OP">LTE</field><value name="A"><block type="singleVar" id="bd}Az@A,;UdVrmpM8DIV"><field name="varName">Youngsters</field></block></value><value name="B"><block type="math_number" id="6+yHL2@(N=EfGV[St;bG"><field name="NUM">-10</field></block></value></block></value><statement name="DO0"><block type="popup" id="C?q%c(N)QhDZRm;uEeVf"><field name="popuptext">You're neglecting the youngsters!</field></block></statement><next><block type="controls_if" id="R7i-o44*i.Nv1um{W?G1"><value name="IF0"><block type="logic_compare" id="IpGaht~9B80agBai;n:+"><field name="OP">LTE</field><value name="A"><block type="singleVar" id="Ej?BzP)ZB!=|`NX|@z-w"><field name="varName">Elderly</field></block></value><value name="B"><block type="math_number" id="`k#^NU1P9T=wm5;Ji,gh"><field name="NUM">-20</field></block></value></block></value><statement name="DO0"><block type="popup" id="y39tkdmCmS-=lfBnl=}?"><field name="popuptext">The elderly are feeling left out </field></block></statement><next><block type="controls_if" id="S{JW(4Y*c`dC#M9[BE+."><value name="IF0"><block type="logic_compare" id="Q0TQo{Y7O6+-{{%/_?TR"><field name="OP">LTE</field><value name="A"><block type="singleVar" id="t2*2lmR,i}qL^r[qX4~b"><field name="varName">Low_income</field></block></value><value name="B"><block type="math_number" id="!T6ZRvB0gd1AJ|ly~1;P"><field name="NUM">-10</field></block></value></block></value><statement name="DO0"><block type="popup" id="R2~k8)GGdbz;;Ac(7#@W"><field name="popuptext">You're neglecting the people with lower income! </field></block></statement><next><block type="controls_if" id="~(K5B)Q@Tgd{@BE:ZvHD"><value name="IF0"><block type="logic_compare" id="^V4UkbJLWAE^YJulDW0."><field name="OP">LTE</field><value name="A"><block type="singleVar" id="v~Qg@yIkcN26YX^1-**0"><field name="varName">Non_natives</field></block></value><value name="B"><block type="math_number" id="{p}.wD{.PP}vtDQ2/pNS"><field name="NUM">-10</field></block></value></block></value><statement name="DO0"><block type="popup" id="6h?:){)sOzu0!Qx.E[K+"><field name="popuptext">It's been a while since you've empathized with non-natives</field></block></statement></block></next></block></next></block></next></block></xml>