[{"name":"Description","type":"string","visibility":"visible"},{"name":"Material_information","type":"url","visibility":"visible"},{"name":"Material_Cost","type":"number","step":".1"},{"name":"Coffee_Mug","type":"number","step":".1"},{"name":"Walking_stick","type":"number","step":".1"},{"name":"Reading_Glass_Frame","type":"number","step":".1"},{"name":"Cutting_Board","type":"number","step":".1"},{"name":"Umbrella_Frame","type":"number","step":".1"},{"name":"Chair","type":"number","step":".1"},{"name":"Profit","type":"number","step":".1"}]