[{"id":34,"description":"plastic","values":{"Material_information":"https://en.wikipedia.org/wiki/Plastic","Material_Cost":"4","Coffee_Mug":"-2","Walking_stick":"3","Reading_Glass_Frame":"2","Cutting_Board":"1","Umbrella_Frame":"2","Chair":"3","Profit":"4"},"imguri":"","layers":"Main","isDummy":false,"latlng":{"lat":343.23134983630104,"lng":447.97407407407405}},{"id":37,"description":"glazed ceramic","values":{"Material_information":"https://en.wikipedia.org/wiki/Ceramic_glaze","Material_Cost":"1","Coffee_Mug":"3","Walking_stick":"-3","Reading_Glass_Frame":"-2","Cutting_Board":"-1","Umbrella_Frame":"-1","Chair":"-2","Profit":"2"},"imguri":"","layers":"Main","isDummy":false,"latlng":{"lat":293.87564474378473,"lng":147.72592592592594}},{"id":40,"description":"stainless steel","values":{"Material_information":"https://en.wikipedia.org/wiki/Stainless_steel","Material_Cost":"-1","Coffee_Mug":"-1","Walking_stick":"3","Reading_Glass_Frame":"3","Cutting_Board":"1","Umbrella_Frame":"1","Chair":"1","Profit":"2"},"imguri":"","layers":"Main","isDummy":false,"latlng":{"lat":140.63344594739203,"lng":353.48703703703706}},{"id":43,"description":"aluminum","values":{"Material_information":"https://en.wikipedia.org/wiki/Aluminium","Material_Cost":"-2","Coffee_Mug":"-4","Walking_stick":"2","Reading_Glass_Frame":"4","Cutting_Board":"-1","Umbrella_Frame":"3","Chair":"2","Profit":"1"},"imguri":"","layers":"Main","isDummy":false,"latlng":{"lat":318.88925288624057,"lng":870.5277777777778}},{"id":46,"description":"porcelain ","values":{"Material_information":"https://en.wikipedia.org/wiki/Porcelain","Material_Cost":"-3","Coffee_Mug":"4","Walking_stick":"-3","Reading_Glass_Frame":"-2","Cutting_Board":"2","Umbrella_Frame":"-1","Chair":"-2","Profit":"1"},"imguri":"","layers":"Main","isDummy":false,"latlng":{"lat":195.04179494957478,"lng":554.4518518518519}},{"id":49,"description":"wood","values":{"Material_information":"https://en.wikipedia.org/wiki/Wood#Uses","Material_Cost":"3","Coffee_Mug":"-2","Walking_stick":"4","Reading_Glass_Frame":"-2","Cutting_Board":"3","Umbrella_Frame":"1","Chair":"3","Profit":"3"},"imguri":"","layers":"Main","isDummy":false,"latlng":{"lat":143.20476962724928,"lng":874.3648148148147}},{"id":52,"description":"silver ","values":{"Material_information":"https://en.wikipedia.org/wiki/Silver#Applications","Material_Cost":"-4","Coffee_Mug":"-2","Walking_stick":"-2","Reading_Glass_Frame":"-1","Cutting_Board":"0","Umbrella_Frame":"-2","Chair":"-3","Profit":"1"},"imguri":"","layers":"Main","isDummy":false,"latlng":{"lat":382.64261554165324,"lng":658.0518518518519}},{"id":55,"description":"glass","values":{"Material_information":"https://en.wikipedia.org/wiki/Glass","Material_Cost":"2","Coffee_Mug":"2","Walking_stick":"-4","Reading_Glass_Frame":"-2","Cutting_Board":"1","Umbrella_Frame":"2","Chair":"-2","Profit":"2"},"imguri":"","layers":"Main","isDummy":false,"latlng":{"lat":172.57304699170933,"lng":146.76666666666665}},{"id":58,"description":"Bank your Profit","values":{"Material_information":"Transfer your money to your account so that you can use it to continue selecting materials.","Material_Cost":"20","Coffee_Mug":"0","Walking_stick":"0","Reading_Glass_Frame":"0","Cutting_Board":"0","Umbrella_Frame":"0","Chair":"0","Profit":"-20"},"imguri":"","layers":"material selection-profit.png","isDummy":false,"latlng":{"lat":224.58298094430293,"lng":369.0864809842851}}]