<xml xmlns="http://www.w3.org/1999/xhtml"><block type="controls_if" id="oUgd{3K~U[F@#aF]}ygA" x="147" y="61"><value name="IF0"><block type="logic_compare" id="~a@gT-aydG21O-1G.sjK"><field name="OP">LT</field><value name="A"><block type="singleVar" id="RTuC:_mI#d@k69q|ly)+"><field name="varName">Material_Cost</field></block></value><value name="B"><block type="math_number" id="qIM#58w_X12vI;dXPueD"><field name="NUM">-10</field></block></value></block></value><statement name="DO0"><block type="popup" id="[Q+z*@b?dHC7[R=3+,rX"><field name="popuptext">Be careful!!You will run out of money.</field></block></statement><next><block type="controls_if" id="!oGx#m!!8EcjVqSM!CNa"><value name="IF0"><block type="logic_compare" id="SD;K,8L|@o)P1Kq!}w9G"><field name="OP">GT</field><value name="A"><block type="singleVar" id="3Vet*848xF}j2*z+z`2S"><field name="varName">Walking_stick</field></block></value><value name="B"><block type="math_arithmetic" id="unc^0:=l/`1)Sy)I^x)x"><field name="OP">ADD</field><value name="A"><shadow type="math_number" id="qIn-.vX(f`i6EFHDKmnF"><field name="NUM">1</field></shadow><block type="singleVar" id="ki;Y.=Lr0m_]afvs@xDs"><field name="varName">Coffee_Mug</field></block></value><value name="B"><shadow type="math_number" id="v@{X;+fWD-5=%{qHKC)@"><field name="NUM">10</field></shadow></value></block></value></block></value><statement name="DO0"><block type="popup" id="_75i(/4^}hI.-bElF9Yi"><field name="popuptext">The difference between walking sticks and coffee mugs production shows you need to select your materials in a more balanced way. </field></block></statement><next><block type="controls_if" id="Y1%I-n]`F_EE*X73Gh.Z"><value name="IF0"><block type="logic_compare" id="UwI)X#q_|pcl3}9`]Ubs"><field name="OP">GT</field><value name="A"><block type="singleVar" id="aGgnX.:L;msQmwEo|0m~"><field name="varName">Coffee_Mug</field></block></value><value name="B"><block type="math_arithmetic" id="fWe(:DX2!%1qhHC}D%Mm"><field name="OP">ADD</field><value name="A"><shadow type="math_number" id="qIn-.vX(f`i6EFHDKmnF"><field name="NUM">1</field></shadow><block type="singleVar" id=";4BE%CrOdDDp6%XQjcfp"><field name="varName">Walking_stick</field></block></value><value name="B"><shadow type="math_number" id="(|T{a:7m38a9{I6h96d9"><field name="NUM">10</field></shadow></value></block></value></block></value><statement name="DO0"><block type="popup" id="7*niW#d;K6Py3aNg-;I5"><field name="popuptext">The difference between walking sticks and coffee mugs production shows you need to select your materials in a more balanced way. </field></block></statement><next><block type="controls_if" id="4!9+kn5M~.9QDk4-utnB"><value name="IF0"><block type="logic_compare" id="bx=dL~|0:pN]-f`ojo2F"><field name="OP">GT</field><value name="A"><block type="singleVar" id="Tvzz.%0U(vuug+4%LltE"><field name="varName">Reading_Glass_Frame</field></block></value><value name="B"><block type="math_arithmetic" id="D[x:+UsaA3!4n]}qN+Hu"><field name="OP">ADD</field><value name="A"><shadow type="math_number" id="qIn-.vX(f`i6EFHDKmnF"><field name="NUM">1</field></shadow><block type="singleVar" id="WB|ph{R7D985GuJ|?/s~"><field name="varName">Cutting_Board</field></block></value><value name="B"><shadow type="math_number" id="4GH4Vvf.I*+AUt-~EMlI"><field name="NUM">10</field></shadow></value></block></value></block></value><statement name="DO0"><block type="popup" id="3BP)x/BJC`f|CQ2-0Zbe"><field name="popuptext">The difference between reading glass frames and cutting boards production shows you need to select your materials in a more balanced way. </field></block></statement><next><block type="controls_if" id="z[(9v#fnjpZy3=T}/hE_"><value name="IF0"><block type="logic_compare" id="EtyK}+~9%`{pfM9aS}DP"><field name="OP">GT</field><value name="A"><block type="singleVar" id="%G(l#;ig9cbce=XKF{0P"><field name="varName">Cutting_Board</field></block></value><value name="B"><block type="math_arithmetic" id="2FO7A!5iYG80PG{Sl*FW"><field name="OP">ADD</field><value name="A"><shadow type="math_number" id="qIn-.vX(f`i6EFHDKmnF"><field name="NUM">1</field></shadow><block type="singleVar" id="bdBa:eA;~ZQ8}*WhEyMf"><field name="varName">Reading_Glass_Frame</field></block></value><value name="B"><shadow type="math_number" id="MAhFj{yn-}Br?ra_V1mR"><field name="NUM">10</field></shadow></value></block></value></block></value><statement name="DO0"><block type="popup" id="BdEu,wvb9{4ryG0!RWuA"><field name="popuptext">The difference between reading glass frames and cutting boards production shows you need to select your materials in a more balanced way. </field></block></statement><next><block type="controls_if" id="UyE)#Qd)D7lEmX-oUE2r"><value name="IF0"><block type="logic_compare" id=";F0pd+;bAQRLS?{(*I|w"><field name="OP">GT</field><value name="A"><block type="singleVar" id="Skv3ed.Z}up-a;(p1Wt)"><field name="varName">Umbrella_Frame</field></block></value><value name="B"><block type="math_arithmetic" id="TQ*]MG;}8+EQxC%n[cVp"><field name="OP">ADD</field><value name="A"><shadow type="math_number" id="qIn-.vX(f`i6EFHDKmnF"><field name="NUM">1</field></shadow><block type="singleVar" id="/qbCNBzlS#Y%LQcJ~Kax"><field name="varName">Chair</field></block></value><value name="B"><shadow type="math_number" id="Gw2i{6]i/QuJy,31I%!`"><field name="NUM">10</field></shadow></value></block></value></block></value><statement name="DO0"><block type="popup" id="8CslV%3]^zG0i{a.5F5Z"><field name="popuptext">The difference between umbrella frame and chair production shows you need to select your materials in a more balanced way. </field></block></statement><next><block type="controls_if" id="D+Um|l2/K4FP+(KGBO~N"><value name="IF0"><block type="logic_compare" id=":Q#BHwyM[/Kcnkf,6;Ez"><field name="OP">GT</field><value name="A"><block type="singleVar" id="q%x/WRb-o9(yZw(WU=I]"><field name="varName">Chair</field></block></value><value name="B"><block type="math_arithmetic" id="a]n%(H#Usz]vE-ep#m[]"><field name="OP">ADD</field><value name="A"><shadow type="math_number" id="qIn-.vX(f`i6EFHDKmnF"><field name="NUM">1</field></shadow><block type="singleVar" id="/rnERU_z^a~aPdw#M.q_"><field name="varName">Umbrella_Frame</field></block></value><value name="B"><shadow type="math_number" id="FrkB*peek%.JA|~Mtb~4"><field name="NUM">10</field></shadow></value></block></value></block></value><statement name="DO0"><block type="popup" id="Wfxb,({`BM?%n:pMg]SO"><field name="popuptext">The difference between umbrella frame and chair production shows you need to select your materials in a more balanced way. </field></block></statement></block></next></block></next></block></next></block></next></block></next></block></next></block><block type="controls_if" id="5X76WH!zZ^J}-t!G,1@]" x="823" y="112"><value name="IF0"><block type="logic_compare" id="t:vbN6H2I[`2t-_pa|je"><field name="OP">GT</field><value name="A"><block type="singleVar" id="L8e~F{/Hybdk:5,qS|JS"><field name="varName">Profit</field></block></value><value name="B"><block type="math_number" id="-5Kv:01;sbj}UHgBoI8-"><field name="NUM">20</field></block></value></block></value><statement name="DO0"><block type="change_layer" id="#xvtBIjZy`M1!X/=smgd"><field name="layersNames">material selection-profit.png</field></block></statement><next><block type="controls_if" id="IP?N=:Iu4k+Z#auecVGj"><value name="IF0"><block type="current_point_check" id="p/3b66;My4NAi=JKQxgY"><field name="pointsNames">Bank your Profit</field></block></value><statement name="DO0"><block type="change_layer" id="%l~-Azj`^9{dv,LQ6v*k"><field name="layersNames">Main</field></block></statement></block></next></block></xml>