<xml xmlns="http://www.w3.org/1999/xhtml"><block type="controls_if" id=";,(#{Sxk,LqGmJxWL`eG" x="248" y="-403"><value name="IF0"><block type="logic_operation" id="Qa7pC}7xhlxxcI!Rq6G}"><field name="OP">OR</field><value name="A"><block type="logic_operation" id="^``TIUo+f%1;iuxix=G3"><field name="OP">OR</field><value name="A"><block type="logic_compare" id="rPFyQV3{W0HO%%p5Yx}a"><field name="OP">GT</field><value name="A"><block type="singleVar" id="P,5O8F?w~_}E]rL]az)N"><field name="varName">Coffee_Mug</field></block></value><value name="B"><block type="math_arithmetic" id="5e#H0KzZMC1.ZRL!ax8z"><field name="OP">ADD</field><value name="A"><shadow type="math_number" id="1RTQ(hn+b)a2?TEH0(6{"><field name="NUM">1</field></shadow><block type="singleVar" id="XuyKLh+B39:!pG!5o3-V"><field name="varName">Walking_stick</field></block></value><value name="B"><shadow type="math_number" id="PK8k_[O@Qd7?aj))e-]["><field name="NUM">20</field></shadow></value></block></value></block></value><value name="B"><block type="logic_operation" id="*a`h@a67SI4%NEKCy^@O"><field name="OP">OR</field><value name="A"><block type="logic_compare" id="0nraDckWFJ=HkL5A%D`["><field name="OP">GT</field><value name="A"><block type="singleVar" id="n*3SkWV1A[nEt+E[1{P-"><field name="varName">Reading_Glass_Frame</field></block></value><value name="B"><block type="math_arithmetic" id="(Rw(=bH5lA_T46{cb,_`"><field name="OP">ADD</field><value name="A"><shadow type="math_number" id="1RTQ(hn+b)a2?TEH0(6{"><field name="NUM">1</field></shadow><block type="singleVar" id="]@/WLRN2{B@Al7!Qa}n?"><field name="varName">Cutting_Board</field></block></value><value name="B"><shadow type="math_number" id="M|s6-Nm/8wzlcP=*u+ok"><field name="NUM">20</field></shadow></value></block></value></block></value><value name="B"><block type="logic_compare" id="F!Gqzc.TniI`[{@4;|d2"><field name="OP">GT</field><value name="A"><block type="singleVar" id="?wxn;nZnS2ozFVd~z4JL"><field name="varName">Umbrella_Frame</field></block></value><value name="B"><block type="math_arithmetic" id="av}CaLwJm!^k7;rB/3^@"><field name="OP">ADD</field><value name="A"><shadow type="math_number" id="1RTQ(hn+b)a2?TEH0(6{"><field name="NUM">1</field></shadow><block type="singleVar" id="q@|xR#GXBccBF|pMLsLg"><field name="varName">Chair</field></block></value><value name="B"><shadow type="math_number" id="5L[-AxGT9`yd5|W_yAqB"><field name="NUM">20</field></shadow></value></block></value></block></value></block></value></block></value><value name="B"><block type="logic_operation" id="+~5sreZbrd6^ie2{4BTF"><field name="OP">OR</field><value name="A"><block type="logic_compare" id="Jm{sR|U`MsBF|lzauudB"><field name="OP">GT</field><value name="A"><block type="singleVar" id="DWQ}xMSc0QTR4sPh{Gdi"><field name="varName">Walking_stick</field></block></value><value name="B"><block type="math_arithmetic" id=")K5IK]MSWz%XIs1[3lK?"><field name="OP">ADD</field><value name="A"><shadow type="math_number" id="1RTQ(hn+b)a2?TEH0(6{"><field name="NUM">1</field></shadow><block type="singleVar" id="L:,hS`KsYq*YkE1]V/{B"><field name="varName">Coffee_Mug</field></block></value><value name="B"><shadow type="math_number" id="?,~~u%s{.)H[Q_f#9O:K"><field name="NUM">20</field></shadow></value></block></value></block></value><value name="B"><block type="logic_operation" id="^,PBXX3~ne9,O~]3hlTr"><field name="OP">OR</field><value name="A"><block type="logic_compare" id="Z/*=*wH-!p5Pnqlg5DOH"><field name="OP">GT</field><value name="A"><block type="singleVar" id="]NTbNKn.jDDZ*1K-89;9"><field name="varName">Cutting_Board</field></block></value><value name="B"><block type="math_arithmetic" id="3lYh@lJfaT;!EsoS^:}N"><field name="OP">ADD</field><value name="A"><shadow type="math_number" id="1RTQ(hn+b)a2?TEH0(6{"><field name="NUM">1</field></shadow><block type="singleVar" id="r`)5E/T}0;pSi/kwc;e["><field name="varName">Reading_Glass_Frame</field></block></value><value name="B"><shadow type="math_number" id="6tzEUrkAQ[wof5x^{V1D"><field name="NUM">20</field></shadow></value></block></value></block></value><value name="B"><block type="logic_compare" id="iE_pIpEP~M08te0q8R^T"><field name="OP">GT</field><value name="A"><block type="singleVar" id="kT~+NJLdq?57Ej9l,lc{"><field name="varName">Chair</field></block></value><value name="B"><block type="math_arithmetic" id=".8~vKaIoXAJ?THNGe;Lu"><field name="OP">ADD</field><value name="A"><shadow type="math_number" id="1RTQ(hn+b)a2?TEH0(6{"><field name="NUM">1</field></shadow><block type="singleVar" id="-mi7?6Yw]*.v%dqUNf-d"><field name="varName">Umbrella_Frame</field></block></value><value name="B"><shadow type="math_number" id="f{ia.8xOtqdO*D7lICps"><field name="NUM">20</field></shadow></value></block></value></block></value></block></value></block></value></block></value><statement name="DO0"><block type="popup" id="@V5oIbdK;9s!eRZj,mS#"><field name="popuptext">You did not select materials in a balanced way. Try again! Keep exploring the “Discover” continent to set your project’s criteria requires a better understanding of the challenges! Try again!  </field><next><block type="gameover" id="+6|9N}q6n=B9@iH2[pn_"></block></next></block></statement><next><block type="controls_if" id="oUgd{3K~U[F@#aF]}ygA"><value name="IF0"><block type="logic_compare" id="~a@gT-aydG21O-1G.sjK"><field name="OP">LT</field><value name="A"><block type="singleVar" id="RTuC:_mI#d@k69q|ly)+"><field name="varName">Coffee_Mug</field></block></value><value name="B"><block type="math_number" id="qIM#58w_X12vI;dXPueD"><field name="NUM">-15</field></block></value></block></value><statement name="DO0"><block type="popup" id="[XMzb=tiZEwjnqR(]mUV"><field name="popuptext">No materials to produce coffee mugs. The more you discover, the more you understand. You can give yourself another shot in this game or you can explore more countries in this continent before moving on to the next continent.</field></block></statement><next><block type="controls_if" id="o/m==;.Mc-9~+}DCtuf-"><value name="IF0"><block type="logic_compare" id="GCNZ.*CAH_e;6/(VfuUf"><field name="OP">LT</field><value name="A"><block type="singleVar" id="^zM8jN:|(M`0d4)!PVq}"><field name="varName">Walking_stick</field></block></value><value name="B"><block type="math_number" id=":O|-`bOA2]0+B*Prl:9o"><field name="NUM">-15</field></block></value></block></value><statement name="DO0"><block type="popup" id="=y.PctnE1K8gMx06Kr9a"><field name="popuptext">No materials to produce walking sticks. The more you discover, the more you understand. You can give yourself another shot in this game or you can explore more countries in this continent before moving on to the next continent.</field></block></statement><next><block type="controls_if" id="u;DWgG,W@-dQ8pXcJa@H"><value name="IF0"><block type="logic_compare" id="Gt:xa(swq~UHiI(YL;*J"><field name="OP">LT</field><value name="A"><block type="singleVar" id="*~u;I9@voT]K3!YanXHI"><field name="varName">Reading_Glass_Frame</field></block></value><value name="B"><block type="math_number" id="NO!(.R}cxCV:2;^@0qr]"><field name="NUM">-15</field></block></value></block></value><statement name="DO0"><block type="popup" id="V|FAMpZ)F(!axBe~6;gi"><field name="popuptext">No materials to produce reading glass frames. The more you discover, the more you understand. You can give yourself another shot in this game or you can explore more countries in this continent before moving on to the next continent.</field></block></statement><next><block type="controls_if" id="uhoVE4r?}u4.2=]2WK=1"><value name="IF0"><block type="logic_compare" id="s_#BPFLKKENa^h:g%{)8"><field name="OP">LT</field><value name="A"><block type="singleVar" id="t}A*ZELc%#vDg}G_FJOo"><field name="varName">Cutting_Board</field></block></value><value name="B"><block type="math_number" id="^s9DKkslWz7.x.[?fugG"><field name="NUM">-15</field></block></value></block></value><statement name="DO0"><block type="popup" id=".US?-sw/]Vsyq])jQ8OH"><field name="popuptext">No materials to produce cutting board. The more you discover, the more you understand. You can give yourself another shot in this game or you can explore more countries in this continent before moving on to the next continent.</field><next><block type="gameover" id="C`eJb3dBW?BI~^iVIy7}"></block></next></block></statement><next><block type="controls_if" id="Iw9KZ88]ZzIVpgIUUIhV"><value name="IF0"><block type="logic_compare" id="Ik#XS?=ts-,hPR`-stql"><field name="OP">LT</field><value name="A"><block type="singleVar" id="rcYCB=(#PuHAPfgT=.l}"><field name="varName">Umbrella_Frame</field></block></value><value name="B"><block type="math_number" id="`]4F}.5LMCR~2p.6Q/ZE"><field name="NUM">-15</field></block></value></block></value><statement name="DO0"><block type="popup" id="e+HwB;)b(6p#3oC%/Scx"><field name="popuptext">No materials to produce umbrella frames. The more you discover, the more you understand. You can give yourself another shot in this game or you can explore more countries in this continent before moving on to the next continent.</field><next><block type="gameover" id="^{+EKKK-+RWlEZFgDNM%"></block></next></block></statement><next><block type="controls_if" id="S19cM?hdz8|TH}n@N1#0"><value name="IF0"><block type="logic_compare" id="!R^{e8;]/MT=bCA6F1Ci"><field name="OP">LT</field><value name="A"><block type="singleVar" id="onPNW:`rTsyp3ON;RJmX"><field name="varName">Chair</field></block></value><value name="B"><block type="math_number" id="g^*3uamkRAmG[^Z3T:CS"><field name="NUM">-15</field></block></value></block></value><statement name="DO0"><block type="popup" id="9To(5(P+zK+uq5u|m/:c"><field name="popuptext">No materials to produce walking chairs. The more you discover, the more you understand. You can give yourself another shot in this game or you can explore more countries in this continent before moving on to the next continent.</field><next><block type="gameover" id=";|PIfp(htPpbk#Dm9[hy"></block></next></block></statement><next><block type="controls_if" id="l#gmO+l768/RWq0|T(G2"><value name="IF0"><block type="logic_compare" id="u=kX:(@-vR6@ISGhf|p1"><field name="OP">LT</field><value name="A"><block type="singleVar" id="#A/72#2?dUP7GlB/[Y`d"><field name="varName">Material_Cost</field></block></value><value name="B"><block type="math_number" id="uK=6#@A+6[ZqlD{wBtCm"><field name="NUM">-30</field></block></value></block></value><statement name="DO0"><block type="popup" id="V7Nl2Y/{q~#}M|+0WYL-"><field name="popuptext">You run out of money. Try again! Keep exploring the “Discover” continent to set your project’s criteria requires a better understanding of the challenges! Try again!  </field><next><block type="gameover" id="=5M3-Q4i(Bs2X:CHt7(1"></block></next></block></statement></block></next></block></next></block></next></block></next></block></next></block></next></block></next></block><block type="controls_if" id=";fig8Xn{qxq,C.II|tr8" x="1155" y="-173"><value name="IF0"><block type="logic_operation" id="fs2,717fN1=2@)UBa3Ga"><field name="OP">AND</field><value name="A"><block type="current_point_check" id="YI[{QXZ]brcmalVU59lG"><field name="pointsNames">Bank your Profit</field></block></value><value name="B"><block type="logic_compare" id="selections"><field name="OP">EQ</field><value name="A"><block type="times_selected_check" id="selectionsNum"></block></value><value name="B"><block type="math_number" id="Ku0jt[%[qRvR6|-+Y)AH"><field name="NUM">3</field></block></value></block></value></block></value><statement name="DO0"><block type="popup" id="sS;NuP+g]}=(IiVYGAzY"><field name="popuptext">Well done! It seems that the visit in the “Discover” continent is going really well for you! Your experience has made you capable of understanding existing challenges so that you can make adequate decisions in defining your project in the next phase! </field><next><block type="gameover" id="p!BK--LA0xCW*]3hW1Lc"></block></next></block></statement></block></xml>