<xml xmlns="http://www.w3.org/1999/xhtml"><block type="initialvalues" id="7%pi|u/wU`(M`t7@0~7Z" x="88" y="88"><statement name="Initial Values"><block type="initialValue" id="id1"><field name="varName">Material_Cost</field><value name="varVal"><block type="math_number" id="var1"><field name="NUM">0</field></block></value><next><block type="initialValue" id="id2"><field name="varName">Coffee_Mug</field><value name="varVal"><block type="math_number" id="var2"><field name="NUM">0</field></block></value><next><block type="initialValue" id="vtaKssk^Fm5uII!Ui#|{"><field name="varName">Walking_stick</field><value name="varVal"><block type="math_number" id="D:%fVOa_O0w#,-qj#[P@"><field name="NUM">0</field></block></value><next><block type="initialValue" id="Mq(=/Zc7;t/gymL1UleI"><field name="varName">Material_information</field><value name="varVal"><block type="math_number" id="^,RClGDt%aAY96S~*}O#"><field name="NUM">0</field></block></value><next><block type="initialValue" id="vi/na3R*,IO](we=,}/V"><field name="varName">Reading_Glass_Frame</field><value name="varVal"><block type="math_number" id="iW4k9Ec-QC}vqSMngWLK"><field name="NUM">0</field></block></value><next><block type="initialValue" id="tI.83=5y_`;v4HcadV*G"><field name="varName">Cutting_Board</field><value name="varVal"><block type="math_number" id=";jkKTlr:f`ZZ;Wk(kt|e"><field name="NUM">0</field></block></value><next><block type="initialValue" id="Y!Bxn5tF@+sjbcwedLFj"><field name="varName">Umbrella_Frame</field><value name="varVal"><block type="math_number" id="ajAzqqGlIP02qa(.b@Qb"><field name="NUM">0</field></block></value><next><block type="initialValue" id="^%*Ulv+|QeR+s-9L-yTo"><field name="varName">Chair</field><value name="varVal"><block type="math_number" id=")b6q_AVaRRWhglrw4EAp"><field name="NUM">0</field></block></value><next><block type="initialValue" id="ugV]htWDt.))Wjy{x{lT"><field name="varName">Profit</field><value name="varVal"><block type="math_number" id="(vplZV,E#V`UnZ2!Td1/"><field name="NUM">0</field></block></value></block></next></block></next></block></next></block></next></block></next></block></next></block></next></block></next></block></statement></block></xml>