<xml xmlns="http://www.w3.org/1999/xhtml"><block type="controls_if" id="2QpN5ExWk.^uL/)3mRq-" x="625" y="-49"><value name="IF0"><block type="logic_compare" id="m,[d~w2XTE{o|pfA^}Rl"><field name="OP">LT</field><value name="A"><block type="singleVar" id="PpS}?gMG{=?%d2)hFIYi"><field name="varName">Διασκέδαση</field></block></value><value name="B"><block type="math_number" id="/kP8H*joSZ/1=I,{B~5H"><field name="NUM">0</field></block></value></block></value><statement name="DO0"><block type="sound" id="A0zT7R0fyFAMvC8]xV`h"><field name="NAME">lose</field><next><block type="gameover" id="]VK=F3bFJ4e[hAq*b9Mg"></block></next></block></statement><next><block type="controls_if" id="/zIt~D@:a#i#R/W@1Yh-"><value name="IF0"><block type="logic_compare" id="z1/+jQk9*aO=rIVj;Bzy"><field name="OP">LT</field><value name="A"><block type="singleVar" id="{N+3Nh(4?w9h7nhehxU|"><field name="varName">Χρήματα</field></block></value><value name="B"><block type="math_number" id="dFa5Cac2tma-RDL1(`I0"><field name="NUM">0</field></block></value></block></value><statement name="DO0"><block type="sound" id="dC2KED;)D2:EGMt@DkIF"><field name="NAME">lose</field><next><block type="gameover" id="tHHp6(6#eZUyVm*A~c=F"></block></next></block></statement><next><block type="controls_if" id="oUgd{3K~U[F@#aF]}ygA"><value name="IF0"><block type="logic_compare" id="~a@gT-aydG21O-1G.sjK"><field name="OP">LTE</field><value name="A"><block type="singleVar" id="RTuC:_mI#d@k69q|ly)+"><field name="varName">Ψυχολογία</field></block></value><value name="B"><block type="math_number" id="qIM#58w_X12vI;dXPueD"><field name="NUM">0</field></block></value></block></value><statement name="DO0"><block type="sound" id=",q{[?{Xp|u7j0A?/%|od"><field name="NAME">lose2</field><next><block type="popup" id="[XMzb=tiZEwjnqR(]mUV"><field name="popuptext">default</field><next><block type="gameover" id="MLR/6i}9oB6st5-+BGN}"></block></next></block></next></block></statement><next><block type="controls_if" id="D.jiw.R(|9CaC4FsMkeO"><value name="IF0"><block type="logic_operation" id="aEslnBx%.I!Qn)dujrqp"><field name="OP">AND</field><value name="A"><block type="logic_compare" id="]@64AdKyDi*^tqW!g#BU"><field name="OP">LT</field><value name="A"><block type="singleVar" id="VF{5RHBxhHQb*EK:{@0U"><field name="varName">Χρήματα</field></block></value><value name="B"><block type="math_number" id="!kD:1T8?h#b[IR^2^+[O"><field name="NUM">50</field></block></value></block></value><value name="B"><block type="current_layer_check" id="ju0bKHYX%pK4Y`!}ih}J"><field name="layersNames">polemos</field></block></value></block></value><statement name="DO0"><block type="popup" id=";t3J+G~b56q~aEghDry6"><field name="popuptext">Ο πόλεμος χειροτέρεψε και η οικονομική σου κατάσταση δε σου επιτρέπει να φύγεις από τη χώρα!</field><next><block type="sound" id="=RDz1t3yNc(@.3oS|N:H"><field name="NAME">lose</field><next><block type="gameover" id="9r}Tc=qLu{Wyicb=!`u_"></block></next></block></next></block></statement><next><block type="controls_if" id="^fpg8*gdT7#a,O+mvkRa"><value name="IF0"><block type="logic_operation" id="`.v_u~^j(YT0^Y22T3/d"><field name="OP">AND</field><value name="A"><block type="logic_compare" id="qI!EeJ;^W{.f^[-1gxic"><field name="OP">LT</field><value name="A"><block type="singleVar" id="mBkV0dab`|=:5RGwZVf/"><field name="varName">Ψυχολογία</field></block></value><value name="B"><block type="math_number" id="^Q#jJ2/!.+OcB*6,|{-9"><field name="NUM">30</field></block></value></block></value><value name="B"><block type="current_layer_check" id="me.2dyjb~j8A:{yz%jeR"><field name="layersNames">polemos</field></block></value></block></value><statement name="DO0"><block type="popup" id="cZU{IkwBcd?E{i`b)%tB"><field name="popuptext">Ο πόλεμος διαρκώς χειροτερεύει και η ψυχολογική σου κατάσταση δε σου επιτρέπει να φύγεις από τη χώρα!</field><next><block type="sound" id="]FM]9+xgi]Z3Z75tCg7M"><field name="NAME">lose2</field><next><block type="gameover" id="w(Fwa@=dZW{Cx4{3p8;u"></block></next></block></next></block></statement></block></next></block></next></block></next></block></next></block></xml>