<xml xmlns="http://www.w3.org/1999/xhtml"><block type="initialvalues" id="7%pi|u/wU`(M`t7@0~7Z" x="88" y="88"><statement name="Initial Values"><block type="initialValue" id="id2"><field name="varName">Χρήματα</field><value name="varVal"><block type="math_number" id="var2"><field name="NUM">100</field></block></value><next><block type="initialValue" id="gQ1Tmh6Lnt1[@3Sm^nu*"><field name="varName">Ψυχολογία</field><value name="varVal"><block type="math_number" id="J4F#hB0byy#MDLcT/E[#"><field name="NUM">50</field></block></value><next><block type="initialValue" id="ic^62f=OwESy.;o5{q-r"><field name="varName">Διασκέδαση</field><value name="varVal"><block type="math_number" id="MH(c{M-)Nd%Zn}{.l~#+"><field name="NUM">50</field></block></value></block></next></block></next></block></statement></block></xml>