<xml xmlns="http://www.w3.org/1999/xhtml"><block type="controls_if" id="ZC;Umv!?f?uBqX-bJ{/:" x="414" y="-261"><value name="IF0"><block type="logic_compare" id="T8qes^e4=T9Tk(;h@%%r"><field name="OP">EQ</field><value name="A"><block type="movescounter" id="cp:/u81z6@DhFXb(%mjb"></block></value><value name="B"><block type="math_number" id="yfin,}sb%J^ql[V9`R{("><field name="NUM">1</field></block></value></block></value><statement name="DO0"><block type="video" id=".)rV;*Kk0xJea|S~xBnx"><field name="url">https://youtu.be/TsrVlWCCb4w</field></block></statement><next><block type="controls_if" id="uPr?VneQsLnd[hB*h|rp"><value name="IF0"><block type="logic_compare" id="R_PQ.J~LFAwzk|?3v#8,"><field name="OP">EQ</field><value name="A"><block type="movescounter" id="638a42RSbXw90NH%fC3B"></block></value><value name="B"><block type="math_number" id="=7s`#A_g`hS;gydjE#84"><field name="NUM">3</field></block></value></block></value><statement name="DO0"><block type="sound" id="/vYnB1|%)]MI1O~K4|s9"><field name="NAME">beep</field><next><block type="popup" id="{B)on[Ii-eiJ7anfzVtX"><field name="popuptext">Είσαι ευχαριστημένος με τις μέχρι τώρα επιλογές σου; Μην ξεχνάς να λαμβάνεις υπόψη σου τη μεταβολή των τιμών.</field></block></next></block></statement><next><block type="controls_if" id="DkWQ*=AMxhd:kkI|Ri+v"><value name="IF0"><block type="logic_compare" id="z?Sv^E_.6,P=9YwI29/0"><field name="OP">EQ</field><value name="A"><block type="movescounter" id="O.25p(].J{*4|Q;3,fAh"></block></value><value name="B"><block type="math_number" id="c!v%eZC5v/mKmi2:wfH^"><field name="NUM">7</field></block></value></block></value><statement name="DO0"><block type="sound" id="0)L_gbXR`Wnj+gQdW?{]"><field name="NAME">beep</field><next><block type="popup" id="[4IZj9l6u~#vcJ+;c9F]"><field name="popuptext">Μην ξεχνάς ότι τα συναισθήματα παίζουν καθοριστικό ρόλο στη ζωή ενός ατόμου.</field></block></next></block></statement><next><block type="controls_if" id="oUgd{3K~U[F@#aF]}ygA"><value name="IF0"><block type="logic_compare" id="~a@gT-aydG21O-1G.sjK"><field name="OP">EQ</field><value name="A"><block type="movescounter" id="P-.|EwN%:h5p;?tuvcx-"></block></value><value name="B"><block type="math_number" id="qIM#58w_X12vI;dXPueD"><field name="NUM">10</field></block></value></block></value><statement name="DO0"><block type="change_layer" id="ALVfTdRqsh2DYE0[Mg|X"><field name="layersNames">polemos</field><next><block type="popup" id="1@YjI%n?1q:wq1|sheAo"><field name="popuptext">Πόλεμος ξέσπασε ξαφνικά στη χώρα σου. Η ζωή από τώρα και στο εξής θα είναι όχι μόνο δύσκολη αλλά και επικίνδυνη. Μπορείς είτε να παραμείνεις στη χώρα σου και να παλέψεις για την επιβίωσή σου είτε να φύγεις από αυτή. Τι θα επιλέξεις να κάνεις;</field></block></next></block></statement><next><block type="controls_if" id="mXa?)`M3FzRjE|yn`4|n"><value name="IF0"><block type="logic_operation" id="z_Ht;d0mkE.ko:8P@9+!"><field name="OP">AND</field><value name="A"><block type="logic_compare" id="ABLeOTVbI](mEl:c~vO."><field name="OP">EQ</field><value name="A"><block type="movescounter" id="TjAj@}*nQopPp;Or6u.z"></block></value><value name="B"><block type="math_number" id="z|+uZLUd=!,=Q#^?zL?K"><field name="NUM">12</field></block></value></block></value><value name="B"><block type="current_layer_check" id="T6fE=JBPKtYwoU4R{T+2"><field name="layersNames">polemos</field></block></value></block></value><statement name="DO0"><block type="video" id="*KrcPDDi!44?K4kwgip]"><field name="url">https://youtu.be/LdjALMAuUO8</field><next><block type="show_all" id="Uip=|cZciDRL]q4^2olw"><next><block type="hide_point" id="iS]xcyUVtB?GX-uIf%G9"><field name="pointsNames">Σχολείο.</field></block></next></block></next></block></statement><next><block type="controls_if" id="@mY51CRro(kxr#/wWC/U"><value name="IF0"><block type="logic_operation" id="G)@@O_QbXzKl#/N[B4-y"><field name="OP">AND</field><value name="A"><block type="current_point_check" id="r?lLj;toxqtND,jOB]{h"><field name="pointsNames">Εμπορικό Κέντρο.</field></block></value><value name="B"><block type="logic_compare" id="Bw%j~XCWKQ*3|-F8..W5"><field name="OP">GTE</field><value name="A"><block type="movescounter" id="Bs8p9sv4+rSLN`!WOB{L"></block></value><value name="B"><block type="math_number" id="FI%%M9w}tZ!Q;O{J3@bG"><field name="NUM">13</field></block></value></block></value></block></value><statement name="DO0"><block type="sound" id="`y2n9,F7|I6K3G%fJ2v-"><field name="NAME">space</field><next><block type="popup" id="ESZaInt=7uoFylJFEFIR"><field name="popuptext">Μην ξεχνάς ότι βρίσκεσαι σε περίοδο πολέμου. Πιστεύεις ότι το εμπορικό κέντρο είναι η κατάλληλη επιλογή;</field></block></next></block></statement><next><block type="controls_if" id="Z37mp/?h=m`0i=g!-:AN"><value name="IF0"><block type="logic_operation" id="6O`yP~s@o3O{Bw]u9_X@"><field name="OP">AND</field><value name="A"><block type="current_point_check" id="Tux#@rUj-Q0=#lOs`#z)"><field name="pointsNames">Καφετέρια.</field></block></value><value name="B"><block type="logic_compare" id="ieJTdV#1`_cc734K`Xjz"><field name="OP">GTE</field><value name="A"><block type="movescounter" id="5nbPo:tj%KbK79n!)8ER"></block></value><value name="B"><block type="math_number" id="o,n_y[%INUwI5un0AD`@"><field name="NUM">13</field></block></value></block></value></block></value><statement name="DO0"><block type="sound" id="F`FhSes)*r][q6-c,R+C"><field name="NAME">space</field><next><block type="popup" id="E),z/,GP(ULftHDP4I2t"><field name="popuptext">Είσαι σίγουρος ότι οι επιλογές σου είναι σωστές;</field></block></next></block></statement><next><block type="controls_if" id="hW2_+B_pt*PKa=fdy`k*"><value name="IF0"><block type="logic_operation" id="I?%uuOa@y3}QD;*^]^^5"><field name="OP">AND</field><value name="A"><block type="current_layer_check" id="kvs=(r-D+-KZ!;b]lyLS"><field name="layersNames">polemos</field></block></value><value name="B"><block type="logic_compare" id="ax=L7G9#e8Q=E.~UaTU`"><field name="OP">EQ</field><value name="A"><block type="movescounter" id="de!pnmMwAUOu1^dW@GFD"></block></value><value name="B"><block type="math_number" id="|lvIPHhyP}HbP]#l?i39"><field name="NUM">17</field></block></value></block></value></block></value><statement name="DO0"><block type="popup" id="vUEJ~:Ia[jn12}O:zpLH"><field name="popuptext">Η κατάσταση στη χώρα σου χειροτέρεψε....η μόνη λύση είναι η φυγή σε μιά ξένη χώρα. Οι κίνδυνοι του ταξιδιού είναι πολλοί, αλλά το μόνο που σε κρατάει είναι η ελπίδα για ένα καλύτερο μέλλον.</field><next><block type="change_layer" id="y=Y/A+e[DvZGcQTC#:y:"><field name="layersNames">athens</field></block></next></block></statement><next><block type="controls_if" id="mbtehuVDfl[umtZ5,Dz@"><value name="IF0"><block type="current_point_check" id="[gcmOIfe=4F;3CGO5|kc"><field name="pointsNames">Φυγή από Χώρα</field></block></value><statement name="DO0"><block type="video" id="0~LYU,G`bEM15.RLYY}M"><field name="url">https://youtu.be/0AxK6IuasMc</field><next><block type="change_layer" id="u5i:ylS`x[KP.Hc(w^H,"><field name="layersNames">athens</field></block></next></block></statement><next><block type="controls_if" id="DjUL{zk4*3.s+iWz:qdI"><value name="IF0"><block type="logic_operation" id="qo`sFloaDciC*wOs^h_]"><field name="OP">AND</field><value name="A"><block type="current_layer_check" id="u^c]o9cwleC[AZ~WU`s."><field name="layersNames">athens</field></block></value><value name="B"><block type="logic_compare" id="1i1#q86csIa]R76JgTiC"><field name="OP">EQ</field><value name="A"><block type="movescounter" id="=9_^vj`6|Tt:F{#O,{3]"></block></value><value name="B"><block type="math_number" id="*.7%z~!UrS24uunF^vzr"><field name="NUM">18</field></block></value></block></value></block></value><statement name="DO0"><block type="video" id="x}O,{![~mh]805#Pl,v~"><field name="url">https://youtu.be/zYJ-YSpB1jE</field></block></statement></block></next></block></next></block></next></block></next></block></next></block></next></block></next></block></next></block></next></block><block type="controls_if" id="B1].La0a2#qfHNX*`3~J" x="1155" y="-273"><value name="IF0"><block type="logic_operation" id="[vZT;@a)hk8|o;vhiOw`"><field name="OP">AND</field><value name="A"><block type="current_layer_check" id="OE0^RBhXA+tM0d}vFlxx"><field name="layersNames">Main</field></block></value><value name="B"><block type="logic_compare" id=";r*v*N(YVYZI,RbX/tV7"><field name="OP">LT</field><value name="A"><block type="singleVar" id="C`{CMx:xqPbJE8)n62w)"><field name="varName">Ψυχολογία</field></block></value><value name="B"><block type="math_number" id="IDvy40gk8hy~PR#Y%N%J"><field name="NUM">20</field></block></value></block></value></block></value><statement name="DO0"><block type="popup" id=".DJY-/H26lYH+E`qXpE_"><field name="popuptext">Προσοχή!! Η ψυχολογία σου έχει πέσει αρκετά!!</field><next><block type="change_layer" id="83a1%-WP;-E1L/H2}a/g"><field name="layersNames">athens</field></block></next></block></statement><next><block type="controls_if" id=";iFz7!t#BUtka(Gw!;~w"><value name="IF0"><block type="logic_operation" id="K,urm1V=HV]^M#a,xFqH"><field name="OP">AND</field><value name="A"><block type="logic_compare" id="IiIC_7z-yM,s%){H28L:"><field name="OP">LT</field><value name="A"><block type="singleVar" id="/8t{nA;i0f%F[{3#N-1Q"><field name="varName">Χρήματα</field></block></value><value name="B"><block type="math_number" id="oZyIdH)]e{L(RS#m71X5"><field name="NUM">60</field></block></value></block></value><value name="B"><block type="current_layer_check" id="/x60}S4H|RTjL}!Ca_,6"><field name="layersNames">polemos</field></block></value></block></value><statement name="DO0"><block type="sound" id="way_o3w,UNRnN?{cTP]{"><field name="NAME">comedic_whistle</field><next><block type="popup" id="rve92,.E*4v_8Y8:)he3"><field name="popuptext">Προσοχή στα χρηματά σου!!! Η επιβίωση χωρίς αυτά πολύ πιθανόν να είναι αδύνατη!</field></block></next></block></statement><next><block type="controls_if" id="nw6Yo0wk]{m9]ah9Z`TP"><value name="IF0"><block type="logic_compare" id="O2cQVYd:hOh,xUIs=TgJ"><field name="OP">LT</field><value name="A"><block type="singleVar" id="Npt#uSuG|Q{3X#)?l}m0"><field name="varName">Διασκέδαση</field></block></value><value name="B"><block type="math_number" id="[1MV,vmway5.oT8E..FT"><field name="NUM">10</field></block></value></block></value><statement name="DO0"><block type="popup" id="dw5;T6`d:~fp*;}+e{M["><field name="popuptext">Διασκέδασε και λίγο! Το έχεις ανάγκη!</field></block></statement></block></next></block></next></block></xml>