[{"id":38,"description":"Φούρνος","values":{"Ευχαρίστηση":"1","Χρήματα":"0","Υγεία":"0","Πείνα":"4","Σκέψεις":" Κάθε φορά που μπαίνω μέσα στον φούρνο του κυρίου Νίκου θέλω να τα φάω όλα! "},"imguri":"","layers":"Main","latlng":{"lat":0.4360190132865114,"lng":20.600813026237688}},{"id":41,"description":"Fast food","values":{"Ευχαρίστηση":"2","Χρήματα":"0","Υγεία":"0","Πείνα":"6","Σκέψεις":"Μμμ και μόνο που θα δω τα burgers θα πεινάσω! Γρήγορη και φτηνή επιλογή!"},"imguri":"","layers":"Main","latlng":{"lat":1.5,"lng":-49}},{"id":44,"description":"Σπίτι της γιαγιας","values":{"Ευχαρίστηση":"1","Χρήματα":"15","Υγεία":"0","Πείνα":"8","Σκέψεις":"Κάθε φορά που πηγαίνω στο σπίτι της γιαγιάς, μου ανοίγει η όρεξη!"},"imguri":"","layers":"Main","latlng":{"lat":-99.52346249555634,"lng":100.80080001732466}},{"id":47,"description":"Ιταλικό εστιατόριο","values":{"Ευχαρίστηση":"1","Χρήματα":"0","Υγεία":"0","Πείνα":"5","Σκέψεις":"Πιάτα με άρωμα ιταλίας. Λίγο αρκιβό όμως"},"imguri":"","layers":"Main","latlng":{"lat":94.90042811833452,"lng":-56.002206428792135}},{"id":50,"description":"Μακαρονάδα","values":{"Ευχαρίστηση":"3","Χρήματα":"-10","Υγεία":"1","Πείνα":"-4","Σκέψεις":""},"imguri":"","layers":"Menu","latlng":{"lat":49,"lng":-106.5}},{"id":51,"description":"Σαλάτα","values":{"Ευχαρίστηση":"-3","Χρήματα":"-6","Υγεία":"3","Πείνα":"-2","Σκέψεις":""},"imguri":"","layers":"Menu","latlng":{"lat":43.5,"lng":-37.5}},{"id":52,"description":"Πίτσα","values":{"Ευχαρίστηση":"5","Χρήματα":"-12","Υγεία":"-3","Πείνα":"-5","Σκέψεις":""},"imguri":"","layers":"Menu","latlng":{"lat":28.5,"lng":-109.5}},{"id":53,"description":"Αναψυκτικό","values":{"Ευχαρίστηση":"4","Χρήματα":"-1","Υγεία":"-4","Πείνα":"2","Σκέψεις":""},"imguri":"","layers":"Menu","latlng":{"lat":43,"lng":96}},{"id":54,"description":"Τούρτα","values":{"Ευχαρίστηση":"5","Χρήματα":"-10","Υγεία":"-4","Πείνα":"-3","Σκέψεις":""},"imguri":"","layers":"Bakery","isDummy":false,"latlng":{"lat":-42.5,"lng":76.5}},{"id":55,"description":"Μαύρη σοκολάτα","values":{"Ευχαρίστηση":"2","Χρήματα":"-5","Υγεία":"1","Πείνα":"-1","Σκέψεις":""},"imguri":"","layers":"Bakery","isDummy":false,"latlng":{"lat":-90.5,"lng":71.5}},{"id":56,"description":"Μπισκότα","values":{"Ευχαρίστηση":"3","Χρήματα":"-4","Υγεία":"-2","Πείνα":"-2","Σκέψεις":""},"imguri":"","layers":"Bakery","isDummy":false,"latlng":{"lat":-11,"lng":-119}},{"id":57,"description":"Burger","values":{"Ευχαρίστηση":"6","Χρήματα":"-8","Υγεία":"-4","Πείνα":"-4","Σκέψεις":""},"imguri":"","layers":"Menu","latlng":{"lat":6,"lng":-109}},{"id":58,"description":"Πατάτες τηγανιτές","values":{"Ευχαρίστηση":"4","Χρήματα":"-3","Υγεία":"-5","Πείνα":"-2","Σκέψεις":""},"imguri":"","layers":"Menu","latlng":{"lat":44.5,"lng":17.5}},{"id":59,"description":"Τυρόπτια","values":{"Ευχαρίστηση":"3","Χρήματα":"-2","Υγεία":"-2","Πείνα":"-1","Σκέψεις":""},"imguri":"","layers":"Bakery","isDummy":false,"latlng":{"lat":54,"lng":-50}},{"id":60,"description":"Σάντουιτς","values":{"Ευχαρίστηση":"2","Χρήματα":"-6","Υγεία":"-1","Πείνα":"-3","Σκέψεις":""},"imguri":"","layers":"Bakery","isDummy":false,"latlng":{"lat":-75,"lng":-110.5}},{"id":61,"description":"Ψησταριά","values":{"Ευχαρίστηση":"1","Χρήματα":"0","Υγεία":"0","Πείνα":"7","Σκέψεις":"Και μόνο η μυρωδιά από την ψησταριά μου ανοίγει την όρεξη"},"imguri":"","layers":"Main","latlng":{"lat":-61.01919658727337,"lng":62.90044779021491}},{"id":64,"description":"Σουβλάκι με γύρο","values":{"Ευχαρίστηση":"4","Χρήματα":"-2","Υγεία":"-3","Πείνα":"-3","Σκέψεις":""},"imguri":"","layers":"Menu","latlng":{"lat":22,"lng":20}},{"id":65,"description":"Κοτόπουλο μερίδα","values":{"Ευχαρίστηση":"2","Χρήματα":"-7","Υγεία":"1","Πείνα":"-4","Σκέψεις":""},"imguri":"","layers":"Menu","latlng":{"lat":-5.5,"lng":8.5}},{"id":66,"description":"Μπιφτέκια","values":{"Ευχαρίστηση":"4","Χρήματα":"-8","Υγεία":"1","Πείνα":"-5","Σκέψεις":""},"imguri":"","layers":"Menu","latlng":{"lat":13.5,"lng":-44.5}},{"id":67,"description":"Μπάμιες","values":{"Ευχαρίστηση":"-10","Χρήματα":"0","Υγεία":"6","Πείνα":"-2","Σκέψεις":""},"imguri":"","layers":"grandmother","latlng":{"lat":30.916664123535156,"lng":82.03333282470703}},{"id":68,"description":"Ψάρι","values":{"Ευχαρίστηση":"-7","Χρήματα":"0","Υγεία":"4","Πείνα":"-2","Σκέψεις":""},"imguri":"","layers":"grandmother","latlng":{"lat":22,"lng":146.5}},{"id":69,"description":"Χόρτα","values":{"Ευχαρίστηση":"-8","Χρήματα":"0","Υγεία":"5","Πείνα":"-1","Σκέψεις":""},"imguri":"","layers":"grandmother","isDummy":false,"latlng":{"lat":20.416664123535156,"lng":-169.96666717529297}},{"id":70,"description":"Έξοδος","values":{"Ευχαρίστηση":"0","Χρήματα":"0","Υγεία":"0","Πείνα":"0","Σκέψεις":"Καιρός να φύγω από αυτό το εστιατόριο!"},"imguri":"","layers":"Menu","isDummy":false,"latlng":{"lat":-70.234375,"lng":104.53125}},{"id":71,"description":"Έξοδος","values":{"Ευχαρίστηση":"0","Χρήματα":"0","Υγεία":"0","Πείνα":"0","Σκέψεις":"Ώρα να φύγω από τη γιαγιά!"},"imguri":"","layers":"grandmother","isDummy":false,"latlng":{"lat":-76.234375,"lng":111.03125}},{"id":72,"description":"Έξοδος","values":{"Ευχαρίστηση":"0","Χρήματα":"0","Υγεία":"0","Πείνα":"0","Σκέψεις":"Φεύγω από τον φούρνο. Θα πάω και αλλού να φάω!"},"imguri":"","layers":"Bakery","isDummy":false,"latlng":{"lat":-7.5,"lng":119.5}}]