[{"id":38,"description":"Metal yarn","values":{"Heatability":"5","Foldability":"-5","Comfort":"-4","Outdoor_Performance":"-4","Price":"30","Energy_Efficiency":"3"},"imguri":"","layers":"Main","isDummy":false,"latlng":{"lat":425.84080141642204,"lng":691.2046783549429}},{"id":41,"description":"Polymer yarn conductive","values":{"Heatability":"1","Foldability":"4","Comfort":"1","Outdoor_Performance":"4","Price":"15","Energy_Efficiency":"1"},"imguri":"","layers":"Main","isDummy":false,"latlng":{"lat":421.72008446722356,"lng":223.56563311311936}},{"id":44,"description":"Elastic heated fabric","values":{"Heatability":"2","Foldability":"5","Comfort":"-2","Outdoor_Performance":"3","Price":"20","Energy_Efficiency":"3"},"imguri":"","layers":"Main","isDummy":false,"latlng":{"lat":439.80880267998657,"lng":883.1031803695078}},{"id":47,"description":"Non-elastic heated fabric","values":{"Heatability":"2","Foldability":"-4","Comfort":"-2","Outdoor_Performance":"2","Price":"5","Energy_Efficiency":"1"},"imguri":"","layers":"Main","isDummy":false,"latlng":{"lat":327.0779220779221,"lng":879.8321919837084}},{"id":50,"description":"Upholstery","values":{"Heatability":"-4","Foldability":"-2","Comfort":"5","Outdoor_Performance":"3","Price":"20","Energy_Efficiency":"-4"},"imguri":"","layers":"Main","isDummy":false,"latlng":{"lat":440.16689373774295,"lng":545.8040871475978}},{"id":53,"description":"Pressure sensor technology","values":{"Heatability":"-1","Foldability":"0","Comfort":"2","Outdoor_Performance":"-2","Price":"10","Energy_Efficiency":"0"},"imguri":"","layers":"Main","isDummy":false,"latlng":{"lat":96.24704765552545,"lng":255.1361618455387}},{"id":56,"description":"Temperature sensor technology","values":{"Heatability":"3","Foldability":"0","Comfort":"3","Outdoor_Performance":"5","Price":"15","Energy_Efficiency":"2"},"imguri":"","layers":"Main","isDummy":false,"latlng":{"lat":113.45617493653467,"lng":546.7715636145278}},{"id":59,"description":"Battery ","values":{"Heatability":"3","Foldability":"1","Comfort":"-1","Outdoor_Performance":"3","Price":"20","Energy_Efficiency":"2"},"imguri":"","layers":"Main","isDummy":false,"latlng":{"lat":267.5785896145306,"lng":686.450879682527}},{"id":62,"description":"Mains electricity (AC)","values":{"Heatability":"5","Foldability":"-4","Comfort":"-1","Outdoor_Performance":"2","Price":"15","Energy_Efficiency":"2"},"imguri":"","layers":"Main","isDummy":false,"latlng":{"lat":268.47389248033363,"lng":421.8805758516882}},{"id":65,"description":"Waterproof equipment","values":{"Heatability":"-2","Foldability":"0","Comfort":"-3","Outdoor_Performance":"5","Price":"30","Energy_Efficiency":"-3"},"imguri":"","layers":"Main","isDummy":false,"latlng":{"lat":389.98344614208236,"lng":481.1529052057075}},{"id":68,"description":"Control/regulation","values":{"Heatability":"3","Foldability":"0","Comfort":"-2","Outdoor_Performance":"5","Price":"60","Energy_Efficiency":"5"},"imguri":"","layers":"Main","isDummy":false,"latlng":{"lat":111.47498785125988,"lng":880.439473123291}},{"id":71,"description":"Solar Panel","values":{"Heatability":"0","Foldability":"-1","Comfort":"-1","Outdoor_Performance":"5","Price":"60","Energy_Efficiency":"1"},"imguri":"","layers":"Main","isDummy":false,"latlng":{"lat":276.0033135341663,"lng":902.8894618210238}},{"id":74,"description":"Thermal insulation on one side","values":{"Heatability":"2","Foldability":"-2","Comfort":"-3","Outdoor_Performance":"4","Price":"40","Energy_Efficiency":"3"},"imguri":"","layers":"Main","isDummy":false,"latlng":{"lat":341.951913133608,"lng":403.44465870803856}}]