<xml xmlns="http://www.w3.org/1999/xhtml"><block type="controls_if" id="oUgd{3K~U[F@#aF]}ygA" x="131" y="39"><value name="IF0"><block type="logic_compare" id="~a@gT-aydG21O-1G.sjK"><field name="OP">LTE</field><value name="A"><block type="singleVar" id="RTuC:_mI#d@k69q|ly)+"><field name="varName">Heatability</field></block></value><value name="B"><block type="math_number" id="qIM#58w_X12vI;dXPueD"><field name="NUM">-5</field></block></value></block></value><statement name="DO0"><block type="popup" id="[XMzb=tiZEwjnqR(]mUV"><field name="popuptext">The heatability of the pad is extremely low. Click below to play again or to this link to play the next application scenario http://etl.ppp.uoa.gr/choico/?heatingpad1</field><next><block type="gameover" id="MLR/6i}9oB6st5-+BGN}"></block></next></block></statement><next><block type="controls_if" id="/y+*T_+5;?NPNap2j,k@"><value name="IF0"><block type="logic_compare" id="F6Qt;d`zJI6HpBn4A1}X"><field name="OP">LTE</field><value name="A"><block type="singleVar" id="H(a5mVBYWo/u:ngr_bnK"><field name="varName">Foldability</field></block></value><value name="B"><block type="math_number" id="_Zk~h(X*0^x@O)o-uKZ3"><field name="NUM">-5</field></block></value></block></value><statement name="DO0"><block type="popup" id="qP!iF]W:HHK%VX{nqSR("><field name="popuptext">Foldability is extremely important for cultural events use! The pad should be transported inconspicuously in a handbag. Click below to play again or to this link to play the next application scenario http://etl.ppp.uoa.gr/choico/?heatingpad1</field><next><block type="gameover" id="hH]0ZtwT3J/spYBs=CF["></block></next></block></statement><next><block type="controls_if" id="u]^%BRjy:~vh1E]!^zA}"><value name="IF0"><block type="logic_compare" id="pWh=M4[0.Necd^do5TKu"><field name="OP">LTE</field><value name="A"><block type="singleVar" id="CYWHlDM?*:mM^){ouR1Q"><field name="varName">Energy_Efficiency</field></block></value><value name="B"><block type="math_number" id="Vj!#=Uob-OSv?y^Dr5sQ"><field name="NUM">-5</field></block></value></block></value><statement name="DO0"><block type="popup" id="c_]PT?X!n9;~gusD*.DO"><field name="popuptext">Enfergy efficiency is important for cultural events use! Click below to play again or to this link to play the next application scenario http://etl.ppp.uoa.gr/choico/?heatingpad1</field><next><block type="gameover" id="fV`0Kbm!]aD/8Fsyi(W!"></block></next></block></statement><next><block type="controls_if" id="_BjX3s7_~MS;fW+01BIa"><value name="IF0"><block type="logic_compare" id="S]spvCVzXz[yk,n8q=Gz"><field name="OP">LTE</field><value name="A"><block type="singleVar" id="#9/lYhSQYSvRp-LEa[H;"><field name="varName">Comfort</field></block></value><value name="B"><block type="math_number" id="kLFd2PU.h8{z6?H^/f}m"><field name="NUM">-5</field></block></value></block></value><statement name="DO0"><block type="popup" id="Nl=sJYLFY[vY{H)Zbo61"><field name="popuptext">Comfort is important for cultural events use! Click below to play again or to this link to play the next application scenario http://etl.ppp.uoa.gr/choico/?heatingpad1</field><next><block type="gameover" id="L61Lt7!fsgaGMgK;E617"></block></next></block></statement><next><block type="controls_if" id="k{;@n^s/EqOz2I7mnJ9J"><value name="IF0"><block type="logic_compare" id="2g?^k`b5lc1|6=XN,JLu"><field name="OP">GTE</field><value name="A"><block type="singleVar" id="AU4Rh,r2~H2AK35AmD%g"><field name="varName">Price</field></block></value><value name="B"><block type="math_number" id="W+F`,L%0!Xp/K.Cpv2aZ"><field name="NUM">150</field></block></value></block></value><statement name="DO0"><block type="popup" id="]4/1,F-xHVpdy#*gk@hb"><field name="popuptext">Your product is too expensive...Click below to play again or to this link to play the next application scenario http://etl.ppp.uoa.gr/choico/?heatingpad1</field><next><block type="gameover" id="wv0V746K_mVOR?2NuN#."></block></next></block></statement></block></next></block></next></block></next></block></next></block></xml>