<xml xmlns="http://www.w3.org/1999/xhtml"><block type="controls_if" id="!M_r)#,t6ILcjc52zP}E" x="663" y="178"><value name="IF0"><block type="logic_operation" id="WB0j{i6DL9ftwbCzCNBB"><field name="OP">AND</field><value name="A"><block type="logic_compare" id="(?gNSvQ_86Fx!.]-(ik("><field name="OP">GTE</field><value name="A"><block type="singleVar" id="hYB1Ab58@s5m=MOG.Py2"><field name="varName">Price</field></block></value><value name="B"><block type="math_number" id="-bLFCjm.535v;?O+73Cj"><field name="NUM">80</field></block></value></block></value><value name="B"><block type="logic_compare" id="4@]f^-OG#2_JOE1Mw!yz"><field name="OP">LT</field><value name="A"><block type="singleVar" id="+sP?w*nkYyL-5EDNc9q3"><field name="varName">Price</field></block></value><value name="B"><block type="math_number" id="6L],?{g*kw?+B|XH4w[O"><field name="NUM">100</field></block></value></block></value></block></value><statement name="DO0"><block type="popup" id="NB-ztdFDh6#S#z=k!u/N"><field name="popuptext">According to the current price of your product it belongs to the 'luxury version'. Try to keep the price low now</field></block></statement><next><block type="controls_if" id="M)H;6Tg:L|g0,UE]+3v,"><value name="IF0"><block type="logic_operation" id="S_PS4]aO%*]+v5)=)/8Z"><field name="OP">AND</field><value name="A"><block type="logic_compare" id="yi!GR9P0yyw~c8jo`F**"><field name="OP">GTE</field><value name="A"><block type="singleVar" id="H01v3r}J[gV]UD/2`dS:"><field name="varName">Price</field></block></value><value name="B"><block type="math_number" id="P}`NzuY7e.s!Wo[ZVmHC"><field name="NUM">100</field></block></value></block></value><value name="B"><block type="logic_compare" id="z[JR*QI=zQm)EQ;ZV7I}"><field name="OP">LTE</field><value name="A"><block type="singleVar" id="NhFRQL|_Hsh*nJ#-kkzz"><field name="varName">Price</field></block></value><value name="B"><block type="math_number" id="2pP|GNKpQztrc!xXMqk!"><field name="NUM">140</field></block></value></block></value></block></value><statement name="DO0"><block type="popup" id="ZD6ffu-Q:[7!U-tm6_Rw"><field name="popuptext">According to the current price of your product it belongs to the 'Basic version  '. </field></block></statement><next><block type="controls_if" id="rXGESV*h2|,-PdlbO7Rp"><value name="IF0"><block type="logic_operation" id="8jq^h#tdFV.Q.[)-c-_r"><field name="OP">AND</field><value name="A"><block type="logic_compare" id="wB;`lU.,TcY0}Hjpy[Tq"><field name="OP">LTE</field><value name="A"><block type="singleVar" id="mwcsqryCledE2~?WzP`]"><field name="varName">Foldability</field></block></value><value name="B"><block type="math_number" id="L?)2).SPeqz=jfMwpX]/"><field name="NUM">-2</field></block></value></block></value><value name="B"><block type="logic_compare" id="{f#mP_:NjOUIOn)W@VRK"><field name="OP">GTE</field><value name="A"><block type="singleVar" id="d6:[3OmOXf,3zLW9vkQB"><field name="varName">Foldability</field></block></value><value name="B"><block type="math_number" id="00zI-qpVqN0WM-.zZpF@"><field name="NUM">-4</field></block></value></block></value></block></value><statement name="DO0"><block type="popup" id="a,Xdv^Sf,Pw87Tc.p`T?"><field name="popuptext">Foldability is important for the cultural events use. it should be transported inconspicuously in a handbag. </field></block></statement><next><block type="controls_if" id="lNlRH]V~iJO!::3.uNy{"><value name="IF0"><block type="logic_operation" id="GM|pJYX[%4o=-^?NW/R["><field name="OP">AND</field><value name="A"><block type="logic_compare" id="Xk~Ih1q*nki|b_7h1[8y"><field name="OP">LTE</field><value name="A"><block type="singleVar" id="TX]XtL6g,;bCjr!*1HwG"><field name="varName">Heatability</field></block></value><value name="B"><block type="math_number" id="|z@dHBSLY;TvoP@_AP!1"><field name="NUM">-2</field></block></value></block></value><value name="B"><block type="logic_compare" id="O?yh4xGCT^pKXeT,}{~J"><field name="OP">GTE</field><value name="A"><block type="singleVar" id="cqb#RxGaUq9L-S^mFvI%"><field name="varName">Heatability</field></block></value><value name="B"><block type="math_number" id="Le}%VMxT{D51SO4qcBh|"><field name="NUM">-4</field></block></value></block></value></block></value><statement name="DO0"><block type="popup" id="+HU2[48Xs-jm|)SAU:Y7"><field name="popuptext">The heatability of the pad is low...</field></block></statement></block></next></block></next></block></next></block></xml>