[{"id":32,"description":"Cotton","values":{"Global_Warming":"-10","Eutrophication":"-10","Water_Scarcity":"20"},"imguri":"","layers":"Main","isDummy":false,"latlng":{"lat":30.029710257789418,"lng":-60.92304384648645}},{"id":35,"description":"Silk","values":{"Global_Warming":"15","Eutrophication":"10","Water_Scarcity":"-20"},"imguri":"","layers":"Main","isDummy":false,"latlng":{"lat":74.5168097511177,"lng":6.038727934398025}},{"id":38,"description":"Cow Leather","values":{"Global_Warming":"8","Eutrophication":"-10","Water_Scarcity":"15"},"imguri":"","layers":"Main","isDummy":false,"latlng":{"lat":73.5172006755623,"lng":58.018489465454536}},{"id":41,"description":"Nylon","values":{"Global_Warming":"5","Eutrophication":"-20","Water_Scarcity":"10"},"imguri":"","layers":"Main","isDummy":false,"latlng":{"lat":-8.060593288912628,"lng":-127.8845657697297}},{"id":44,"description":"Bast Fiber","values":{"Global_Warming":"-5","Eutrophication":"20","Water_Scarcity":"8"},"imguri":"","layers":"Main","isDummy":false,"latlng":{"lat":-10.54261076446113,"lng":30.99425327425061}},{"id":47,"description":"Modal","values":{"Global_Warming":"-6","Eutrophication":"-5","Water_Scarcity":"5"},"imguri":"","layers":"Main","isDummy":false,"latlng":{"lat":-47.62887666740892,"lng":-46.139422742570645}},{"id":50,"description":"Spandex","values":{"Global_Warming":"-10","Eutrophication":"-20","Water_Scarcity":"25"},"imguri":"","layers":"Main","isDummy":false,"latlng":{"lat":28.998827226666208,"lng":-1.9412834542997643}},{"id":53,"description":"Synthetic Leather","values":{"Global_Warming":"-8","Eutrophication":"5","Water_Scarcity":"-15"},"imguri":"","layers":"Main","isDummy":false,"latlng":{"lat":98.10867699559816,"lng":103.99500284717448}},{"id":56,"description":"Lyocell","values":{"Global_Warming":"10","Eutrophication":"-20","Water_Scarcity":"-30"},"imguri":"","layers":"Main","isDummy":false,"latlng":{"lat":-56.13552238296708,"lng":-92.1164358395731}},{"id":59,"description":"Polypropylene","values":{"Global_Warming":"15","Eutrophication":"5","Water_Scarcity":"-10"},"imguri":"","layers":"Main","isDummy":false,"latlng":{"lat":-93.66484171631191,"lng":64.80510886106572}},{"id":62,"description":"Acrylic","values":{"Global_Warming":"-20","Eutrophication":"-15","Water_Scarcity":"8"},"imguri":"","layers":"Main","isDummy":false,"latlng":{"lat":-98.50351832000138,"lng":9.481760392186743}},{"id":65,"description":"Wool","values":{"Global_Warming":"15","Eutrophication":"12","Water_Scarcity":"-30"},"imguri":"","layers":"Main","isDummy":false,"latlng":{"lat":34.329799321625046,"lng":-98.67500305175781}}]