<xml xmlns="http://www.w3.org/1999/xhtml"><block type="controls_if" id="oUgd{3K~U[F@#aF]}ygA" x="888" y="299"><value name="IF0"><block type="logic_compare" id="~a@gT-aydG21O-1G.sjK"><field name="OP">GT</field><value name="A"><block type="singleVar" id="RTuC:_mI#d@k69q|ly)+"><field name="varName">Global_Warming</field></block></value><value name="B"><block type="math_number" id="qIM#58w_X12vI;dXPueD"><field name="NUM">25</field></block></value></block></value><statement name="DO0"><block type="popup" id="[Q+z*@b?dHC7[R=3+,rX"><field name="popuptext">Be careful!!Global climate change has already had observable effects on the environment. Glaciers have shrunk, ice on rivers and lakes is breaking up earlier, plant and animal ranges have shifted and trees are flowering sooner.</field></block></statement><next><block type="controls_if" id="u%nLeIuC]ntMaz}k[]fw"><value name="IF0"><block type="logic_compare" id="h=-/-J[Vw|2*pU.g.GWV"><field name="OP">GTE</field><value name="A"><block type="singleVar" id="Je[%N)d`Y:P7tm-W8]9T"><field name="varName">Global_Warming</field></block></value><value name="B"><block type="math_number" id="whBQ;(*vcVYf0!Q,*;#`"><field name="NUM">35</field></block></value></block></value><statement name="DO0"><block type="popup" id="kB1.9Xe2||,YX!?e_|lK"><field name="popuptext">Global sea level rose about 8 inches</field></block></statement><next><block type="controls_if" id=".}[i7T_`~pp,xQTfT!|M"><value name="IF0"><block type="logic_compare" id=",FP0qRs?NPVPHI;sBx[b"><field name="OP">GTE</field><value name="A"><block type="singleVar" id="vuQR@}+{^TNp=FvWpJN;"><field name="varName">Eutrophication</field></block></value><value name="B"><block type="math_number" id="enk%~(E4/_U}zeEM~4r!"><field name="NUM">20</field></block></value></block></value><statement name="DO0"><block type="popup" id="_4?~+.90n0TSm3MSv;})"><field name="popuptext">Increased blooms of gelatinous zooplankton</field><next><block type="controls_if" id="_?J@xz)fwxG(8cJh*.Sg"><value name="IF0"><block type="logic_compare" id="Q!SaDkJ^7w02l0*4?3Z="><field name="OP">GTE</field><value name="A"><block type="singleVar" id="mW_8%_Ij!62[%jPVc{9f"><field name="varName">Eutrophication</field></block></value><value name="B"><block type="math_number" id="QwGufwsHU#k)O~i`#J77"><field name="NUM">30</field></block></value></block></value><statement name="DO0"><block type="popup" id="0./]uZ:3UF7.zQr9Ws,Y"><field name="popuptext">Species biodiversity decreases</field></block></statement></block></next></block></statement><next><block type="controls_if" id="Q/mm/iZ[[pHMXj5m`JA]"><value name="IF0"><block type="logic_compare" id="quYw9})Lr@,=i|S!/L9("><field name="OP">GT</field><value name="A"><block type="singleVar" id="TXZ@C1qO=lbk%NJfb3!@"><field name="varName">Water_Scarcity</field></block></value><value name="B"><block type="math_number" id="yt||@5#a~]37Z?7EMEai"><field name="NUM">40</field></block></value></block></value><statement name="DO0"><block type="popup" id="6H.?Qq(^0]q[#~V7(+D_"><field name="popuptext">At the current consumption rate by 2025, two-thirds of the world’s population may face water shortages. </field></block></statement><next><block type="controls_if" id="~2oMB)9n^Z+@hEyW4^@l"><value name="IF0"><block type="logic_compare" id="s[VB^[Ok07%pe!;yc78!"><field name="OP">GT</field><value name="A"><block type="singleVar" id=";RH3+pmcAYY~ARbnH(3G"><field name="varName">Water_Scarcity</field></block></value><value name="B"><block type="math_number" id="|gPY/ssP_A+d}Edo|C.5"><field name="NUM">60</field></block></value></block></value><statement name="DO0"><block type="popup" id="d`KuScXkdY{-8bxvhz1/"><field name="popuptext">Cape Town, South Africa, is faced with the possibility of “Day Zero,” the day on which municipal taps would run dry.</field></block></statement></block></next></block></next></block></next></block></next></block></xml>