<xml xmlns="http://www.w3.org/1999/xhtml"><block type="initialvalues" id="7%pi|u/wU`(M`t7@0~7Z" x="196" y="255"><statement name="Initial Values"><block type="initialValue" id="id2"><field name="varName">Eutrophication</field><value name="varVal"><block type="math_number" id="var2"><field name="NUM">0</field></block></value><next><block type="initialValue" id="STlL8S~?%U%%NGG~#6@W"><field name="varName">Water_Scarcity</field><value name="varVal"><block type="math_number" id="aA81#R]n;0GYDW=IS)j~"><field name="NUM">0</field></block></value><next><block type="initialValue" id="WJ.,|?)mWclUM,`zO3PN"><field name="varName">Global_Warming</field><value name="varVal"><block type="math_number" id="TzUuab{w@.};d%DTGLyc"><field name="NUM">0</field></block></value></block></next></block></next></block></statement></block></xml>