[{"id":38,"description":"Standard1","values":{"Functionality":"0","Comfort":"0"},"imguri":"","layers":"Main","isDummy":false,"latlng":{"lat":374.325,"lng":110.09073243235252}},{"id":41,"description":"Standard2","values":{"Functionality":"0","Comfort":"0"},"imguri":"","layers":"Main","isDummy":false,"latlng":{"lat":370.3,"lng":248.30392411120323}},{"id":44,"description":"Standard3","values":{"Functionality":"0","Comfort":"0"},"imguri":"","layers":"Main","isDummy":false,"latlng":{"lat":355.20625,"lng":382.42191011068064}},{"id":47,"description":"Solution1.1","values":{"Functionality":"-2","Comfort":"2"},"imguri":"","layers":"Solutions1.jpg","isDummy":false,"latlng":{"lat":352.1875,"lng":116.22193030022979}},{"id":48,"description":"Solution1.2","values":{"Functionality":"2","Comfort":"-1"},"imguri":"","layers":"Solutions1.jpg","isDummy":false,"latlng":{"lat":234.45625,"lng":96.76970332320641}},{"id":49,"description":"Solution1.3","values":{"Functionality":"3","Comfort":"-2"},"imguri":"","layers":"Solutions1.jpg","isDummy":false,"latlng":{"lat":97.60625,"lng":159.22158993365008}},{"id":50,"description":"Solution2.1","values":{"Functionality":"1","Comfort":"-1"},"imguri":"","layers":"Solutions2","isDummy":false,"latlng":{"lat":383.38124999999997,"lng":417.21954773417133}},{"id":51,"description":"Solution2.2","values":{"Functionality":"-2","Comfort":"2"},"imguri":"","layers":"Solutions2","isDummy":false,"latlng":{"lat":261.625,"lng":338.38683840623423}},{"id":52,"description":"Solution2.3","values":{"Functionality":"1","Comfort":"-1"},"imguri":"","layers":"Solutions2","isDummy":false,"latlng":{"lat":118.7375,"lng":255.45892339892396}},{"id":53,"description":"Solution3.1","values":{"Functionality":"-3","Comfort":"3"},"imguri":"","layers":"Solutions3","isDummy":false,"latlng":{"lat":329.04375,"lng":194.0308382083236}},{"id":54,"description":"Solution3.1","values":{"Functionality":"-2","Comfort":"1"},"imguri":"","layers":"Solutions3","isDummy":false,"latlng":{"lat":95.59375,"lng":485.81424286367496}},{"id":55,"description":"Solution3.1","values":{"Functionality":"1","Comfort":"-2"},"imguri":"","layers":"Solutions3","isDummy":false,"latlng":{"lat":259.6125,"lng":567.7183564511422}},{"id":56,"description":"Back1","values":{"Functionality":"0","Comfort":"0"},"imguri":"","layers":"Solutions1.jpg","isDummy":false,"latlng":{"lat":15.09375,"lng":430.9942522876786}},{"id":57,"description":"Back2","values":{"Functionality":"0","Comfort":"0"},"imguri":"","layers":"Solutions2","isDummy":false,"latlng":{"lat":27.16875,"lng":587.1705834281656}},{"id":58,"description":"Back3","values":{"Functionality":"0","Comfort":"0"},"imguri":"","layers":"Solutions3","isDummy":false,"latlng":{"lat":27.16875,"lng":629.1464416417425}}]