<xml xmlns="http://www.w3.org/1999/xhtml"><block type="controls_if" id="oUgd{3K~U[F@#aF]}ygA" x="146" y="51"><value name="IF0"><block type="current_point_check" id="^j~N|65^F(wt`U4(g|}R"><field name="pointsNames">Standard1</field></block></value><statement name="DO0"><block type="change_layer" id="aN;F4,Q,mPzd;w1dbN=3"><field name="layersNames">Solutions1.jpg</field></block></statement><next><block type="controls_if" id="M|H~N4E;izOGNwOa(HZ`"><value name="IF0"><block type="current_point_check" id="GyK:Xg)|7KYb(-)LLAJ."><field name="pointsNames">Standard2</field></block></value><statement name="DO0"><block type="change_layer" id="D8h=@TYsLy=pJ[L:b=rt"><field name="layersNames">Solutions1.jpg</field></block></statement><next><block type="controls_if" id="u-k7BwQ:7C@SCb:s~LQ#"><value name="IF0"><block type="current_point_check" id="Ekvp.u=Xv*L;h[EnU}y7"><field name="pointsNames">Standard3</field></block></value><statement name="DO0"><block type="change_layer" id="kQ%e~u18k=B}aqB(Otp8"><field name="layersNames">Solutions3</field></block></statement><next><block type="controls_if" id="[c_J-at~r,T#2br|,{9z"><value name="IF0"><block type="current_point_check" id="du:Xery*lU@[EcCuKW(6"><field name="pointsNames">Standard1</field></block></value><statement name="DO0"><block type="change_layer" id="?+Bx7a+(]*1K9Ku%lZ+U"><field name="layersNames">Solutions1.jpg</field></block></statement><next><block type="controls_if" id="iHNjLuE^i7zNQ7V?C:m/"><value name="IF0"><block type="current_point_check" id="^b;(cZl#:5;}h_LJ4jd_"><field name="pointsNames">Standard1</field></block></value><statement name="DO0"><block type="change_layer" id="L:Nv{Xc@d*0j4;4(!)_a"><field name="layersNames">Solutions1.jpg</field></block></statement><next><block type="controls_if" id="QlFwuHFc+7;8Wr%15JZ@"><value name="IF0"><block type="current_point_check" id="x8C9~oudkP;McVn%t@0d"><field name="pointsNames">Standard1</field></block></value><statement name="DO0"><block type="change_layer" id="RaGtx8rGiP@Y_YZ4k6]["><field name="layersNames">Solutions1.jpg</field></block></statement><next><block type="controls_if" id=".VuY*{.E+Cb}2O1bsgWQ"><value name="IF0"><block type="current_point_check" id="Qtn+qA`sq}qY56:8-)11"><field name="pointsNames">Back1</field></block></value><statement name="DO0"><block type="change_layer" id="tc3nTF0VbmN[(Tr-uTf:"><field name="layersNames">Main</field></block></statement><next><block type="controls_if" id="fH5k3_8(J!Akf1!PArQ."><value name="IF0"><block type="current_point_check" id="XhL}.c5IEW*VpX!KpT]k"><field name="pointsNames">Back2</field></block></value><statement name="DO0"><block type="change_layer" id="i7J5:c48-0gIig+[i4/Q"><field name="layersNames">Main</field></block></statement><next><block type="controls_if" id="a*6:{pUDAS)7e]yk:asD"><value name="IF0"><block type="current_point_check" id="bNo#7hn!JK]BVM!3RsLP"><field name="pointsNames">Back3</field></block></value><statement name="DO0"><block type="change_layer" id="0)NpT5%uB(hzfSE5(r7}"><field name="layersNames">Main</field></block></statement></block></next></block></next></block></next></block></next></block></next></block></next></block></next></block></next></block><block type="controls_if" id="Agx2WlCO+~[),r`b-@tA" x="577" y="66"><value name="IF0"><block type="logic_operation" id="[MFBbVd3]=9{kl[KLdji"><field name="OP">AND</field><value name="A"><block type="logic_compare" id="l~oh3/^0Z[h=kML?.*I8"><field name="OP">GT</field><value name="A"><block type="movescounter" id="+Bv[b*[K:#%.:{yRX%^Z"></block></value><value name="B"><block type="math_number" id="6aKd~NzY?[U:5@+d}KT]"><field name="NUM">8</field></block></value></block></value><value name="B"><block type="logic_compare" id=";5nv6W_3;Do);n*[a0K7"><field name="OP">LT</field><value name="A"><block type="singleVar" id="FXjqsveiCu9Z|phdv!Ea"><field name="varName">Functionality</field></block></value><value name="B"><block type="math_number" id="t=`1eiAs`XIO[E)cQhow"><field name="NUM">0</field></block></value></block></value></block></value><statement name="DO0"><block type="popup" id="WWCGl,)sAr5X|uD[Q627"><field name="popuptext">Try to make choices that will make your product more functional.</field></block></statement><next><block type="controls_if" id="{ka=ODZ)8[/:lZ[?GXal"><value name="IF0"><block type="logic_operation" id="efr2{OWqBeFFZ?R?VJgg"><field name="OP">AND</field><value name="A"><block type="logic_compare" id="q9ogX=.s)DSF2lIIg{c]"><field name="OP">GT</field><value name="A"><block type="movescounter" id="#{aBN@XSYc~yR0HFqZJ/"></block></value><value name="B"><block type="math_number" id="x/p3+X):Sn.*P`^7]`He"><field name="NUM">8</field></block></value></block></value><value name="B"><block type="logic_compare" id="j27[An!0[lL%X@rPpPrC"><field name="OP">LT</field><value name="A"><block type="singleVar" id="?dsNd#oGvn3R;A@fq%!c"><field name="varName">Comfort</field></block></value><value name="B"><block type="math_number" id="|+t{)?Ze|sx1#c_/k5Wq"><field name="NUM">0</field></block></value></block></value></block></value><statement name="DO0"><block type="popup" id="+-aFFwql7:9]f:YZG9KY"><field name="popuptext">Try to make choices that will make your product more comfortable for the user..</field></block></statement></block></next></block></xml>