<xml xmlns="http://www.w3.org/1999/xhtml"><block type="controls_if" id="oUgd{3K~U[F@#aF]}ygA" x="260" y="84"><value name="IF0"><block type="logic_compare" id="~a@gT-aydG21O-1G.sjK"><field name="OP">LT</field><value name="A"><block type="singleVar" id="RTuC:_mI#d@k69q|ly)+"><field name="varName">Functionality</field></block></value><value name="B"><block type="math_number" id="qIM#58w_X12vI;dXPueD"><field name="NUM">-5</field></block></value></block></value><statement name="DO0"><block type="popup" id="[XMzb=tiZEwjnqR(]mUV"><field name="popuptext">Your product is not functional enough.</field><next><block type="gameover" id="MLR/6i}9oB6st5-+BGN}"></block></next></block></statement><next><block type="controls_if" id="2VHggDOP;FysljS=(YRi"><value name="IF0"><block type="logic_compare" id="o4q9?T^p1yhC|Y`y8*tM"><field name="OP">LT</field><value name="A"><block type="singleVar" id="IA]4o^i?~P[xAr)X5y4P"><field name="varName">Comfort</field></block></value><value name="B"><block type="math_number" id="DA9yk?buly;OyH-ou9m3"><field name="NUM">-5</field></block></value></block></value><statement name="DO0"><block type="popup" id="3,`emFlt%~9HDH4dIm0~"><field name="popuptext">Your product is not comfortable enough.</field><next><block type="gameover" id="w,/B8*o:#`!5SX;:=A1u"></block></next></block></statement></block></next></block></xml>