<xml xmlns="http://www.w3.org/1999/xhtml"><block type="initialvalues" id="6R:`n3n[^FB6|P;8Wx^F" x="64" y="10"><statement name="Initial Values"><block type="initialValue" id="id1"><field name="varName">Station</field><value name="varVal"><block type="math_number" id="var1"><field name="NUM">0</field></block></value><next><block type="initialValue" id="id4"><field name="varName">ReligionVal</field><value name="varVal"><block type="math_number" id="var4"><field name="NUM">1</field></block></value><next><block type="initialValue" id="id6"><field name="varName">SkinColorVal</field><value name="varVal"><block type="math_number" id="var6"><field name="NUM">1</field></block></value><next><block type="initialValue" id="id8"><field name="varName">OccupationVal</field><value name="varVal"><block type="math_number" id="var8"><field name="NUM">1</field></block></value><next><block type="initialValue" id="id10"><field name="varName">AppearanceVal</field><value name="varVal"><block type="math_number" id="var10"><field name="NUM">0</field></block></value><next><block type="initialValue" id="id11"><field name="varName">Passenger</field><value name="varVal"><block type="math_number" id="var11"><field name="NUM">0</field></block></value></block></next></block></next></block></next></block></next></block></next></block></statement></block></xml>