<xml xmlns="http://www.w3.org/1999/xhtml"><block type="controls_if" id="#H-l](?H^Z6(1-ZfCrkh" x="337" y="21"><value name="IF0"><block type="logic_operation" id="AhlB_sJH}5XGNZ:Ry8@N"><field name="OP">AND</field><value name="A"><block type="logic_operation" id="^0}1o0K-yoQMZA:ay)ap"><field name="OP">AND</field><value name="A"><block type="logic_compare" id="XanTso1veV^N8T[RLCkg"><field name="OP">EQ</field><value name="A"><block type="singleVar" id="ZpotNv.?hTLUgKO;#H-}"><field name="varName">ReligionVal</field></block></value><value name="B"><block type="math_number" id="fN:RdT)B=r7}|@aOrVR*"><field name="NUM">4</field></block></value></block></value><value name="B"><block type="logic_compare" id="?y}*?l)50{J=+54U@*?X"><field name="OP">EQ</field><value name="A"><block type="singleVar" id="Rs7juy4F?Y~[pd[~mW?K"><field name="varName">SkinColorVal</field></block></value><value name="B"><block type="math_number" id="v^Z`I(VrbG^ckv-#5!kO"><field name="NUM">5</field></block></value></block></value></block></value><value name="B"><block type="logic_operation" id="%.kJ!i:hhU5_Z2|3]RC5"><field name="OP">AND</field><value name="A"><block type="logic_compare" id="8#3f08F[:;5tSzy%8`sK"><field name="OP">EQ</field><value name="A"><block type="singleVar" id="ZU*}KW5A2KkU.gy?%*in"><field name="varName">OccupationVal</field></block></value><value name="B"><block type="math_number" id="4iY?4up+z;#a{w6S;(3O"><field name="NUM">4</field></block></value></block></value><value name="B"><block type="logic_compare" id="}UoN}Pq?]Vn~zOwK(Ie!"><field name="OP">EQ</field><value name="A"><block type="singleVar" id=",*cbyMv7Eid9Nc,9CTa9"><field name="varName">AppearanceVal</field></block></value><value name="B"><block type="math_number" id="cXQA*U%eL!5%w=yTf2cL"><field name="NUM">3</field></block></value></block></value></block></value></block></value><statement name="DO0"><block type="popup" id="[!nvF=!b;z:WriyXKzuk"><field name="popuptext">This is a great choice for Orient Express!</field></block></statement><next><block type="controls_if" id="o@I(,SA(31R|Dl,Lma}A"><value name="IF0"><block type="logic_operation" id="+#L%.CWY`))jpox=8+Ma"><field name="OP">AND</field><value name="A"><block type="logic_operation" id="D_*pM9S.b3Td!+rk`+KD"><field name="OP">AND</field><value name="A"><block type="logic_compare" id="+LG%oNKJdAQS}k)3p-~="><field name="OP">EQ</field><value name="A"><block type="singleVar" id="6BDe;1Q=Cwd!/Ue99/3`"><field name="varName">ReligionVal</field></block></value><value name="B"><block type="math_number" id="T!`2RQ]sx`8A,s=hm0AI"><field name="NUM">7</field></block></value></block></value><value name="B"><block type="logic_compare" id="7V^jCa|IeA[AonupiC2P"><field name="OP">EQ</field><value name="A"><block type="singleVar" id="hx-2m{MNf?@5(;1zps2X"><field name="varName">SkinColorVal</field></block></value><value name="B"><block type="math_number" id="o=Zjp2[dB{ZR*F;ViT8r"><field name="NUM">10</field></block></value></block></value></block></value><value name="B"><block type="logic_operation" id="aNfO!D1pm);/o,@69|4h"><field name="OP">AND</field><value name="A"><block type="logic_compare" id="qMpV~!O37KG4r2HfK{Mo"><field name="OP">EQ</field><value name="A"><block type="singleVar" id="y@BOm[Sgdk`r[C;P4Rl0"><field name="varName">OccupationVal</field></block></value><value name="B"><block type="math_number" id="eX!+U0O:!OnT9TR4Jd#M"><field name="NUM">8</field></block></value></block></value><value name="B"><block type="logic_compare" id="[EeC7C!ahAwhtKcyEjzM"><field name="OP">EQ</field><value name="A"><block type="singleVar" id="hHCGBp.Jxfs2wI0:t|GM"><field name="varName">AppearanceVal</field></block></value><value name="B"><block type="math_number" id="IF.ac5GvIWC7U98/GK3{"><field name="NUM">8</field></block></value></block></value></block></value></block></value><statement name="DO0"><block type="popup" id="ICI3/u3qKy6|L?imBWT+"><field name="popuptext">Bravo! Goodlooking and with great jobs. These are the apropriate passengers for Orient Express</field></block></statement><next><block type="controls_if" id="4yw0Z-rz.:P#G2FFfU+B"><value name="IF0"><block type="logic_operation" id="CH11Sg;^c7l[;_2^yyF6"><field name="OP">AND</field><value name="A"><block type="logic_operation" id="4(|]ss/A)/e}tzAT=V-S"><field name="OP">AND</field><value name="A"><block type="logic_compare" id="_UYjvrwY`u4tUd,0F/P:"><field name="OP">EQ</field><value name="A"><block type="singleVar" id="dIN#WidP{`I?M0McPlv|"><field name="varName">ReligionVal</field></block></value><value name="B"><block type="math_number" id="]D:C9sJ2L=L|?]1iy1/p"><field name="NUM">11</field></block></value></block></value><value name="B"><block type="logic_compare" id=":P-^,ZUMQ2%[wYq,KJ;)"><field name="OP">EQ</field><value name="A"><block type="singleVar" id="mq*A;XWzEI1M*S`_HWh-"><field name="varName">SkinColorVal</field></block></value><value name="B"><block type="math_number" id="{,e8.S3+]-cfR0Er!6e5"><field name="NUM">15</field></block></value></block></value></block></value><value name="B"><block type="logic_operation" id="nKfbX0W!K~f@oVDS}+Ss"><field name="OP">AND</field><value name="A"><block type="logic_compare" id="A1WM=Y1_*EZQojp:ty89"><field name="OP">EQ</field><value name="A"><block type="singleVar" id="d8e.ew._B7iBWm,hd(-F"><field name="varName">OccupationVal</field></block></value><value name="B"><block type="math_number" id="ZxvUJtBdCk{tW2TKvmQh"><field name="NUM">13</field></block></value></block></value><value name="B"><block type="logic_compare" id="f~(bQ`E)tzJUf@5Yr8p{"><field name="OP">EQ</field><value name="A"><block type="singleVar" id="oD(hBRw.on|5~M%NaR=*"><field name="varName">AppearanceVal</field></block></value><value name="B"><block type="math_number" id="NqMp;WlYJcZ}j#Bg@_(7"><field name="NUM">13</field></block></value></block></value></block></value></block></value><statement name="DO0"><block type="popup" id="0OGo2eRVMfXRU^;1gne|"><field name="popuptext">The private detective Hercules Poirot! Excellent choice!</field></block></statement><next><block type="controls_if" id="?Z{~}k[}GxkKJ2uFmd}i"><value name="IF0"><block type="logic_operation" id="kwHIW73=lTA]/V/HT/+W"><field name="OP">AND</field><value name="A"><block type="logic_compare" id="8Y#2nU@A#1me^eJdjTvO"><field name="OP">EQ</field><value name="A"><block type="singleVar" id="QR4|[J)R9Il.!1)3FB~,"><field name="varName">Station</field></block></value><value name="B"><block type="math_number" id="ib/:@(E.[CZok[ZVI1*y"><field name="NUM">10</field></block></value></block></value><value name="B"><block type="logic_compare" id="eHY8T.mW~tLk+,S!zNZn"><field name="OP">EQ</field><value name="A"><block type="singleVar" id="#d_TsK.8a}%?h](x)Ig7"><field name="varName">ReligionVal</field></block></value><value name="B"><block type="math_number" id="Va5e+`j-CAZ[`(_7m;}a"><field name="NUM">15</field></block></value></block></value></block></value><statement name="DO0"><block type="popup" id="*yjhzG8oON.Ys7PrOD!="><field name="popuptext">Jean Claude, a politician with style! The best choice for Orient Express!</field></block></statement><next><block type="controls_if" id="sPcW-+;Kyee:w.,BB?#E"><value name="IF0"><block type="logic_operation" id="@y_RdsSoGAp9A5MW*`1s"><field name="OP">AND</field><value name="A"><block type="logic_compare" id="46ita?cePZr;HLl~NADq"><field name="OP">EQ</field><value name="A"><block type="singleVar" id="EhYw?o0}0m@n;Pjq2Z{@"><field name="varName">Station</field></block></value><value name="B"><block type="math_number" id="yVEfY80B[y(^No3(7vb~"><field name="NUM">15</field></block></value></block></value><value name="B"><block type="logic_operation" id=")WH87wX2=;}iZw~;e=X3"><field name="OP">AND</field><value name="A"><block type="logic_compare" id="O=3kTiOi,Eas35wN-y?r"><field name="OP">EQ</field><value name="A"><block type="singleVar" id="hUN-W({eu?lsn]hI[/Wl"><field name="varName">ReligionVal</field></block></value><value name="B"><block type="math_number" id="o+gaDb:^~_l*kMOR.d[V"><field name="NUM">17</field></block></value></block></value><value name="B"><block type="logic_compare" id="PZ5uD:39.Q^*,e64KR:9"><field name="OP">EQ</field><value name="A"><block type="singleVar" id="v0E8me+:7}eWT^b%HUHe"><field name="varName">AppearanceVal</field></block></value><value name="B"><block type="math_number" id="t1?]Q#jkk[D1}R28ZcQA"><field name="NUM">23</field></block></value></block></value></block></value></block></value><statement name="DO0"><block type="popup" id="o-274@:yZ}^tYBHXmcgD"><field name="popuptext">She can have her own religion! The beauty of famous Iman will travel with Orient Express!!</field></block></statement><next><block type="controls_if" id="ac8wAJ~v^NJlepbv_y*P"><value name="IF0"><block type="logic_operation" id="FZ8/2QOi,Bdi~s5JB+d5"><field name="OP">AND</field><value name="A"><block type="logic_compare" id="C.1;q}en~p(Szme13Q0d"><field name="OP">EQ</field><value name="A"><block type="singleVar" id="+R3cmYF_jvehJ,XAQUu("><field name="varName">Station</field></block></value><value name="B"><block type="math_number" id="E]uvK*p}]HB|u}=s~rd)"><field name="NUM">21</field></block></value></block></value><value name="B"><block type="logic_operation" id="no6h;rTAm@mYJ8_L9J7J"><field name="OP">AND</field><value name="A"><block type="logic_compare" id="Q}zI52_-wf[f4qiK?Lri"><field name="OP">EQ</field><value name="A"><block type="singleVar" id="VCmTj*w@WyAm@NtsS;8`"><field name="varName">ReligionVal</field></block></value><value name="B"><block type="math_number" id="XRiW88Rzky]6@FaeSo))"><field name="NUM">21</field></block></value></block></value><value name="B"><block type="logic_compare" id="fBA{[@I%u!NV,!d)b]J["><field name="OP">EQ</field><value name="A"><block type="singleVar" id="3G/8y.arr=5FQ95pgFo]"><field name="varName">OccupationVal</field></block></value><value name="B"><block type="math_number" id="O4vANd3lO.{I2Nmn@E,_"><field name="NUM">26</field></block></value></block></value></block></value></block></value><statement name="DO0"><block type="popup" id="ZXNl!Qh%|b?j_b-Tc`)i"><field name="popuptext">It is a great honour for Orient Express to have John, a student in Oxford, travelling.</field></block></statement><next><block type="controls_if" id="xIQZ`+)w(xT1_p_MBt)6"><value name="IF0"><block type="logic_operation" id="z%[`@Ss(Wh`#+{I]0{-]"><field name="OP">AND</field><value name="A"><block type="logic_compare" id="{7{cDc5gBKzD[)hAV`tO"><field name="OP">EQ</field><value name="A"><block type="singleVar" id="f(qJ!^fSw35VqPnNvmtx"><field name="varName">Station</field></block></value><value name="B"><block type="math_number" id="3/~zR+;Wl,:uhKNh^s7:"><field name="NUM">28</field></block></value></block></value><value name="B"><block type="logic_operation" id="_,m/CXq=|=E0SENL2C/m"><field name="OP">AND</field><value name="A"><block type="logic_compare" id="{)K9(rP^.M/NwFH?tHyi"><field name="OP">EQ</field><value name="A"><block type="singleVar" id="AM=mg8)Qc-DghMt)1_oU"><field name="varName">ReligionVal</field></block></value><value name="B"><block type="math_number" id="=jrvTgxAmnZr,4{d[imc"><field name="NUM">26</field></block></value></block></value><value name="B"><block type="logic_compare" id="W6Aq[-Kqn|wSM*JfZN3K"><field name="OP">EQ</field><value name="A"><block type="singleVar" id="G]KZfX{Du!Q!!m30E{ru"><field name="varName">OccupationVal</field></block></value><value name="B"><block type="math_number" id="Vb0{.jNM-d~w`,QSE8-Z"><field name="NUM">31</field></block></value></block></value></block></value></block></value><statement name="DO0"><block type="popup" id="U4(ceDdBx3~qabOVlX1l"><field name="popuptext">This girl has everything: she is famous, beautiful and christian. Great choice!</field></block></statement><next><block type="controls_if" id="FVEABfXA^qt+o^C@94;Y"><value name="IF0"><block type="logic_operation" id="[b_*;i6Tlt.a?fpDIW.A"><field name="OP">AND</field><value name="A"><block type="logic_compare" id="j:sV5xyB.byku8}TM{o;"><field name="OP">EQ</field><value name="A"><block type="singleVar" id=",Ps)BALTj7G(`S/;NsE@"><field name="varName">Station</field></block></value><value name="B"><block type="math_number" id="|GV_9~V0}:RodYQ8,~?B"><field name="NUM">36</field></block></value></block></value><value name="B"><block type="logic_compare" id=":]|K]kx3r[@GIhwC]mSe"><field name="OP">EQ</field><value name="A"><block type="singleVar" id=")wH#N;-fqM`2qCO%9B`4"><field name="varName">ReligionVal</field></block></value><value name="B"><block type="math_number" id="v.~?OqUmC6]=q}9wQXzv"><field name="NUM">29</field></block></value></block></value></block></value><statement name="DO0"><block type="popup" id="c@Q3=)Y^f8k}^Vzzad%s"><field name="popuptext">Great passengers for Orient Express! What a style they have!</field></block></statement><next><block type="controls_if" id="3agm?KZ[JB@yQHgokO,F"><value name="IF0"><block type="logic_operation" id="A(js_{2z::sn}zgmE+f_"><field name="OP">AND</field><value name="A"><block type="logic_compare" id="+?gEZ.ca6IM78dIQM.UX"><field name="OP">EQ</field><value name="A"><block type="singleVar" id="dz}uZ}Q0}*FZFP%}`sbf"><field name="varName">Station</field></block></value><value name="B"><block type="math_number" id="9B#2w9jHpf3-kvKrW?GK"><field name="NUM">45</field></block></value></block></value><value name="B"><block type="logic_compare" id="H0]yOZstB?U!b=z}~uIi"><field name="OP">EQ</field><value name="A"><block type="singleVar" id="YG=!|Nk|c7_b{?e,j_0x"><field name="varName">AppearanceVal</field></block></value><value name="B"><block type="math_number" id="X}*PeM~98t7v(Z6|Bm6,"><field name="NUM">42</field></block></value></block></value></block></value><statement name="DO0"><block type="popup" id="_q]F/%)ndz;^=(hlkM;{"><field name="popuptext">Catherine Deneuce, a real thrill of cinema in Orient Express! What an honour!</field></block></statement></block></next></block></next></block></next></block></next></block></next></block></next></block></next></block></next></block></xml>