<xml xmlns="http://www.w3.org/1999/xhtml"><block type="controls_if" id="wU{!tABHe~]JxzM(UIoI" x="203" y="134"><value name="IF0"><block type="logic_compare" id="/%H/:%i@iMq_+|[UlRXQ"><field name="OP">EQ</field><value name="A"><block type="movescounter" id="Y_p[X97WkAv!]7^W[,gf"></block></value><value name="B"><block type="math_number" id="6#023N.SwF5856ty#;bR"><field name="NUM">22</field></block></value></block></value><statement name="DO0"><block type="popup" id="I4I1/q`oIkd,AMD@#Sve"><field name="popuptext">You have visited 22 stations. The game ends</field><next><block type="gameover" id="8xJzo*Uy)BCB2mg.BR3%"></block></next></block></statement><next><block type="controls_if" id="9}_Cc:dpq;Eq2|n6r58N"><value name="IF0"><block type="logic_operation" id="^%ThofC4Sq}]#u[,xPu!"><field name="OP">AND</field><value name="A"><block type="logic_compare" id="u]WUt:+{{UZ1t}_sZn6A"><field name="OP">EQ</field><value name="A"><block type="singleVar" id="nw+DQb{:hpGV=wE^grUZ"><field name="varName">Station</field></block></value><value name="B"><block type="math_number" id="^ea9KpN=Gi57DWS7I:`M"><field name="NUM">1</field></block></value></block></value><value name="B"><block type="logic_compare" id="xv5iY`Nb6!Aw^]PjT,_P"><field name="OP">EQ</field><value name="A"><block type="singleVar" id="*+Y0d;;9cf4~A:SXL]|r"><field name="varName">ReligionVal</field></block></value><value name="B"><block type="math_number" id="P*IUG*0E5):M=S(m+cWw"><field name="NUM">5</field></block></value></block></value></block></value><statement name="DO0"><block type="popup" id="@BX|o.VJWt%-PLjEhuL."><field name="popuptext">You selected a depressed Jew for the Orient Express!</field><next><block type="text_print" id="Rv:t)F-l4C=q%3Wa^iFe"><value name="TEXT"><block type="text" id="DoYQz^S|{tf{b4lm0VwF"><field name="TEXT">Game Over! You selected a depressed Jew for the Orient Express!</field></block></value><next><block type="gameover" id="8`-u!1_*2MGw^fJL,/0D"></block></next></block></next></block></statement><next><block type="controls_if" id="|_|`2QHnH4;33u=?Uny4"><value name="IF0"><block type="logic_operation" id="z{YcDNh1+0P%_0G;LZqr"><field name="OP">AND</field><value name="A"><block type="logic_compare" id="g?!]R/%%O/Hr60k5Ad/a"><field name="OP">EQ</field><value name="A"><block type="singleVar" id="R0BD}qJmWAZ;~Qolq|?G"><field name="varName">Station</field></block></value><value name="B"><block type="math_number" id="j:4!W6IR~,~l2E9z]{A+"><field name="NUM">5</field></block></value></block></value><value name="B"><block type="logic_compare" id="46Vac7IHUGjvB04zv#HG"><field name="OP">EQ</field><value name="A"><block type="singleVar" id="79]!n@xm2/!Gg7vpvIr5"><field name="varName">ReligionVal</field></block></value><value name="B"><block type="math_number" id="{tC+JukaFzFdA?.rodOw"><field name="NUM">8</field></block></value></block></value></block></value><statement name="DO0"><block type="popup" id="7+n_jls^u,%AN2Yy*9fO"><field name="popuptext"> A Muslim in Orient Express?? No!</field><next><block type="text_print" id=",pOH#e|jbnALV8E=U%+S"><value name="TEXT"><block type="text" id="U+pOpj,,o!1OqRtGA.0u"><field name="TEXT">Game Over! A Muslim in Orient Express?? No!</field></block></value><next><block type="gameover" id="6%SAI)4-(^8:-=~8%PST"></block></next></block></next></block></statement><next><block type="controls_if" id=":}TNk_MU!7X[5kx:?}ah"><value name="IF0"><block type="logic_operation" id=")}8nY;I8q-/WC/mo8~Nr"><field name="OP">AND</field><value name="A"><block type="logic_compare" id="Jxn#[B],4(uAWJ7o{Kih"><field name="OP">EQ</field><value name="A"><block type="singleVar" id="kA-WK[:*4ae1]DZP1VKi"><field name="varName">Station</field></block></value><value name="B"><block type="math_number" id="%TTHW5l7Br/-R5{v~Thx"><field name="NUM">3</field></block></value></block></value><value name="B"><block type="logic_compare" id="ySy1e)SK/6wcNIpUa}Tm"><field name="OP">EQ</field><value name="A"><block type="singleVar" id="@XSLRs2IVs.]O~Z]FJl?"><field name="varName">ReligionVal</field></block></value><value name="B"><block type="math_number" id="]C_2zxVPyVBqFwqG5C(6"><field name="NUM">5</field></block></value></block></value></block></value><statement name="DO0"><block type="popup" id="Sn*k=?A^Lx7[/~*lEoA;"><field name="popuptext">A Muslim cd seller in Orient Express?? No Way!!</field><next><block type="text_print" id="]IT6.)|eBo)8[:Yop8{u"><value name="TEXT"><block type="text" id="#P0R;%FwftuZ/m}7C7-."><field name="TEXT">Game Over! A Muslim cd seller in Orient Express?? No Way!!</field></block></value><next><block type="gameover" id="E}^:eSH.[,IK%-%N[vcq"></block></next></block></next></block></statement><next><block type="controls_if" id="2c.;8E.mJs0C,*AC6z8/"><value name="IF0"><block type="logic_operation" id="8xChZh)JlNret+jINO^i"><field name="OP">AND</field><value name="A"><block type="logic_compare" id="B6984jcn2m8qF=Jkop=."><field name="OP">EQ</field><value name="A"><block type="singleVar" id="MJEm^C@sfI)REgE}AE48"><field name="varName">Station</field></block></value><value name="B"><block type="math_number" id="SK2zz,5GErO5PH:2B/a/"><field name="NUM">6</field></block></value></block></value><value name="B"><block type="logic_compare" id="U!Oh_@JB_hMkFe^bYFH*"><field name="OP">EQ</field><value name="A"><block type="singleVar" id="=gvsNhbHEU~AwYU,~2J:"><field name="varName">OccupationVal</field></block></value><value name="B"><block type="math_number" id="*6H@Hl1bs1PYUpXu2vB!"><field name="NUM">10</field></block></value></block></value></block></value><statement name="DO0"><block type="popup" id="%3FKN^fn|U__5X]/hw#@"><field name="popuptext">Mario the cook in Orient Express? Together with the famous Jose and Luis?</field><next><block type="text_print" id="%vi]5(SxH04XRfc(y@C`"><value name="TEXT"><block type="text" id="doYpz06`D[G)D+_bNK:p"><field name="TEXT">Game Over! Mario the cook in Orient Express? Together with the famous Jose and Luis?</field></block></value><next><block type="gameover" id="YvQb{krNu=N]T}_M43XA"></block></next></block></next></block></statement><next><block type="controls_if" id="e@II:FD,Mq=eT{4imvop"><value name="IF0"><block type="logic_operation" id="?ma1[17RP{`H,N5=..}o"><field name="OP">AND</field><value name="A"><block type="logic_compare" id="C:;vlSas9]H7C#nQU}gI"><field name="OP">EQ</field><value name="A"><block type="singleVar" id=";@i9Ctof|4=p;*9M8si8"><field name="varName">Station</field></block></value><value name="B"><block type="math_number" id="?0[Y;~eVnYI,`2_=FZl~"><field name="NUM">10</field></block></value></block></value><value name="B"><block type="logic_operation" id=".q:3*q6Zi:D%`Owe`1Zu"><field name="OP">AND</field><value name="A"><block type="logic_compare" id="@Y4;[%1TtmP.KwhDYk[|"><field name="OP">EQ</field><value name="A"><block type="singleVar" id="h^M3X;0CNU=:DTs5KQ8+"><field name="varName">ReligionVal</field></block></value><value name="B"><block type="math_number" id="tQ1^|mvi{Cd:A1}ClLi-"><field name="NUM">16</field></block></value></block></value><value name="B"><block type="logic_compare" id="lB@,7DmYid`Bpn|@1j%F"><field name="OP">EQ</field><value name="A"><block type="singleVar" id="=3ykmwPeBoOj^8bFIV!0"><field name="varName">AppearanceVal</field></block></value><value name="B"><block type="math_number" id="TXQvnRN-}oE4jz3ZrhFi"><field name="NUM">14</field></block></value></block></value></block></value></block></value><statement name="DO0"><block type="popup" id="@4(B,bpB2V_YB^5Q~h.a"><field name="popuptext">Game Over! How is it possible to have a refugee familly in the train? This will be dangerous for the other passengers.</field><next><block type="text_print" id="Io-Pd6lKn7SyFj_]1s*z"><value name="TEXT"><block type="text" id="mvXJ30(_9uiPmFN6%#W]"><field name="TEXT">Game Over! How is it possible to have a refugee familly in the train? This will be dangerous for the other passengers.</field></block></value><next><block type="gameover" id="gJ^Mx_(+]KlFpYXrd?Gc"></block></next></block></next></block></statement><next><block type="controls_if" id="m;fdTUYTK:EfoT}.Iio1"><value name="IF0"><block type="logic_operation" id="f]-6k(jR#(zyT{NT07}n"><field name="OP">AND</field><value name="A"><block type="logic_compare" id="{-r-(iM`=#KKY-MMnKV."><field name="OP">EQ</field><value name="A"><block type="singleVar" id=";!P|+v--Drh}~%.*-jYf"><field name="varName">Station</field></block></value><value name="B"><block type="math_number" id="(y4[gSd.Dw*UN~B5?e?@"><field name="NUM">14</field></block></value></block></value><value name="B"><block type="logic_operation" id="H?JPSq,=Z9%~VhCc}x9-"><field name="OP">AND</field><value name="A"><block type="logic_compare" id="0CcLubTO*2=e@Q4.(B3:"><field name="OP">EQ</field><value name="A"><block type="singleVar" id=":-J7VaVefe(-rOYBeYC}"><field name="varName">ReligionVal</field></block></value><value name="B"><block type="math_number" id="%cSwn2:b=vbsuIhM)_%x"><field name="NUM">21</field></block></value></block></value><value name="B"><block type="logic_compare" id="44=28fQPGu*;%---E}(#"><field name="OP">EQ</field><value name="A"><block type="singleVar" id=";c/Bum|pgur{d{k!jteb"><field name="varName">AppearanceVal</field></block></value><value name="B"><block type="math_number" id="yT7jp)mkT=f3*Dr,OSYG"><field name="NUM">15</field></block></value></block></value></block></value></block></value><statement name="DO0"><block type="popup" id=":Hc+Ki=uL8hvYOXd.1`s"><field name="popuptext">Do you really think this familly fits in the train?</field><next><block type="text_print" id="C#L-_fj:X-Jd2bekJkSS"><value name="TEXT"><block type="text" id="XlS#CpI5[1Ci+aWi{fI%"><field name="TEXT">Game Over! Do you really think this familly fits in the train?</field></block></value><next><block type="gameover" id="%Dp~^*u%MclgXKQE;aZC"></block></next></block></next></block></statement><next><block type="controls_if" id="`)|{q=[!1ZZ.CXNCII9`"><value name="IF0"><block type="logic_operation" id="HYt4J+q1`#(,xbey=?+%"><field name="OP">AND</field><value name="A"><block type="logic_compare" id=")tH}%h68;Pl^i!W!0}oG"><field name="OP">EQ</field><value name="A"><block type="singleVar" id="rum^f4`7_,mqP)O!*qys"><field name="varName">Station</field></block></value><value name="B"><block type="math_number" id="=6jAk2Qvpw`q30-kS@-T"><field name="NUM">20</field></block></value></block></value><value name="B"><block type="logic_operation" id="p=~x=ex`zm5q08]Fuy4c"><field name="OP">AND</field><value name="A"><block type="logic_compare" id="L_OHZ{0A:F*FtIZ}49Nq"><field name="OP">EQ</field><value name="A"><block type="singleVar" id="gsJpEh0bupoEKm|o)v1#"><field name="varName">ReligionVal</field></block></value><value name="B"><block type="math_number" id="Ti|sH^#`YUd](_zsfc,R"><field name="NUM">20</field></block></value></block></value><value name="B"><block type="logic_compare" id="at=Rugu.{lycR?=s`eLy"><field name="OP">EQ</field><value name="A"><block type="singleVar" id="6||W,6Jeh}61@a%pU7Lc"><field name="varName">AppearanceVal</field></block></value><value name="B"><block type="math_number" id="9EYI==_AU#PE~#,I[C-s"><field name="NUM">25</field></block></value></block></value></block></value></block></value><statement name="DO0"><block type="popup" id="+2Z2e/w{(2xv{2cqYBa."><field name="popuptext">Is he a student or is he planing a riot in the train? He should stay away from Orient Express!</field><next><block type="text_print" id="LO3WePDVQQnU~rHxl6/F"><value name="TEXT"><block type="text" id="W9L:FXblf}#nxSaru:f_"><field name="TEXT">Game Over! Is he a student or is he planing a riot in the train? He should stay away from Orient Express!</field></block></value><next><block type="gameover" id="RN[wM8N#}_4SXS6ZDzL6"></block></next></block></next></block></statement><next><block type="controls_if" id="/rNPT_qVt`{PNVEMGATT"><value name="IF0"><block type="logic_operation" id="9K?y?~0A`VrvO!s`!V}|"><field name="OP">AND</field><value name="A"><block type="logic_compare" id="-2bzT|Jz2?Y%T|1,bqaQ"><field name="OP">EQ</field><value name="A"><block type="singleVar" id="o)GVm-9hD~61m(R+!po2"><field name="varName">Station</field></block></value><value name="B"><block type="math_number" id=";zMhTg*2+77fpAcksQbJ"><field name="NUM">15</field></block></value></block></value><value name="B"><block type="logic_operation" id="*wRkV2YtLLYh!KpxM0V?"><field name="OP">AND</field><value name="A"><block type="logic_compare" id="w2BQd6Vxo)Wis,XnW?a}"><field name="OP">EQ</field><value name="A"><block type="singleVar" id="NfcETO@l(b)b@diX`(3t"><field name="varName">ReligionVal</field></block></value><value name="B"><block type="math_number" id=":SN#SaOo*_k^IP2{*(pO"><field name="NUM">18</field></block></value></block></value><value name="B"><block type="logic_compare" id="W4Re3xzWwq1RqHK}-l``"><field name="OP">EQ</field><value name="A"><block type="singleVar" id="qFs78p{jdBNz)uiE3^Lb"><field name="varName">AppearanceVal</field></block></value><value name="B"><block type="math_number" id="tO7@fSgrRHHT_Z=wvSuC"><field name="NUM">20</field></block></value></block></value></block></value></block></value><statement name="DO0"><block type="popup" id="efyd+N4!z0kn_|d0.RQO"><field name="popuptext">You have selected famous and reputable passengers. What is a student from Thibet doing here?</field><next><block type="text_print" id=":q.YK!*P[I~u?Z2mUvw["><value name="TEXT"><block type="text" id="+]#,4*a(DCtT2BD1Qi9v"><field name="TEXT">Game Over! You have selected famous and reputable passengers. What is a student from Thibet doing here?</field></block></value><next><block type="gameover" id="R2m@iTU94?(XXqIrZ5BO"></block></next></block></next></block></statement><next><block type="controls_if" id="=8cxS]#c@bZU4uX3+g!4"><value name="IF0"><block type="logic_operation" id="FDCpUoNPM*Q([=FcCLzd"><field name="OP">AND</field><value name="A"><block type="logic_compare" id="Pw;gG.qK3NaT5O`hmkG="><field name="OP">EQ</field><value name="A"><block type="singleVar" id="kL65afl^I|G!e:TPCmjV"><field name="varName">Station</field></block></value><value name="B"><block type="math_number" id="S+l3oq#-@%%8?LyD`3SX"><field name="NUM">21</field></block></value></block></value><value name="B"><block type="logic_operation" id="mn]Tp.-M!%~#=Iz-@!H:"><field name="OP">AND</field><value name="A"><block type="logic_compare" id="QsCbY!pr2aplFr6q6g/{"><field name="OP">EQ</field><value name="A"><block type="singleVar" id="hruRRBpKgao[#I]VyXo["><field name="varName">ReligionVal</field></block></value><value name="B"><block type="math_number" id="I9mXhrTb`.qi%c-_B?6i"><field name="NUM">18</field></block></value></block></value><value name="B"><block type="logic_compare" id="Z/xnPm7x53[1Czn@9%_0"><field name="OP">EQ</field><value name="A"><block type="singleVar" id="Sp3XlsV=AfG?=jn712RC"><field name="varName">AppearanceVal</field></block></value><value name="B"><block type="math_number" id="EZ6r]X{aB@=3}r@OYJQ]"><field name="NUM">26</field></block></value></block></value></block></value></block></value><statement name="DO0"><block type="popup" id="MktnoCyH.o/fEj@}({o)"><field name="popuptext">The worst choice for Orient Express: Activist and Unreligious!!</field><next><block type="text_print" id="`faFBMP1K/Nh3/2Y6((G"><value name="TEXT"><block type="text" id="*?z{W8WLtv]@VYL[wq[v"><field name="TEXT">Game Over! The worst choice for Orient Express: Activist and Unreligious!!</field></block></value><next><block type="gameover" id="h|+~`JI2#pHamxaDp?gr"></block></next></block></next></block></statement><next><block type="controls_if" id="TZSc)(i^I*LaIX|yZBWb"><value name="IF0"><block type="logic_operation" id=")K.fyYv%,);j|P`Pm}h-"><field name="OP">AND</field><value name="A"><block type="logic_compare" id="lQl?Lw2T@Wm9Fk]q~/A)"><field name="OP">EQ</field><value name="A"><block type="singleVar" id="/YESG1Na(0OY;V0^]2`S"><field name="varName">Station</field></block></value><value name="B"><block type="math_number" id="pOl=-l:,DrDUC/VC#IUa"><field name="NUM">27</field></block></value></block></value><value name="B"><block type="logic_operation" id="j,CPB=M:noy/,sxi%)#1"><field name="OP">AND</field><value name="A"><block type="logic_compare" id="Mv,KFdu[,U~a1?*H,xWW"><field name="OP">EQ</field><value name="A"><block type="singleVar" id="2Ku%`h,(`(Db~W;I{#1z"><field name="varName">ReligionVal</field></block></value><value name="B"><block type="math_number" id="[}J,^s44MOxZUVsfMwJr"><field name="NUM">22</field></block></value></block></value><value name="B"><block type="logic_compare" id=":3Vt[~I0Z7B8VWXKp?}0"><field name="OP">EQ</field><value name="A"><block type="singleVar" id="@XfEBWdlhmQG?1Pr~bAR"><field name="varName">AppearanceVal</field></block></value><value name="B"><block type="math_number" id="/ObFsw(2819#J%2x6C{`"><field name="NUM">28</field></block></value></block></value></block></value></block></value><statement name="DO0"><block type="popup" id="{-Vzq~0/?MTly9ogHy9z"><field name="popuptext">What do you think? Do you want Lo, an anarchist, to be travelling with the elite of Orient Express?</field><next><block type="text_print" id="*W*_V-}xX41}t:+QS=~x"><value name="TEXT"><block type="text" id="o69SbcDNO#EL8RXo,d^u"><field name="TEXT">Game Over! What do you think? Do you want Lo, an anarchist, to be travelling with the elite of Orient Express?</field></block></value><next><block type="gameover" id="]9G(+mg2EHZ3ug:!h4b["></block></next></block></next></block></statement><next><block type="controls_if" id="F[[d,PE#_e{v9rw!bG,]"><value name="IF0"><block type="logic_operation" id="7hr0yY6YY3|HKWrI,T3H"><field name="OP">AND</field><value name="A"><block type="logic_compare" id="1`xV,+1{)Y#zu4*x={`L"><field name="OP">EQ</field><value name="A"><block type="singleVar" id="WOLNgjxaSD/M4W(^4z86"><field name="varName">Station</field></block></value><value name="B"><block type="math_number" id="8;}YvOS,%(jUx)T/JC25"><field name="NUM">28</field></block></value></block></value><value name="B"><block type="logic_compare" id="-{h-GMw(9T`3HevjaNnp"><field name="OP">EQ</field><value name="A"><block type="singleVar" id="~X6^H}Mgn{P^Kv!}v!.v"><field name="varName">ReligionVal</field></block></value><value name="B"><block type="math_number" id="(4N,s.(oczbugdFI`RCi"><field name="NUM">22</field></block></value></block></value></block></value><statement name="DO0"><block type="popup" id="|]wj}{e|SEjgrSD]OYg?"><field name="popuptext"> A Muslim with burk? There is no seat for her!</field><next><block type="text_print" id="Hny/vdTKlQqe%|!3R;%e"><value name="TEXT"><block type="text" id="FBo5CPz(FxNsiCGTW0i{"><field name="TEXT">Game Over! A Muslim with burk? There is no seat for her!</field></block></value><next><block type="gameover" id="0-e(c;8CvxUbp@Omuqf+"></block></next></block></next></block></statement><next><block type="controls_if" id="Sm7^[+(L53yqQ#]-O=6b"><value name="IF0"><block type="logic_operation" id="Dn_Rjg,7FjWQqJJ7S]T6"><field name="OP">AND</field><value name="A"><block type="logic_compare" id="_Ximmpnl,mJiX.rEdr%U"><field name="OP">EQ</field><value name="A"><block type="singleVar" id="q2A%b53]W?R0Y-FI%@}Q"><field name="varName">Station</field></block></value><value name="B"><block type="math_number" id="@?*dq)FGk:M~;pQQc:oE"><field name="NUM">36</field></block></value></block></value><value name="B"><block type="logic_compare" id="M`KcIN_rP|~*U;zXEOPE"><field name="OP">EQ</field><value name="A"><block type="singleVar" id="FU3q^i.5MK`o[(U9]},7"><field name="varName">ReligionVal</field></block></value><value name="B"><block type="math_number" id="p8}fGt+2Y/#{K2s!137G"><field name="NUM">27</field></block></value></block></value></block></value><statement name="DO0"><block type="popup" id="pA1E?8`R?vCNx(r8wj]w"><field name="popuptext">Paco should travel with a caravan not with Orient Express!</field><next><block type="text_print" id="z?Fr1fo?^BHqgJrZQ7xt"><value name="TEXT"><block type="text" id="9!6sY5n%,ypIGpceMBXh"><field name="TEXT">Game Over! Paco should travel with a caravan not with Orient Express!</field></block></value><next><block type="gameover" id="^.Ho3QFO@o/Df:E,?~JQ"></block></next></block></next></block></statement><next><block type="controls_if" id="g?g`bB;@k-2}?FSSXHt}"><value name="IF0"><block type="logic_operation" id=")g}oF+N^tEz;cHl0y,xt"><field name="OP">AND</field><value name="A"><block type="logic_compare" id="ywH{%/@*E~lhx3o|gOD,"><field name="OP">EQ</field><value name="A"><block type="singleVar" id="B)7Vut@rmH.Td3?lijeb"><field name="varName">Station</field></block></value><value name="B"><block type="math_number" id=":UcCa1^+]iDpFBF+ABd|"><field name="NUM">44</field></block></value></block></value><value name="B"><block type="logic_compare" id="3F?N20lct2@ka;AsAg(-"><field name="OP">EQ</field><value name="A"><block type="singleVar" id="4q^%y+;-3PMlc,P|.Y`z"><field name="varName">ReligionVal</field></block></value><value name="B"><block type="math_number" id="FKViuCqL(i0F(!iRrj#B"><field name="NUM">30</field></block></value></block></value></block></value><statement name="DO0"><block type="popup" id="X^_YuN?%.IkVKCVLqx!+"><field name="popuptext">Since when retired workers are travelling with politicians, famous and rich people?</field><next><block type="text_print" id="|R++o,Zs~FJ!~LN;bM+_"><value name="TEXT"><block type="text" id="oLnm#FmeZ^n~E8R#qsJd"><field name="TEXT">Game Over! Since when retired workers are travelling with politicians, famous and rich people?</field></block></value><next><block type="gameover" id="SK+.O}htA`_j@[nAnTRZ"></block></next></block></next></block></statement><next><block type="controls_if" id="no@Q-{_2VL2G%Y#?W~kV"><value name="IF0"><block type="logic_operation" id="Vy86pjc]REtEkq2e)aoR"><field name="OP">AND</field><value name="A"><block type="logic_compare" id="C/^9P{vT2Yu}/*DyFH,b"><field name="OP">EQ</field><value name="A"><block type="singleVar" id="K.8d~=sY~6CjL*S}kKyN"><field name="varName">Station</field></block></value><value name="B"><block type="math_number" id="XEwL_I+VFv:anYsJ3}JE"><field name="NUM">45</field></block></value></block></value><value name="B"><block type="logic_compare" id="}A/ELZpU=x/uG;.Me*!q"><field name="OP">EQ</field><value name="A"><block type="singleVar" id="LG)5K8rWkvmO{KjjFo8;"><field name="varName">AppearanceVal</field></block></value><value name="B"><block type="math_number" id="D0EJAOm|-|%!X78{#W(a"><field name="NUM">39</field></block></value></block></value></block></value><statement name="DO0"><block type="popup" id="%8)?o6vv=]*NE9STRp6s"><field name="popuptext">He should travel with a simple train</field><next><block type="text_print" id="goku]4z8^mkvgx!IrD!w"><value name="TEXT"><block type="text" id="ENI`VKXR8-4@QFQ^.FyT"><field name="TEXT">Game Over! He should travel with a simple train</field></block></value><next><block type="gameover" id="OLCHQ3jg97xrn5!DL#`K"></block></next></block></next></block></statement><next><block type="controls_if" id="oUgd{3K~U[F@#aF]}ygA"><value name="IF0"><block type="logic_operation" id="E;Vi0de1L@GbtUk+KjMY"><field name="OP">AND</field><value name="A"><block type="logic_compare" id=",j@l(ine|P]{}parltYK"><field name="OP">NEQ</field><value name="A"><block type="singleVar" id="sOacd=^h)JAX)*4FrwA]"><field name="varName">Station</field></block></value><value name="B"><block type="math_number" id="KPg.rT-tZif;Us;KHIuD"><field name="NUM">1</field></block></value></block></value><value name="B"><block type="logic_compare" id="pU7NuWCU^_x_8(%6]]Ys"><field name="OP">EQ</field><value name="A"><block type="singleVar" id="Om,I;}|]j!2#QL.PGxW:"><field name="varName">Passenger</field></block></value><value name="B"><block type="math_number" id=";sHuy-fo.7i05P=)VaQ!"><field name="NUM">1</field></block></value></block></value></block></value><statement name="DO0"><block type="popup" id="Ej-Km)*q]uwY}3fYqr0e"><field name="popuptext"> You have to begin from the first station</field><next><block type="text_print" id="@t3)Xb+0RgcEmSS(%4Gj"><value name="TEXT"><block type="text" id="cC=c[(;XRLZrToaN%K=_"><field name="TEXT">Game Over! You have to begin from the first station</field></block></value><next><block type="gameover" id="4HQVqfotH^kkA//p=@@W"></block></next></block></next></block></statement><next><block type="controls_if" id="jh4%fNZEw}rwE0gTZ,K-"><value name="IF0"><block type="logic_operation" id="cBSxjpe4X;HLRs@g+F(x"><field name="OP">AND</field><value name="A"><block type="logic_compare" id="+AyPDpvyezn:thGh7D+3"><field name="OP">NEQ</field><value name="A"><block type="singleVar" id="pFxt8beFhd/8JXjR~i(["><field name="varName">Station</field></block></value><value name="B"><block type="math_number" id="(w1hwXXcx?~nv}gOEz+S"><field name="NUM">3</field></block></value></block></value><value name="B"><block type="logic_compare" id="GU^mZ%`=)u0YSv:Kc9-w"><field name="OP">EQ</field><value name="A"><block type="singleVar" id="j}a!LYmU{qUFLLuC`aZ`"><field name="varName">Passenger</field></block></value><value name="B"><block type="math_number" id="5PV)Z[i/wUK.8ES%XA9L"><field name="NUM">2</field></block></value></block></value></block></value><statement name="DO0"><block type="popup" id="@O/EGoo8^w-]=,^A-[Wu"><field name="popuptext">You have to visit the second station</field><next><block type="text_print" id="c]{tip|dV:-9:;*%=,%S"><value name="TEXT"><block type="text" id="c~Gk7E9ic=-t_Z+C@+Y)"><field name="TEXT">Game Over! You have to visit the second station</field></block></value><next><block type="gameover" id="S[,P#kH^m19oc]PN^MCX"></block></next></block></next></block></statement><next><block type="controls_if" id="UAPUpk*BDUA^_]p#-T5*"><value name="IF0"><block type="logic_operation" id="5akZu7kEeck;ZW8yW-8S"><field name="OP">AND</field><value name="A"><block type="logic_compare" id="@?jFR+-8d5#(c(5@MHh/"><field name="OP">NEQ</field><value name="A"><block type="singleVar" id="at^)+R~jg7#`=v[b#b~^"><field name="varName">Station</field></block></value><value name="B"><block type="math_number" id="1eXk~AgT7qGyD%Kem*pI"><field name="NUM">6</field></block></value></block></value><value name="B"><block type="logic_compare" id="7(=+oj^b6hFxr~]inOD-"><field name="OP">EQ</field><value name="A"><block type="singleVar" id="Q_#sv(3J.=McP?5p[}kQ"><field name="varName">Passenger</field></block></value><value name="B"><block type="math_number" id="dAM3z9Z^;DCDpbaTagQ]"><field name="NUM">3</field></block></value></block></value></block></value><statement name="DO0"><block type="popup" id="sQ[FcZ+^Mx5f:zDVG844"><field name="popuptext">You have to visit the third station</field><next><block type="text_print" id="3-hOu4Q+o%]%[~vdi7rv"><value name="TEXT"><block type="text" id="A|n8hfYO/Yy*E3u7A4zw"><field name="TEXT">Game Over! You have to visit the third station</field></block></value><next><block type="gameover" id="8J[N-y3qmgbl~+1Tb5TE"></block></next></block></next></block></statement><next><block type="controls_if" id="Kix^^N_,FA#Z`4TE];|w"><value name="IF0"><block type="logic_operation" id="~@{d;+VCv#W5a2GmCg6h"><field name="OP">AND</field><value name="A"><block type="logic_compare" id="Ih(gaOHCdF|)]0)Vi:Z1"><field name="OP">NEQ</field><value name="A"><block type="singleVar" id="UQEMEA,88c5)qD=@DW`5"><field name="varName">Station</field></block></value><value name="B"><block type="math_number" id="8{giK8Wq=?Pm%B~-){?f"><field name="NUM">10</field></block></value></block></value><value name="B"><block type="logic_compare" id="O}yI6`8i6dOAh.:g+3ZH"><field name="OP">EQ</field><value name="A"><block type="singleVar" id="SOH};0{#cs:^X@OA2lG^"><field name="varName">Passenger</field></block></value><value name="B"><block type="math_number" id="b_BNliUOxv!auah2H_iA"><field name="NUM">4</field></block></value></block></value></block></value><statement name="DO0"><block type="popup" id="Gyw?r`yruz[W~,Ex{LbG"><field name="popuptext">You have to visit the fourth station</field><next><block type="text_print" id="SI;g,#-,C7)3Qul0+=f~"><value name="TEXT"><block type="text" id="?fQHc{(j?y5-SpS_#j)v"><field name="TEXT">Game Over! You have to visit the fourth station</field></block></value><next><block type="gameover" id="4.l)1|2AX^jP0#DGXdGU"></block></next></block></next></block></statement><next><block type="controls_if" id="OaKJQu|qVGyPgl|zjJUq"><value name="IF0"><block type="logic_operation" id="2)Gr%2UDzkAHN+8WQY2q"><field name="OP">AND</field><value name="A"><block type="logic_compare" id="5Ax-`OrQo7y=th=)gr~|"><field name="OP">NEQ</field><value name="A"><block type="singleVar" id="?-/]@PZB(I.4)vfEXr+~"><field name="varName">Station</field></block></value><value name="B"><block type="math_number" id="_nC^JQd]BZ={SLwN4W|M"><field name="NUM">15</field></block></value></block></value><value name="B"><block type="logic_compare" id="at;SOeffoewXr3nX[ea2"><field name="OP">EQ</field><value name="A"><block type="singleVar" id="y~{i[%bg6a4+:7AzrHuD"><field name="varName">Passenger</field></block></value><value name="B"><block type="math_number" id="3cN0e6X`/AXu])/YM06d"><field name="NUM">5</field></block></value></block></value></block></value><statement name="DO0"><block type="popup" id="b^i!`I=Y{TaoORZ(~*[J"><field name="popuptext">You have to visit the fifth station</field><next><block type="text_print" id="ld~!^~NF[*SOZg0RhrW2"><value name="TEXT"><block type="text" id="n_Edc1)89aTSk^XySe0l"><field name="TEXT">Game Over! You have to visit the fifth station</field></block></value><next><block type="gameover" id="Bo7gSOo9Ef!c.vphDFS="></block></next></block></next></block></statement><next><block type="controls_if" id=":(`Z]8TcPx!DEcQH_Wye"><value name="IF0"><block type="logic_operation" id="Srfmt_}y[2]{:FYC,0IT"><field name="OP">AND</field><value name="A"><block type="logic_compare" id="N;GhPX8uv9m}L4jt^-#%"><field name="OP">NEQ</field><value name="A"><block type="singleVar" id="5l6v.~|]MC8U7!m}Uk(_"><field name="varName">Station</field></block></value><value name="B"><block type="math_number" id="R!_`f!p8Z|dL`w~Xyyi`"><field name="NUM">21</field></block></value></block></value><value name="B"><block type="logic_compare" id="S8,x8?d2,JUCkz^0FUtx"><field name="OP">EQ</field><value name="A"><block type="singleVar" id="J9VgD]bAAssfeBCfM,eA"><field name="varName">Passenger</field></block></value><value name="B"><block type="math_number" id="-*}BXy`27Q772JPA{f^+"><field name="NUM">6</field></block></value></block></value></block></value><statement name="DO0"><block type="popup" id=",.KNTXsd9lI8hlhQtU[F"><field name="popuptext">You have to visit the sixth station</field><next><block type="text_print" id="|,@ELI:qRVHZ]=X8kKZQ"><value name="TEXT"><block type="text" id="=eDOrQYt(oe:v?JdLeGh"><field name="TEXT">Game Over! You have to visit the sixth station</field></block></value><next><block type="gameover" id="STJ~@:[ZrhhtT-wGo4#y"></block></next></block></next></block></statement><next><block type="controls_if" id="PU=@@;dekR|GLm9/6_J."><value name="IF0"><block type="logic_operation" id="Jx*6|o0{`6a+zu%p!rim"><field name="OP">AND</field><value name="A"><block type="logic_compare" id="ad.X4,jvAl!fW)i;5ccJ"><field name="OP">NEQ</field><value name="A"><block type="singleVar" id="U|VKs*}cH,`N8^Fda1Pu"><field name="varName">Station</field></block></value><value name="B"><block type="math_number" id="gftLpWnG~zd~fU%4!]hn"><field name="NUM">28</field></block></value></block></value><value name="B"><block type="logic_compare" id="Q.ueI|EJj7.?J^V))kOh"><field name="OP">EQ</field><value name="A"><block type="singleVar" id="(HW[B}[EhJy]9nJ[^T#4"><field name="varName">Passenger</field></block></value><value name="B"><block type="math_number" id="g_|O-MR#qBNw[urKF),-"><field name="NUM">7</field></block></value></block></value></block></value><statement name="DO0"><block type="popup" id="4R.6~LFMy_RP+OekI1sH"><field name="popuptext">You have to visit the seventh station</field><next><block type="text_print" id="GTlqF6H|9xCCQ3;!P7*V"><value name="TEXT"><block type="text" id="@bL3buA[G?Qd@{Qs7`h)"><field name="TEXT">Game Over! You have to visit the seventh station</field></block></value><next><block type="gameover" id="RVorGketjG)cAl.sACai"></block></next></block></next></block></statement><next><block type="controls_if" id="i3|lC=cx/%T=#1nk2`qw"><value name="IF0"><block type="logic_operation" id="@,@m-~Pd.Vwh{paZGnPK"><field name="OP">AND</field><value name="A"><block type="logic_compare" id="Xs!oinlNAXOKyVUux;U}"><field name="OP">NEQ</field><value name="A"><block type="singleVar" id=";kUBEMKoP}u~S^5bC35="><field name="varName">Station</field></block></value><value name="B"><block type="math_number" id="8]xQO+/3B|+szaIV!sKM"><field name="NUM">36</field></block></value></block></value><value name="B"><block type="logic_compare" id="RA]gK`vq,H^6_Qn2;:MF"><field name="OP">EQ</field><value name="A"><block type="singleVar" id="i?l#szo3:=y3LK~FxMWK"><field name="varName">Passenger</field></block></value><value name="B"><block type="math_number" id="cBV%N#DV]D.izKD/Yk]%"><field name="NUM">8</field></block></value></block></value></block></value><statement name="DO0"><block type="popup" id="WL-D;9Y^Py8XdvEjm6P7"><field name="popuptext">You have to visit the 8th station</field><next><block type="text_print" id="Y3tuuEefrxXv,I7Y;Ns]"><value name="TEXT"><block type="text" id="?4:]Pq#g[r`eH5AxngR["><field name="TEXT">Game Over! You have to visit the 8th station</field></block></value><next><block type="gameover" id="KWP{~*-Y?8*ENjGJ/T=%"></block></next></block></next></block></statement><next><block type="controls_if" id="TB6_vl/2eCc^hfcn({vn"><value name="IF0"><block type="logic_operation" id="nL;b{*lV/.w?y^;#^Dw0"><field name="OP">AND</field><value name="A"><block type="logic_compare" id="@Hqw0Jq5n!rX2N|Ij5x}"><field name="OP">NEQ</field><value name="A"><block type="singleVar" id="/~,dZqXRnOEZ!O;i5.#a"><field name="varName">Station</field></block></value><value name="B"><block type="math_number" id="4mANEkY+FTv#,QCCW~jh"><field name="NUM">45</field></block></value></block></value><value name="B"><block type="logic_compare" id="d#FkZ~0!OSXkNOpfms0@"><field name="OP">EQ</field><value name="A"><block type="singleVar" id="E]NXc6nn{lvO,0T7p;@!"><field name="varName">Passenger</field></block></value><value name="B"><block type="math_number" id="cT4lfgav1:%eW/aZ()JB"><field name="NUM">9</field></block></value></block></value></block></value><statement name="DO0"><block type="popup" id="1J[v%uxLt-k!Om?WWS]U"><field name="popuptext">You have to visit the 9th station</field><next><block type="text_print" id="*bKP%gV9)qFSpo.:-uS{"><value name="TEXT"><block type="text" id="9Ls]YrRI^/.R6^-xf#7y"><field name="TEXT">Game Over! You have to visit the 9th station</field></block></value><next><block type="gameover" id="^C{r??n,3=IDI!wtN2:?"></block></next></block></next></block></statement></block></next></block></next></block></next></block></next></block></next></block></next></block></next></block></next></block></next></block></next></block></next></block></next></block></next></block></next></block></next></block></next></block></next></block></next></block></next></block></next></block></next></block></next></block></next></block></xml>