[{"id":133,"description":"Παέγια","values":{"Χρήματα":"15","Υγιεινό_Φαγητό":"2","Πελάτες_τη_μέρα":{"type":"rand","from":"-2","to":"1"},"Ζωικά_Προϊόντα":"-5","Λαχανικά":"-3"},"imguri":"","layers":"Main","isDummy":false,"latlng":{"lat":226.62448412429134,"lng":805.9105176163048}},{"id":136,"description":"Χωριάτικη","values":{"Χρήματα":"7","Υγιεινό_Φαγητό":"2","Πελάτες_τη_μέρα":{"type":"rand","from":"-1","to":"2"},"Ζωικά_Προϊόντα":"-2","Λαχανικά":"-3"},"imguri":"","layers":"Main","isDummy":false,"latlng":{"lat":227.89912771509472,"lng":89.26308159901942}},{"id":139,"description":"Hot Dog","values":{"Χρήματα":"3","Υγιεινό_Φαγητό":"-4","Πελάτες_τη_μέρα":{"type":"rand","from":"2","to":"5"},"Ζωικά_Προϊόντα":"-1","Λαχανικά":"-1"},"imguri":"","layers":"Main","isDummy":false,"latlng":{"lat":100.7110875679402,"lng":643.1218257191844}},{"id":142,"description":"Burger","values":{"Χρήματα":"10","Υγιεινό_Φαγητό":"-3","Πελάτες_τη_μέρα":{"type":"rand","from":"2","to":"5"},"Ζωικά_Προϊόντα":"-3","Λαχανικά":"-2"},"imguri":"","layers":"Main","isDummy":false,"latlng":{"lat":151.46659500441078,"lng":925.2999737855341}},{"id":145,"description":"Τοστ","values":{"Χρήματα":"2","Υγιεινό_Φαγητό":"1","Πελάτες_τη_μέρα":{"type":"rand","from":"-2","to":"1"},"Ζωικά_Προϊόντα":"-1","Λαχανικά":"-1"},"imguri":"","layers":"Main","isDummy":false,"latlng":{"lat":107.90892087129788,"lng":533.5631317286093}},{"id":148,"description":"Πουρές Λαχανικών","values":{"Χρήματα":"5","Υγιεινό_Φαγητό":"3","Πελάτες_τη_μέρα":{"type":"rand","from":"-20","to":"-1"},"Ζωικά_Προϊόντα":"0","Λαχανικά":"-3"},"imguri":"","layers":"Main","isDummy":false,"latlng":{"lat":427.10082648069437,"lng":276.5579383647788}},{"id":151,"description":"Ψάρι στο φούρνο","values":{"Χρήματα":"12","Υγιεινό_Φαγητό":"5","Πελάτες_τη_μέρα":{"type":"rand","from":"-4","to":"-1"},"Ζωικά_Προϊόντα":"-3","Λαχανικά":"-3"},"imguri":"","layers":"Main","isDummy":false,"latlng":{"lat":300.00973208392196,"lng":556.999969462378}},{"id":154,"description":"Παγωτό","values":{"Χρήματα":"4","Υγιεινό_Φαγητό":"-1","Πελάτες_τη_μέρα":{"type":"rand","from":"0","to":"3"},"Ζωικά_Προϊόντα":"-2","Λαχανικά":"0"},"imguri":"","layers":"Main","isDummy":false,"latlng":{"lat":411.9805205640858,"lng":528}},{"id":157,"description":"Καρμπονάρα","values":{"Χρήματα":"9","Υγιεινό_Φαγητό":"-2","Πελάτες_τη_μέρα":{"type":"rand","from":"0","to":"3"},"Ζωικά_Προϊόντα":"-3","Λαχανικά":"-2"},"imguri":"","layers":"Main","isDummy":false,"latlng":{"lat":240,"lng":271.35786422822275}},{"id":160,"description":"Βιολογικά Λαχανικά","values":{"Χρήματα":"-25","Υγιεινό_Φαγητό":"2","Πελάτες_τη_μέρα":{"type":"plus","num":"0"},"Ζωικά_Προϊόντα":"0","Λαχανικά":"4"},"imguri":"","layers":"storage","isDummy":false,"latlng":{"lat":300.56743675317546,"lng":649.8736754675372}},{"id":161,"description":"Βιολογικά Φρούτα","values":{"Χρήματα":"-20","Υγιεινό_Φαγητό":"2","Πελάτες_τη_μέρα":{"type":"plus","num":"0"},"Ζωικά_Προϊόντα":"0","Λαχανικά":"3"},"imguri":"","layers":"storage","isDummy":false,"latlng":{"lat":328.10084174876465,"lng":780.63165743125}},{"id":162,"description":"Φρούτα κονσέρβα","values":{"Χρήματα":"-10","Υγιεινό_Φαγητό":"-5","Πελάτες_τη_μέρα":{"type":"plus","num":"0"},"Ζωικά_Προϊόντα":"0","Λαχανικά":"5"},"imguri":"","layers":"storage","isDummy":false,"latlng":{"lat":427.75452212482185,"lng":545.9104870786825}},{"id":163,"description":"Κατεψυγμένα ψάρια","values":{"Χρήματα":"-20","Υγιεινό_Φαγητό":"-3","Πελάτες_τη_μέρα":{"type":"plus","num":"0"},"Ζωικά_Προϊόντα":"4","Λαχανικά":"0"},"imguri":"","layers":"storage","isDummy":false,"latlng":{"lat":410.22111712923265,"lng":158.05255965955826}},{"id":164,"description":"Διαφήμιση","values":{"Χρήματα":"-30","Υγιεινό_Φαγητό":"-5","Πελάτες_τη_μέρα":{"type":"plus","num":"15"},"Ζωικά_Προϊόντα":"0","Λαχανικά":"0"},"imguri":"","layers":"office","isDummy":false,"latlng":{"lat":241.54080336496224,"lng":851.3454767471953}},{"id":165,"description":"Πρόσληψη Προσωπικού","values":{"Χρήματα":"-30","Υγιεινό_Φαγητό":"10","Πελάτες_τη_μέρα":{"type":"plus","num":"5"},"Ζωικά_Προϊόντα":"0","Λαχανικά":"0"},"imguri":"","layers":"office","isDummy":false,"latlng":{"lat":324.3820458205714,"lng":654.0748581054876}},{"id":166,"description":"Πήγαινε στην αποθήκη","values":{"Χρήματα":"0","Υγιεινό_Φαγητό":"0","Πελάτες_τη_μέρα":{"type":"plus","num":"0"},"Ζωικά_Προϊόντα":"0","Λαχανικά":"0"},"imguri":"","layers":"Main","isDummy":true,"latlng":{"lat":148.4422647946059,"lng":40.563146997420176}},{"id":169,"description":"Στην κουζίνα","values":{"Χρήματα":"0","Υγιεινό_Φαγητό":"0","Πελάτες_τη_μέρα":{"type":"plus","num":"0"},"Ζωικά_Προϊόντα":"0","Λαχανικά":"0"},"imguri":"","layers":"storage","isDummy":true,"latlng":{"lat":398.64884487023687,"lng":967.5052718235427}},{"id":170,"description":"Πήγαινε στο γραφείο","values":{"Χρήματα":"0","Υγιεινό_Φαγητό":"0","Πελάτες_τη_μέρα":{"type":"plus","num":"0"},"Ζωικά_Προϊόντα":"0","Λαχανικά":"0"},"imguri":"","layers":"Main","isDummy":true,"latlng":{"lat":102.5577046692535,"lng":44.56839380208942}},{"id":173,"description":"Στην κουζίνα","values":{"Χρήματα":"0","Υγιεινό_Φαγητό":"0","Πελάτες_τη_μέρα":{"type":"plus","num":"0"},"Ζωικά_Προϊόντα":"0","Λαχανικά":"0"},"imguri":"","layers":"office","isDummy":true,"latlng":{"lat":321.25558460623324,"lng":287.1110054890688}},{"id":174,"description":"Ανοιχτό όλη μέρα","values":{"Χρήματα":"20","Υγιεινό_Φαγητό":"-15","Πελάτες_τη_μέρα":{"type":"plus","num":"10"},"Ζωικά_Προϊόντα":"0","Λαχανικά":"0"},"imguri":"","layers":"office","isDummy":false,"latlng":{"lat":401.2065495394903,"lng":115.93151246938692}},{"id":175,"description":"Προτηγανισμένες πατάτες","values":{"Χρήματα":"-7","Υγιεινό_Φαγητό":"-6","Πελάτες_τη_μέρα":{"type":"plus","num":"0"},"Ζωικά_Προϊόντα":"0","Λαχανικά":"6"},"imguri":"","layers":"storage","isDummy":false,"latlng":{"lat":271.859820839915,"lng":398.19474020042765}},{"id":176,"description":"Σούσι","values":{"Χρήματα":"9","Υγιεινό_Φαγητό":"1","Πελάτες_τη_μέρα":{"type":"rand","from":"-2","to":"1"},"Ζωικά_Προϊόντα":"-2","Λαχανικά":"-2"},"imguri":"","layers":"Main","isDummy":false,"latlng":{"lat":126.68287662782308,"lng":415.56841670530616}},{"id":179,"description":"Τηγανιτές πατάτες","values":{"Χρήματα":"5","Υγιεινό_Φαγητό":"-2","Πελάτες_τη_μέρα":{"type":"rand","from":"1","to":"4"},"Ζωικά_Προϊόντα":"-1","Λαχανικά":"-2"},"imguri":"","layers":"Main","isDummy":false,"latlng":{"lat":106.26494204302202,"lng":956.4473771495402}},{"id":182,"description":"Φακές","values":{"Χρήματα":"6","Υγιεινό_Φαγητό":"3","Πελάτες_τη_μέρα":{"type":"rand","from":"-4","to":"-1"},"Ζωικά_Προϊόντα":"-1","Λαχανικά":"-2"},"imguri":"","layers":"Main","isDummy":false,"latlng":{"lat":224.75947977520465,"lng":695.0895129213175}},{"id":185,"description":"Pancakes","values":{"Χρήματα":"8","Υγιεινό_Φαγητό":"-4","Πελάτες_τη_μέρα":{"type":"rand","from":"1","to":"4"},"Ζωικά_Προϊόντα":"-2","Λαχανικά":"-2"},"imguri":"","layers":"Main","isDummy":false,"latlng":{"lat":132.38521742349,"lng":311.47364934491384}},{"id":188,"description":"Αυγά με μπέικον","values":{"Χρήματα":"7","Υγιεινό_Φαγητό":"-3","Πελάτες_τη_μέρα":{"type":"rand","from":"1","to":"4"},"Ζωικά_Προϊόντα":"-3","Λαχανικά":"-1"},"imguri":"","layers":"Main","isDummy":false,"latlng":{"lat":268.3657532556461,"lng":638.9894911218505}},{"id":191,"description":"Φιλέτο κοτόπουλο","values":{"Χρήματα":"10","Υγιεινό_Φαγητό":"2","Πελάτες_τη_μέρα":{"type":"rand","from":"-15","to":"8"},"Ζωικά_Προϊόντα":"-4","Λαχανικά":"-1"},"imguri":"","layers":"Main","isDummy":false,"latlng":{"lat":258.8991887873759,"lng":801.1895347207846}},{"id":194,"description":"Λουκουμάδες","values":{"Χρήματα":"4","Υγιεινό_Φαγητό":"-5","Πελάτες_τη_μέρα":{"type":"rand","from":"3","to":"6"},"Ζωικά_Προϊόντα":"-2","Λαχανικά":"-2"},"imguri":"","layers":"Main","isDummy":false,"latlng":{"lat":350.995133958039,"lng":466.22631579430754}},{"id":197,"description":"Αναβάθμιση εξοπλισμού","values":{"Χρήματα":"-40","Υγιεινό_Φαγητό":"15","Πελάτες_τη_μέρα":{"type":"plus","num":"0"},"Ζωικά_Προϊόντα":"0","Λαχανικά":"0"},"imguri":"","layers":"office","isDummy":false,"latlng":{"lat":489.1672155982017,"lng":522.7128327890318}},{"id":198,"description":"Συντήρηση συσκευών","values":{"Χρήματα":"-20","Υγιεινό_Φαγητό":"5","Πελάτες_τη_μέρα":{"type":"plus","num":"0"},"Ζωικά_Προϊόντα":"0","Λαχανικά":"0"},"imguri":"","layers":"office","isDummy":false,"latlng":{"lat":416.7400188717619,"lng":418.71789608017104}},{"id":199,"description":"Κρέας ελευθέρας βοσκής","values":{"Χρήματα":"-30","Υγιεινό_Φαγητό":"4","Πελάτες_τη_μέρα":{"type":"plus","num":"0"},"Ζωικά_Προϊόντα":"3","Λαχανικά":"0"},"imguri":"","layers":"storage","isDummy":false,"latlng":{"lat":284.00486604196095,"lng":170.9525378600913}},{"id":200,"description":"Ελαιόλαδο","values":{"Χρήματα":"-15","Υγιεινό_Φαγητό":"2","Πελάτες_τη_μέρα":{"type":"plus","num":"0"},"Ζωικά_Προϊόντα":"0","Λαχανικά":"3"},"imguri":"","layers":"storage","isDummy":false,"latlng":{"lat":480.29761340012215,"lng":664.8737365427817}},{"id":201,"description":"Φοινικέλαιο","values":{"Χρήματα":"-10","Υγιεινό_Φαγητό":"-4","Πελάτες_τη_μέρα":{"type":"plus","num":"0"},"Ζωικά_Προϊόντα":"0","Λαχανικά":"5"},"imguri":"","layers":"storage","isDummy":false,"latlng":{"lat":362.8699925356101,"lng":669.0841668693761}},{"id":202,"description":"Συσκευασμένα λαχανικά","values":{"Χρήματα":"-10","Υγιεινό_Φαγητό":"-3","Πελάτες_τη_μέρα":{"type":"plus","num":"0"},"Ζωικά_Προϊόντα":"0","Λαχανικά":"3"},"imguri":"","layers":"storage","isDummy":false,"latlng":{"lat":360.77398629266577,"lng":401.3420703733764}},{"id":203,"description":"Κρέμα γάλακτος","values":{"Χρήματα":"-10","Υγιεινό_Φαγητό":"-3","Πελάτες_τη_μέρα":{"type":"plus","num":"0"},"Ζωικά_Προϊόντα":"2","Λαχανικά":"0"},"imguri":"","layers":"storage","isDummy":false,"latlng":{"lat":460.40823303701967,"lng":411.90520210198554}},{"id":204,"description":"Μπριαμ","values":{"Χρήματα":"11","Υγιεινό_Φαγητό":"5","Πελάτες_τη_μέρα":{"type":"rand","from":"-5","to":"-2"},"Ζωικά_Προϊόντα":"-2","Λαχανικά":"-3"},"imguri":"","layers":"Main","isDummy":false,"latlng":{"lat":290.44716137270746,"lng":158.37888198452163}},{"id":207,"description":"Γαλοπούλα","values":{"Χρήματα":"12","Υγιεινό_Φαγητό":"4","Πελάτες_τη_μέρα":{"type":"rand","from":"-5","to":"-2"},"Ζωικά_Προϊόντα":"-4","Λαχανικά":"-2"},"imguri":"","layers":"Main","isDummy":false,"latlng":{"lat":162.34148411812245,"lng":787.6579296266236}},{"id":210,"description":"Μουσακάς","values":{"Χρήματα":"9","Υγιεινό_Φαγητό":"3","Πελάτες_τη_μέρα":{"type":"rand","from":"-30","to":"9"},"Ζωικά_Προϊόντα":"-2","Λαχανικά":"-3"},"imguri":"","layers":"Main","isDummy":false,"latlng":{"lat":154.30536399238372,"lng":634.9013316645332}}]