[{"id":32,"description":"ΝΕΡΟ","values":["-4","9","2","-2","ΤΕΣΣΕΡΑ ΕΥΡΩ","ΕΝΝΕΑ ΦΟΡΕΣ ΠΕΡΙΣΣΟΤΕΡΑ ΤΕΜΑΧΙΑ ΑΠΟ ΤΗ ΣΟΚΟΛΑΤΑ"],"imguri":"","layers":"Main","isDummy":false,"latlng":{"lat":69.82980600221725,"lng":-174.50020189062752}},{"id":35,"description":"ΑΥΓΑ","values":["-8","4","2","2","ΤΕΣΣΕΡΙΣ ΦΟΡΕΣ ΠΙΟ ΑΚΡΙΒΑ ΑΠΟ ΤΙΣ ΝΤΟΜΑΤΕΣ","ΤΕΣΣΕΡΑ ΤΕΜΑΧΙΑ"],"imguri":"","layers":"Main","isDummy":false,"latlng":{"lat":82.49848392965433,"lng":-132.08450594198675}},{"id":38,"description":"ΑΝΑΨΥΚΤΙΚΑ","values":["-5","10","-5","5","ΠΕΝΤΕ ΕΥΡΩ","ΠΕΝΤΕ ΦΟΡΕΣ ΠΕΡΙΣΣΟΤΕΡΑ ΤΕΜΑΧΙΑ ΑΠΟ ΤΑ ΛΕΜΟΝΙΑ"],"imguri":"","layers":"Main","isDummy":false,"latlng":{"lat":82.74190139770508,"lng":-47.606483459472656}},{"id":41,"description":"ΤΥΡΙ","values":["-8","2","2","-1","ΟΚΤΩ ΕΥΡΩ","ΔΥΟ ΦΟΡΕΣ ΠΕΡΙΣΣΟΤΕΡΑ ΤΕΜΑΧΙΑ ΑΠΟ ΤΙΣ ΜΠΡΙΖΟΛΕΣ"],"imguri":"","layers":"Main","isDummy":false,"latlng":{"lat":76.6702168720863,"lng":20.583885010082895}},{"id":44,"description":"ΜΠΙΣΚΟΤΑ","values":["-10","4","-4","5","ΔΕΚΑ ΦΟΡΕΣ ΠΙΟ ΑΚΡΙΒΑ ΑΠΟ ΤΙΣ ΠΑΤΑΤΕΣ","ΤΕΣΣΕΡΑ ΤΕΜΑΧΙΑ"],"imguri":"","layers":"Main","isDummy":false,"latlng":{"lat":96.66415259070365,"lng":83.91729581363961}},{"id":47,"description":"ΛΕΜΟΝΙΑ","values":["-4","2","3","-4","ΔΥΟ ΦΟΡΕΣ ΠΙΟ ΑΚΡΙΒΑ ΑΠΟ ΤΑ ΜΗΛΑ","ΔΥΟ ΤΕΜΑΧΙΑ"],"imguri":"","layers":"Main","isDummy":false,"latlng":{"lat":76,"lng":117.50060567188251}},{"id":50,"description":"ΣΟΚΟΛΑΤΑ","values":["-1","1","-2","2","ΕΝΑ ΕΥΡΩ","ΕΝΑ ΤΕΜΑΧΙΟ"],"imguri":"","layers":"Main","isDummy":false,"latlng":{"lat":96.06387963881994,"lng":153.3346221473218}},{"id":53,"description":"ΧΥΜΟΣ","values":["-8","4","4","-3","ΔΥΟ ΦΟΡΕΣ ΠΙΟ ΑΚΡΙΒΟΣ ΑΠΟ ΤΟ ΚΕΪΚ","ΤΕΣΣΕΡΑ ΤΕΜΑΧΙΑ"],"imguri":"","layers":"Main","isDummy":false,"latlng":{"lat":17.670209247318454,"lng":-190.83461451731117}},{"id":56,"description":"ΓΑΛΑ","values":["-6","3","4","2","ΕΞΙ ΦΟΡΕΣ ΠΙΟ ΑΚΡΙΒΟ ΑΠΟ ΤΙΣ ΠΑΤΑΤΕΣ","ΤΡΙΑ ΤΕΜΑΧΙΑ"],"imguri":"","layers":"Main","isDummy":false,"latlng":{"lat":26.408838719725964,"lng":-143.667404388964}},{"id":59,"description":"ΠΑΤΑΤΑΚΙΑ","values":["-4","2","-3","3","ΔΥΟ ΦΟΡΕΣ ΠΙΟ ΑΚΡΙΒΑ ΑΠΟ ΤΙΣ ΝΤΟΜΑΤΕΣ","ΔΥΟ ΤΕΜΑΧΙΑ"],"imguri":"","layers":"Main","isDummy":false,"latlng":{"lat":9.767434808975139,"lng":-105.0012113437651}},{"id":62,"description":"ΨΩΜΙ","values":["-6","6","3","-2","ΔΥΟ ΦΟΡΕΣ ΠΙΟ ΑΚΡΙΒΟ ΑΠΟ ΤΟ ΜΠΕΪΚΟΝ","ΕΞΙ ΤΕΜΑΧΙΑ"],"imguri":"","layers":"Main","isDummy":false,"latlng":{"lat":30.82222565048893,"lng":-57.834203106045464}},{"id":65,"description":"ΚΕΪΚ","values":["-4","8","-5","5"," ΤΕΣΣΕΡΑ ΕΥΡΩ","ΟΚΤΩ ΦΟΡΕΣ ΠΕΡΙΣΣΟΤΕΡΑ ΤΕΜΑΧΙΑ ΑΠΟ ΤΙΣ ΜΠΡΙΖΟΛΕΣ"],"imguri":"","layers":"Main","isDummy":false,"latlng":{"lat":28.018516540527344,"lng":-1.8889007568359375}},{"id":68,"description":"ΠΑΓΩΤΟ","values":["-6","3","-5","4","ΤΡΕΙΣ ΦΟΡΕΣ ΠΙΟ ΑΚΡΙΒΟ ΑΠΟ ΤΑ ΜΗΛΑ","ΤΡΙΑ ΤΕΜΑΧΙΑ"],"imguri":"","layers":"Main","isDummy":false,"latlng":{"lat":7.752274105518495,"lng":25.25010094531376}},{"id":71,"description":"ΦΡΑΟΥΛΕΣ","values":["-7","2","2","2","ΕΠΤΑ ΦΟΡΕΣ ΠΙΟ ΑΚΡΙΒΕΣ ΑΠΟ ΤΗ ΣΟΚΟΛΑΤΑ","ΔΥΟ ΤΕΜΑΧΙΑ"],"imguri":"","layers":"Main","isDummy":false,"latlng":{"lat":15.314804077148438,"lng":79.61111450195312}},{"id":74,"description":"ΜΠΑΝΑΝΕΣ","values":["-8","2","4","-1","ΟΚΤΩ ΦΟΡΕΣ ΠΙΟ ΑΚΡΙΒΕΣ ΑΠΟ ΤΙΣ ΠΑΤΑΤΕΣ","ΔΥΟ ΤΕΜΑΧΙΑ"],"imguri":"","layers":"Main","isDummy":false,"latlng":{"lat":36.916419071454285,"lng":125.25030283594128}},{"id":77,"description":"ΜΗΛΑ","values":["-2","4","5","-3","ΔΥΟ ΕΥΡΩ","ΤΕΣΣΕΡΙΣ ΦΟΡΕΣ ΠΕΡΙΣΣΟΤΕΡΑ ΤΕΜΑΧΙΑ ΑΠΟ ΤΟ ΜΕΛΙ"],"imguri":"","layers":"Main","isDummy":false,"latlng":{"lat":15.582064858200042,"lng":166.1682043214634}},{"id":80,"description":"ΜΠΡΙΖΟΛΕΣ","values":["-9","1","3","4","ΤΡΕΙΣ ΦΟΡΕΣ ΠΙΟ ΑΚΡΙΒΕΣ ΑΠΟ ΤΟ ΜΠΕΪΚΟΝ","ΕΝΑ ΤΕΜΑΧΙΟ"],"imguri":"","layers":"Main","isDummy":false,"latlng":{"lat":-30.25379017586414,"lng":-192.0022207969027}},{"id":83,"description":"ΣΑΛΑΜΙ","values":["-5","2","-3","2","ΠΕΝΤΕ ΕΥΡΩ","ΔΥΟ ΦΟΡΕΣ ΠΕΡΙΣΣΟΤΕΡΑ ΤΕΜΑΧΙΑ ΑΠΟ ΤΗ ΜΑΓΙΟΝΕΖΑ"],"imguri":"","layers":"Main","isDummy":false,"latlng":{"lat":-44.256822316555485,"lng":-150.0012113437651}},{"id":86,"description":"ΜΠΕΪΚΟΝ","values":["-3","2","-2","3","ΤΡΙΑ ΕΥΡΩ","ΔΥΟ ΦΟΡΕΣ ΠΕΡΙΣΣΟΤΕΡΑ ΤΕΜΑΧΙΑ ΑΠΟ ΤΟ ΜΕΛΙ"],"imguri":"","layers":"Main","isDummy":false,"latlng":{"lat":-35.25075803517282,"lng":-105.0841021607317}},{"id":89,"description":"ΓΙΑΟΥΡΤΙ","values":["-7","3","2","1","ΕΠΤΑ ΦΟΡΕΣ ΠΙΟ ΑΚΡΙΒΟ ΑΠΟ ΤΙΣ ΠΑΤΑΤΕΣ","ΤΡΙΑ ΤΕΜΑΧΙΑ"],"imguri":"","layers":"Main","isDummy":false,"latlng":{"lat":-50.66717710662712,"lng":-53.91690729240588}},{"id":92,"description":"DONUTS","values":["-10","5","-5","5","ΠΕΝΤΕ ΦΟΡΕΣ ΠΙΟ ΑΚΡΙΒΑ ΑΠΟ ΤΑ ΜΗΛΑ","ΠΕΝΤΕ ΤΕΜΑΧΙΑ"],"imguri":"","layers":"Main","isDummy":false,"latlng":{"lat":-51,"lng":9.750100945313761}},{"id":95,"description":"ΠΑΤΑΤΕΣ","values":["-1","3","3","-2","ΕΝΑ ΕΥΡΩ","ΤΡΕΙΣ ΦΟΡΕΣ ΠΕΡΙΣΣΟΤΕΡΑ ΤΕΜΑΧΙΑ ΑΠΟ ΤΙΣ ΜΠΡΙΖΟΛΕΣ"],"imguri":"","layers":"Main","isDummy":false,"latlng":{"lat":-45.75075803517285,"lng":83.16719486832585}},{"id":98,"description":"ΝΤΟΜΑΤΕΣ","values":["-2","4","4","-3","ΔΥΟ ΕΥΡΩ","ΔΥΟ ΦΟΡΕΣ ΠΕΡΙΣΣΟΤΕΡΑ ΤΕΜΑΧΙΑ ΑΠΟ ΤΙΣ ΦΡΑΟΥΛΕΣ"],"imguri":"","layers":"Main","isDummy":false,"latlng":{"lat":-41.252274105518495,"lng":156.58472309263556}},{"id":101,"description":"ΜΑΓΙΟΝΕΖΑ","values":["-3","1","-1","1","ΤΡΕΙΣ ΦΟΡΕΣ ΠΙΟ ΑΚΡΙΒΗ ΑΠΟ ΤΙΣ ΠΑΤΑΤΕΣ","ΕΝΑ ΤΕΜΑΧΙΟ"],"imguri":"","layers":"Main","isDummy":false,"latlng":{"lat":-84.09117652980973,"lng":-192.83542207982123}},{"id":104,"description":"ΜΕΛΙ","values":["-8","1","3","4","ΔΥΟ ΦΟΡΕΣ ΠΙΟ ΑΚΡΙΒΟ ΑΠΟ ΤΟ ΝΕΡΟ","ΕΝΑ ΤΕΜΑΧΙΟ"],"imguri":"","layers":"Main","isDummy":false,"latlng":{"lat":-111.50303214069135,"lng":-126.58390790011485}},{"id":107,"description":"HOT DOG","values":["-5","1","-1","3","ΠΕΝΤΕ ΦΟΡΕΣ ΠΙΟ ΑΚΡΙΒΟ ΑΠΟ ΤΗ ΣΟΚΟΛΑΤΑ","ΕΝΑ ΤΕΜΑΧΙΟ"],"imguri":"","layers":"Main","isDummy":false,"latlng":{"lat":-110.08656732062994,"lng":-57.4173110736609}},{"id":110,"description":"ΚΟΝΣΕΡΒΑ","values":["-8","4","-3","-5","ΤΕΣΣΕΡΙΣ ΦΟΡΕΣ ΠΙΟ ΑΚΡΙΒΗ ΑΠΟ ΤΑ ΜΗΛΑ","ΤΕΣΣΕΡΑ ΤΕΜΑΧΙΑ"],"imguri":"","layers":"Main","isDummy":false,"latlng":{"lat":-111.83888717475554,"lng":-5.250504726568806}},{"id":113,"description":"ΣΟΥΠΑ_ΛΑΧΑΝΙΚΩΝ","values":["-4","5","4","-3","ΔΥΟ ΦΟΡΕΣ ΠΙΟ ΑΚΡΙΒΗ ΑΠΟ ΤΙΣ ΝΤΟΜΑΤΕΣ","ΠΕΝΤΕ ΤΕΜΑΧΙΑ"],"imguri":"","layers":"Main","isDummy":false,"latlng":{"lat":-87.08054878785435,"lng":29.00080756251009}},{"id":116,"description":"ΜΑΡΜΕΛΑΔΑ","values":["-5","2","1","-1","ΠΕΝΤΕ ΕΥΡΩ","ΔΥΟ ΦΟΡΕΣ ΠΕΡΙΣΣΟΤΕΡΑ ΤΕΜΑΧΙΑ ΑΠΟ ΤΑ HOT DOG"],"imguri":"","layers":"Main","isDummy":false,"latlng":{"lat":-112.25530624620984,"lng":99.58593443640069}},{"id":119,"description":"ΚΡΟΥΑΣΑΝ","values":["-7","7","-5","4","ΕΠΤΑ ΕΥΡΩ","ΕΠΤΑ ΦΟΡΕΣ ΠΕΡΙΣΣΟΤΕΡΑ ΤΕΜΑΧΙΑ ΑΠΟ ΤΟ ΜΕΛΙ"],"imguri":"","layers":"Main","isDummy":false,"latlng":{"lat":-81.60633723326637,"lng":155.83502592857684}}]