<xml xmlns="http://www.w3.org/1999/xhtml"><block type="controls_if" id="oUgd{3K~U[F@#aF]}ygA" x="147" y="-670"><mutation elseif="2"></mutation><value name="IF0"><block type="logic_operation" id=".:!53QRuUZt(Oi::}E]B"><field name="OP">AND</field><value name="A"><block type="logic_compare" id="089J?[SEZJhmC*,pk|w-"><field name="OP">LTE</field><value name="A"><block type="singleVar" id="1d~mJ%)x.QhyXSNKVXM7"><field name="varName">ΔΙΑΘΕΣΙΜΑ_ΕΥΡΩ</field></block></value><value name="B"><block type="math_number" id="4I{(3ZLHLNO0|DDJu]N)"><field name="NUM">0</field></block></value></block></value><value name="B"><block type="logic_operation" id="ApB.!|S^/S6#azajSqh^"><field name="OP">AND</field><value name="A"><block type="logic_compare" id="KS.h:2tTbFMd;}oGzbi7"><field name="OP">GT</field><value name="A"><block type="singleVar" id="t/+y^L8|#d-/aO8bhDhc"><field name="varName">ΥΓΕΙΑ</field></block></value><value name="B"><block type="math_number" id="CKcI.Xp!Y{*-67DT!8`~"><field name="NUM">0</field></block></value></block></value><value name="B"><block type="logic_compare" id=";m!s5dCNm;d5wioS*0}U"><field name="OP">GT</field><value name="A"><block type="singleVar" id="LmPD@Zlh:%VvuE@dhiTx"><field name="varName">ΕΥΧΑΡΙΣΤΗΣΗ</field></block></value><value name="B"><block type="math_number" id=":ZbC.w(j@dpg70SQs+g{"><field name="NUM">0</field></block></value></block></value></block></value></block></value><statement name="DO0"><block type="popup" id="TwZ;g?l+)6GJkWVEiH=3"><field name="popuptext">Συγχαρητήρια για τις αγορές σου! Μπορείς να δεις το σκορ των τεμαχίων σου στο ιστορικό σου!</field><next><block type="sound" id="hp}u(9@g*ebW-T7e#M)."><field name="NAME">cheering</field><next><block type="gameover" id="=9v{YFJ4kMUhx=s^?mZ*"></block></next></block></next></block></statement><value name="IF1"><block type="logic_operation" id="-[ht._@hF^BOY,ktPI,R"><field name="OP">AND</field><value name="A"><block type="logic_compare" id="_a*{us_sh0v25il+I.CD"><field name="OP">LTE</field><value name="A"><block type="singleVar" id="+_4HWWHYa=}4q3N4RKoX"><field name="varName">ΔΙΑΘΕΣΙΜΑ_ΕΥΡΩ</field></block></value><value name="B"><block type="math_number" id="TeioTLAQf/o2o.)W3(GK"><field name="NUM">0</field></block></value></block></value><value name="B"><block type="logic_compare" id="Gzrq?:bSyZv/3uheXh:E"><field name="OP">LTE</field><value name="A"><block type="singleVar" id="Ud2QNJtJ,9X;)D(qUZqC"><field name="varName">ΥΓΕΙΑ</field></block></value><value name="B"><block type="math_number" id="(hxli/|_z/tjCgaXP`}w"><field name="NUM">0</field></block></value></block></value></block></value><statement name="DO1"><block type="popup" id="L1igKW)so,,ZN3b9X%Ux"><field name="popuptext">Αν και ξόδεψες όλα σου τα χρήματα, έχασες επειδή στην τελευταία αγορά σου δεν πρόσεξες την υγεία σου! Ήσουν πολύ κοντά! Ξαναπροσπάθησε!</field><next><block type="sound" id="J*2[w)%y44++uU54;]oQ"><field name="NAME">lose</field><next><block type="gameover" id="=7Qn^wiLv3l(qxLWFf(m"></block></next></block></next></block></statement><value name="IF2"><block type="logic_operation" id="M,1aIzwDJzlNu%QjptQ["><field name="OP">AND</field><value name="A"><block type="logic_compare" id="w@?M7Scl0T|^f{]*Rm^q"><field name="OP">LTE</field><value name="A"><block type="singleVar" id=",BAN83K,,O1uGqYa]fp^"><field name="varName">ΔΙΑΘΕΣΙΜΑ_ΕΥΡΩ</field></block></value><value name="B"><block type="math_number" id="6|Dp`O1QQ%dgdl!E)t-*"><field name="NUM">0</field></block></value></block></value><value name="B"><block type="logic_compare" id="s4DyBL[gP2uZAmdQMiXW"><field name="OP">LTE</field><value name="A"><block type="singleVar" id="S2+Be.:^QMeQFO|pFbkm"><field name="varName">ΕΥΧΑΡΙΣΤΗΣΗ</field></block></value><value name="B"><block type="math_number" id="zqQzz[u=L9zZMirvRar+"><field name="NUM">0</field></block></value></block></value></block></value><statement name="DO2"><block type="popup" id="z[!49sRN+X_[#5N,?C`h"><field name="popuptext">Αν και ξόδεψες όλα σου τα χρήματα, έχασες επειδή στην τελευταία αγορά σου δεν πρόσεξες την ευχαρίστηση σου! Ήσουν πολύ κοντά! Ξαναπροσπάθησε!</field><next><block type="sound" id="FJ@C+DA)5_gZSlv5*?7W"><field name="NAME">lose</field><next><block type="gameover" id="CAz[m#uR@04z=80LR,:q"></block></next></block></next></block></statement><next><block type="controls_if" id="ed|usGy-ZpUvL+/#G-8M"><value name="IF0"><block type="logic_compare" id="i2Nf~atUxb69^i#@eG?a"><field name="OP">LT</field><value name="A"><block type="singleVar" id="b7/-NIS7w|wY;{=x..Pr"><field name="varName">ΕΥΧΑΡΙΣΤΗΣΗ</field></block></value><value name="B"><block type="math_number" id="0zIqQ+Ez),1.hR9]:x1f"><field name="NUM">0</field></block></value></block></value><statement name="DO0"><block type="popup" id="o?YG#W,:QE/uJj=KZ_Mj"><field name="popuptext">Έχασες! Δεν είσαι ευχαριστημένος από τα ψώνια σου! Ξαναπροσπάθησε!</field><next><block type="sound" id="8!BQ[Bt?RctvRr3pJG-3"><field name="NAME">lose</field><next><block type="gameover" id="|,?F9bn9EsL(/`a3463c"></block></next></block></next></block></statement><next><block type="controls_if" id="uZX5]3ZTXdnNm~,_VW^G"><value name="IF0"><block type="logic_compare" id=";ul)@GN6do3~MTf,?EXg"><field name="OP">LT</field><value name="A"><block type="singleVar" id="wr4Ng+)pj8H-2s5|f0wu"><field name="varName">ΥΓΕΙΑ</field></block></value><value name="B"><block type="math_number" id="zv0m9v#k`JaW@d@az-[]"><field name="NUM">0</field></block></value></block></value><statement name="DO0"><block type="popup" id="%3oM07MmlU9XGD;5]CSN"><field name="popuptext">Έχασες! Δεν πρόσεξες την υγεία σου! Ξαναπροσπάθησε!</field><next><block type="sound" id="of-h:bpCz}x#NxX/mX^V"><field name="NAME">lose</field><next><block type="gameover" id="1xA-s-j1q`jR8rx]#VwB"></block></next></block></next></block></statement></block></next></block></next></block></xml>