<xml xmlns="http://www.w3.org/1999/xhtml"><block type="controls_if" id="Dk~4f2FD(4dd!drw==5P" x="450" y="94"><value name="IF0"><block type="logic_operation" id="9(]zI[UcbpDghv0hP[pK"><field name="OP">AND</field><value name="A"><block type="logic_compare" id="7^oC`~8Mb}dY.}(Y0qIO"><field name="OP">LT</field><value name="A"><block type="singleVar" id=";k@Jy@{%?krY-Fji~a]O"><field name="varName">ΔΙΑΘΕΣΙΜΑ_ΕΥΡΩ</field></block></value><value name="B"><block type="math_number" id="C1|k|B?9WMA-0m@/(kK*"><field name="NUM">50</field></block></value></block></value><value name="B"><block type="logic_compare" id="O|2H,M[fzP}]em~`JE*R"><field name="OP">GT</field><value name="A"><block type="singleVar" id="WxFI87Yi;!qY|f5`i0.A"><field name="varName">ΔΙΑΘΕΣΙΜΑ_ΕΥΡΩ</field></block></value><value name="B"><block type="math_number" id="(/hN|oWO],B4j3Sg9vm:"><field name="NUM">40</field></block></value></block></value></block></value><statement name="DO0"><block type="popup" id="IWDgGDy1-84Ip1MdhV/;"><field name="popuptext">Έχεις σπαταλήσει περισσότερα από τα μισά λεφτά σου! Προσπάθησε να κάνεις έξυπνες αγορές με τα υπόλοιπα!</field></block></statement><next><block type="controls_if" id="K^uwKX;?s;8p!3UUCxv{"><value name="IF0"><block type="logic_operation" id="J!u1MF=ix2Z(2w4F[C`J"><field name="OP">AND</field><value name="A"><block type="logic_compare" id="GG^CFGU~rbmyr6.7J%GZ"><field name="OP">LT</field><value name="A"><block type="singleVar" id="!D(El#L:?[dcJGmd,G4t"><field name="varName">ΔΙΑΘΕΣΙΜΑ_ΕΥΡΩ</field></block></value><value name="B"><block type="math_number" id="Vr)_+Z^mlErv*FwkhcnB"><field name="NUM">10</field></block></value></block></value><value name="B"><block type="logic_compare" id=".ZBK3Zf14n`Vh/1DS1qg"><field name="OP">GTE</field><value name="A"><block type="singleVar" id="D:_gV2eRlk{/te2nquJ#"><field name="varName">ΔΙΑΘΕΣΙΜΑ_ΕΥΡΩ</field></block></value><value name="B"><block type="math_number" id="Nun3y2NE20dp0eQ(DRFI"><field name="NUM">1</field></block></value></block></value></block></value><statement name="DO0"><block type="popup" id="J(R1Hd:/Z#AO%hoR:snr"><field name="popuptext">Σου έμειναν λιγότερα από 10 ευρώ. Αξιοποίησε τα όσο πιο καλά μπορείς!</field></block></statement><next><block type="controls_if" id="JBb2|6EfhAKR[OsxZ3uZ"><value name="IF0"><block type="logic_operation" id="{hCu),BwlcxlU8Xdly/F"><field name="OP">AND</field><value name="A"><block type="logic_compare" id="Ns?lfnT5Auc}rcT}VcJY"><field name="OP">LT</field><value name="A"><block type="singleVar" id="]Bo=jg`E+@D_W]cw7P8a"><field name="varName">ΥΓΕΙΑ</field></block></value><value name="B"><block type="math_number" id="0-}EF`Yes6D),d*KoB=u"><field name="NUM">10</field></block></value></block></value><value name="B"><block type="logic_compare" id="^v0{DXd,.3l[LJ*@pT-v"><field name="OP">GT</field><value name="A"><block type="singleVar" id="]l3~AM.a!:Hu]T90[:BS"><field name="varName">ΥΓΕΙΑ</field></block></value><value name="B"><block type="math_number" id="vST5)EjX-5VlPN.-gh1d"><field name="NUM">5</field></block></value></block></value></block></value><statement name="DO0"><block type="popup" id="#hm~vjpJw)^U6^nU*;/0"><field name="popuptext">Η υγεία σου είναι μικρότερη από 10, πρόσεχε για να μη χάσεις!</field></block></statement><next><block type="controls_if" id="7Yqm)_~9_d-Z_N{1Z%M4"><value name="IF0"><block type="logic_operation" id="5;2c1J(x.,^.ZAOL:8GN"><field name="OP">AND</field><value name="A"><block type="logic_compare" id="q_ooFtA3foWiIgCWyH)9"><field name="OP">LTE</field><value name="A"><block type="singleVar" id=",},RLQw1w;V=*^s9e./J"><field name="varName">ΥΓΕΙΑ</field></block></value><value name="B"><block type="math_number" id="^-iKvb@[{hlT`]6(qZ0w"><field name="NUM">5</field></block></value></block></value><value name="B"><block type="logic_compare" id="bShl}1!mA:Tpv6!D6Sz3"><field name="OP">GTE</field><value name="A"><block type="singleVar" id="0t02!I`PIZ:l6_})U0Rx"><field name="varName">ΥΓΕΙΑ</field></block></value><value name="B"><block type="math_number" id="S3y1;9mBt.TAu(NGfCD["><field name="NUM">1</field></block></value></block></value></block></value><statement name="DO0"><block type="popup" id="l,=nea1|jRlWjm5xVs)f"><field name="popuptext">Η υγεία σου είναι μικρότερη από 5, πρόσεχε κινδυνεύεις να χάσεις! Αγόρασε γρήγορα κάτι υγιεινό!</field></block></statement><next><block type="controls_if" id="s;;mc-%(X/6-E/iCC;DL"><value name="IF0"><block type="logic_operation" id="Jm2D)nho@ZI(q|4%d%4^"><field name="OP">AND</field><value name="A"><block type="logic_compare" id="zd4T[B`tPGgv51RmyBY@"><field name="OP">LT</field><value name="A"><block type="singleVar" id="?,(|K7`;I4NM@,`d1o-v"><field name="varName">ΕΥΧΑΡΙΣΤΗΣΗ</field></block></value><value name="B"><block type="math_number" id="re78Sk@|R9m]FcX]c1Vp"><field name="NUM">10</field></block></value></block></value><value name="B"><block type="logic_compare" id="Gbg*gpO|XerCrKMi2E}b"><field name="OP">GT</field><value name="A"><block type="singleVar" id="#w]PB4O{7QK1GSR!v%3;"><field name="varName">ΕΥΧΑΡΙΣΤΗΣΗ</field></block></value><value name="B"><block type="math_number" id="YK2uBTn*`LC^}K=^LfsA"><field name="NUM">7</field></block></value></block></value></block></value><statement name="DO0"><block type="popup" id="x[7P-;KV*SQEPlJ]kp?9"><field name="popuptext">Η ευχαρίστηση σου είναι μικρότερη από 10, πρόσεχε να μη χάσεις!</field></block></statement><next><block type="controls_if" id=";U^=rx6qclq(74%DhtP}"><value name="IF0"><block type="logic_operation" id="z])w*rSjh,sbV0{SUoW("><field name="OP">AND</field><value name="A"><block type="logic_compare" id="pz~AvDeEH;jY+ndO;6}p"><field name="OP">LT</field><value name="A"><block type="singleVar" id="j}:IoxQX^dL=[sN,c;e."><field name="varName">ΕΥΧΑΡΙΣΤΗΣΗ</field></block></value><value name="B"><block type="math_number" id="L*zr00i~~Oc8kTO@W:6V"><field name="NUM">5</field></block></value></block></value><value name="B"><block type="logic_compare" id="1X_+FL^q}yF|qm/JG4|B"><field name="OP">GT</field><value name="A"><block type="singleVar" id="QnNs:H-T[PauWQ:#2|IP"><field name="varName">ΕΥΧΑΡΙΣΤΗΣΗ</field></block></value><value name="B"><block type="math_number" id="JhL|g1]83;]ADciIwb_b"><field name="NUM">1</field></block></value></block></value></block></value><statement name="DO0"><block type="popup" id="CGmtqM_=81T8GiDaX#}+"><field name="popuptext">Η ευχαρίστηση σου είναι μικρότερη από 5, πρόσεχε κινδυνεύεις να χάσεις! Αγόρασε γρήγορα κάτι που να αυξάνει την ευχαρίστηση σου!</field></block></statement></block></next></block></next></block></next></block></next></block></next></block></xml>