[{"id":32,"description":"Plastic Pegs","values":{"Info":"","Occasional_User":"4","Beach_Camper":"-2","Extreme_Camper":"-5"},"imguri":"","layers":"Main","isDummy":false,"latlng":{"lat":202.61072410448918,"lng":289.57123010804486}},{"id":35,"description":"Titanium Pegs","values":{"Info":"","Occasional_User":"-5","Beach_Camper":"3","Extreme_Camper":"5"},"imguri":"","layers":"Main","isDummy":false,"latlng":{"lat":291.3271308476517,"lng":273.5888655314693}},{"id":38,"description":"Aluminum Pegs","values":{"Info":"","Occasional_User":"-1","Beach_Camper":"5","Extreme_Camper":"2"},"imguri":"","layers":"Main","isDummy":false,"latlng":{"lat":51.85967960177078,"lng":260.8016443778444}},{"id":41,"description":"Classic open-top Bag (pouch)","values":{"Info":"","Occasional_User":"5","Beach_Camper":"3","Extreme_Camper":"-3"},"imguri":"","layers":"Main","isDummy":false,"latlng":{"lat":214.90516805831342,"lng":650.5596474479057}},{"id":44,"description":"Bag with volume compressing belts","values":{"Info":"","Occasional_User":"-3","Beach_Camper":"3","Extreme_Camper":"5"},"imguri":"","layers":"Main","isDummy":false,"latlng":{"lat":322.6255975119504,"lng":618.1297458130343}},{"id":47,"description":"Medium volume bag","values":{"Info":"","Occasional_User":"1","Beach_Camper":"5","Extreme_Camper":"3"},"imguri":"","layers":"Main","isDummy":false,"latlng":{"lat":62.76829353496089,"lng":683.3999798541217}},{"id":50,"description":"Aluminum Rods","values":{"Info":"Expensive choice, but strong and durable.","Occasional_User":"-4","Beach_Camper":"2","Extreme_Camper":"5"},"imguri":"","layers":"Main","isDummy":false,"latlng":{"lat":300.7334740327519,"lng":857.623177796023}},{"id":53,"description":"Glass Fiber folded rods","values":{"Info":"The most common choice, but they are suitable for small and light tents.","Occasional_User":"5","Beach_Camper":"1","Extreme_Camper":"-5"},"imguri":"","layers":"Main","isDummy":false,"latlng":{"lat":199.28005705933774,"lng":841.1236974428068}},{"id":56,"description":"Carbon Fiber telescopic rods","values":{"Info":"An expensive choice. However feedback on reliability varies. Some weak points seem to break under stress.","Occasional_User":"-5","Beach_Camper":"1","Extreme_Camper":"3"},"imguri":"","layers":"Main","isDummy":false,"latlng":{"lat":103.00063580001225,"lng":858.2748642292038}},{"id":59,"description":"Polyester Ripstop with PVC coating","values":{"Info":"","Occasional_User":"-2","Beach_Camper":"4","Extreme_Camper":"2"},"imguri":"","layers":"Main","isDummy":false,"latlng":{"lat":334.94169223185725,"lng":80.86470796822508}},{"id":62,"description":"Dyneema Composite Fabric","values":{"Info":"An expensive but professional product. Water resistant, thermo insulating and and very stable.","Occasional_User":"-5","Beach_Camper":"-1","Extreme_Camper":"5"},"imguri":"","layers":"Main","isDummy":false,"latlng":{"lat":234.94896482407256,"lng":73.19257440727303}},{"id":65,"description":"Cordura Nylon with Polyurethane coating","values":{"Info":"","Occasional_User":"2","Beach_Camper":"3","Extreme_Camper":"-1"},"imguri":"","layers":"Main","isDummy":false,"latlng":{"lat":105.58262001179291,"lng":75.11021244958368}},{"id":68,"description":"Detachable layer of fleece fabric (Sherpa)","values":{"Info":"","Occasional_User":"-3","Beach_Camper":"2","Extreme_Camper":"4"},"imguri":"","layers":"Main","isDummy":false,"latlng":{"lat":102.1055834475473,"lng":431.4753181345967}},{"id":71,"description":"Inflatable internal layer","values":{"Info":"","Occasional_User":"-2","Beach_Camper":"2","Extreme_Camper":"-3"},"imguri":"","layers":"Main","isDummy":false,"latlng":{"lat":333.595786384622,"lng":405.5892068493251}},{"id":74,"description":"No Thermo-insulating Layer","values":{"Info":"","Occasional_User":"3","Beach_Camper":"2","Extreme_Camper":"-4"},"imguri":"","layers":"Main","isDummy":false,"latlng":{"lat":157.67519803299058,"lng":435.63287888792377}}]