<xml xmlns="http://www.w3.org/1999/xhtml"><block type="initialvalues" id="7%pi|u/wU`(M`t7@0~7Z" x="88" y="88"><statement name="Initial Values"><block type="initialValue" id="id1"><field name="varName">Beach_Camper</field><value name="varVal"><block type="math_number" id="var1"><field name="NUM">0</field></block></value><next><block type="initialValue" id="id2"><field name="varName">Extreme_Camper</field><value name="varVal"><block type="math_number" id="var2"><field name="NUM">0</field></block></value><next><block type="initialValue" id="[3QOAx0+4E]YkQtxA)*#"><field name="varName">Occasional_User</field><value name="varVal"><block type="math_number" id="6V9u*t5#HY{x(xdW/CDe"><field name="NUM">0</field></block></value><next><block type="initialValue" id=")h2i.=0]5?ICQgoW9Z6F"><field name="varName">Info</field><value name="varVal"><block type="math_number" id="45KX8dirdmLcDx;ftWIw"><field name="NUM">0</field></block></value></block></next></block></next></block></next></block></statement></block></xml>