<xml xmlns="http://www.w3.org/1999/xhtml"><block type="controls_if" id="oUgd{3K~U[F@#aF]}ygA" x="141" y="53"><value name="IF0"><block type="logic_compare" id="~a@gT-aydG21O-1G.sjK"><field name="OP">LT</field><value name="A"><block type="singleVar" id="RTuC:_mI#d@k69q|ly)+"><field name="varName">Occasional_User</field></block></value><value name="B"><block type="math_number" id="qIM#58w_X12vI;dXPueD"><field name="NUM">-10</field></block></value></block></value><statement name="DO0"><block type="popup" id="[XMzb=tiZEwjnqR(]mUV"><field name="popuptext">You did not consider the needs of occasional users.</field><next><block type="gameover" id="MLR/6i}9oB6st5-+BGN}"></block></next></block></statement><next><block type="controls_if" id="3_AK|yq3F?ln6DKU@Eri"><value name="IF0"><block type="logic_compare" id="VWxko~HBoI*SZ;1,=Wa@"><field name="OP">LT</field><value name="A"><block type="singleVar" id="F4cbnZ.PtH?/f6PF^QAs"><field name="varName">Beach_Camper</field></block></value><value name="B"><block type="math_number" id="W,a_J%;YIa4*#Q_;EXEh"><field name="NUM">-10</field></block></value></block></value><statement name="DO0"><block type="popup" id=").Vh+V6Qx{?}?p6}#~@P"><field name="popuptext">You did not consider the needs of each campers.</field><next><block type="gameover" id="HpaCRBIF(}a!*Ta`tf=n"></block></next></block></statement><next><block type="controls_if" id="sA34FXV?j)HO,Gx-xzwT"><value name="IF0"><block type="logic_compare" id="A:p+M6Nm1YZo:?.J;}^8"><field name="OP">LT</field><value name="A"><block type="singleVar" id="#3T*b7fc=WBYFvOsC4@X"><field name="varName">Extreme_Camper</field></block></value><value name="B"><block type="math_number" id="UVfhwM%FJ%PQfi19tK0I"><field name="NUM">-10</field></block></value></block></value><statement name="DO0"><block type="popup" id="e3Nt4RgWyj3Wk=fd[7W["><field name="popuptext">You did not consider the needs of extreme users.</field><next><block type="gameover" id="TCVmD_Yt6d!alt*45R#T"></block></next></block></statement></block></next></block></next></block></xml>