<xml xmlns="http://www.w3.org/1999/xhtml"><block type="controls_if" id="HB6phgCO{EQ4#o#8Q({1" x="-279" y="-38"><value name="IF0"><block type="logic_operation" id="]V;c:.[JN_in@8~kLiPY"><field name="OP">AND</field><value name="A"><block type="logic_compare" id="TA3tb+sTZ}XqBC}|.ssp"><field name="OP">GT</field><value name="A"><block type="movescounter" id="|n[zZ)ohsqWq0B3S{%A@"></block></value><value name="B"><block type="math_number" id="7L0n:;U@:CVQbhfRe{Lh"><field name="NUM">10</field></block></value></block></value><value name="B"><block type="logic_compare" id="W2uh%#7Z#(v{=Pb*HKMg"><field name="OP">LT</field><value name="A"><block type="singleVar" id="Aumw*kL~psz?hFEG0[pA"><field name="varName">Occasional_User</field></block></value><value name="B"><block type="math_number" id="*A*J6C0OWH~5Jwrg]U@."><field name="NUM">10</field></block></value></block></value></block></value><statement name="DO0"><block type="popup" id="KWa+pvx#6V-Pz7hN,|(O"><field name="popuptext">Occasional users ae also a part of your audience.</field></block></statement><next><block type="controls_if" id="pCQ,p0-P!O8XcTKCb.wc"><value name="IF0"><block type="logic_operation" id="iI6)WO?XviBcxTJZiKyU"><field name="OP">AND</field><value name="A"><block type="logic_compare" id="y:*BaB(Ab,-?D!2t6gk{"><field name="OP">GT</field><value name="A"><block type="movescounter" id="DrRUg5Lu}AXF%I0Cfpvi"></block></value><value name="B"><block type="math_number" id="bkx7^6lCNK_@(Tl/#TaF"><field name="NUM">10</field></block></value></block></value><value name="B"><block type="logic_compare" id="L`SYJREiQv})f9~gKZqv"><field name="OP">LT</field><value name="A"><block type="singleVar" id="caEZT3*PUJ@a{)PO,HW0"><field name="varName">Beach_Camper</field></block></value><value name="B"><block type="math_number" id=".3AbRpdGHDV(sKGW{n0s"><field name="NUM">10</field></block></value></block></value></block></value><statement name="DO0"><block type="popup" id="/*U7ifnxC99tc{=:g0@5"><field name="popuptext">Many people go camping at summer. These people need products of good quality but not very expensive.</field></block></statement><next><block type="controls_if" id="()MX!7FIDSUFUZ-[p#DT"><value name="IF0"><block type="logic_operation" id=".`WI,/qD?!y89=sV:F5+"><field name="OP">AND</field><value name="A"><block type="logic_compare" id="1t8=vTB!{)*rBgltH~ZS"><field name="OP">GT</field><value name="A"><block type="movescounter" id="!Z%}]A?ko`1OeVg58+%_"></block></value><value name="B"><block type="math_number" id="#i(v5`~[uaZD~~9F/j3g"><field name="NUM">10</field></block></value></block></value><value name="B"><block type="logic_compare" id="qS1w?)AH%vrv{um29z/o"><field name="OP">LT</field><value name="A"><block type="singleVar" id="9S/jMS~7ebf?^@k.kr@y"><field name="varName">Extreme_Camper</field></block></value><value name="B"><block type="math_number" id="l=`7e,jXgWAO)#v/Vr^|"><field name="NUM">10</field></block></value></block></value></block></value><statement name="DO0"><block type="popup" id="e7.kC3%Lr@e|Tz~INq7b"><field name="popuptext">You  have to consider selling equipment suitable for people who take camping seriously. These people do not care so much about the cost, but they seek durability and strenght.</field></block></statement></block></next></block></next></block></xml>