[{"name":"Description","type":"string","visibility":"visible"},{"name":"Δίλημμα","type":"text","visibility":"visible"},{"name":"Ηθική","type":"number","visibility":"visible"},{"name":"Μισθός","type":"number","visibility":"visible"},{"name":"Bonus","type":"number","visibility":"visible"},{"name":"Συμφέρον","type":"number","visibility":"visible"},{"name":"Συναδ_σχέσεις","type":"number","visibility":"visible"},{"name":"Εικόνες","type":"file","visibility":"visible"}]