<xml xmlns="http://www.w3.org/1999/xhtml"><block type="controls_if" id="KV6P#!iRT!{r3NRbQsIA" x="166" y="22"><value name="IF0"><block type="logic_operation" id="O7]c3!W?|A!wk%f.}bvu"><field name="OP">AND</field><value name="A"><block type="logic_compare" id="g,r%1D2prQ]4eo@?D~tt"><field name="OP">GT</field><value name="A"><block type="singleVar" id="m*#VPI8hH4gkxBCliFq:"><field name="varName">Μισθός</field></block></value><value name="B"><block type="math_number" id="zZu//q!qsqVaj@#4HTvB"><field name="NUM">2600</field></block></value></block></value><value name="B"><block type="current_point_check" id="4;?FHGb|j6fhI]Y:r^Eh"><field name="pointsNames">Δ.ντής Α: Integrity test</field></block></value></block></value><statement name="DO0"><block type="popup" id="U(=ev;u#@OhJv~UaP%s("><field name="popuptext">Σε απέλυσαν!!! τι κρίμα! Σε έπιασαν να κλέβεις στο τεστ!Έχασες και την αξιοπρέπειά σου!</field><next><block type="gameover" id="SEA/6k@DPSm~O71[86sB"></block></next></block></statement><next><block type="controls_if" id="{rk/Y[k:1D?5!v7[)8{]"><value name="IF0"><block type="logic_operation" id="aR,89v]bNoL0%!!|QQ8r"><field name="OP">AND</field><value name="A"><block type="logic_compare" id="OqSKRt/xw9mxS3.mBZD#"><field name="OP">LT</field><value name="A"><block type="singleVar" id="}:KUPV!!dZ-dL=]0w:Oo"><field name="varName">Μισθός</field></block></value><value name="B"><block type="math_number" id="{e2`n5=[cr_+6Ok4+,)+"><field name="NUM">2600</field></block></value></block></value><value name="B"><block type="current_point_check" id="p/o^nsBqlGZ97qN6m!Dz"><field name="pointsNames">Δ.ντής Α: Integrity test</field></block></value></block></value><statement name="DO0"><block type="popup" id="a?*cWLrWY+58q=ybz2Or"><field name="popuptext">Σε απέλυσαν!!! τι κρίμα!Σε έπιασαν να κλέβεις στο τεστ!  Κι ενώ τα πηγαινες τόσο καλά! Έχασες και τη συμπάθεια των συναδέλφων!</field><next><block type="gameover" id="_mLI_rOet%~9ghz6JYAV"></block></next></block></statement><next><block type="controls_if" id="hJ{)#+*N1lXl].bVR-Gc"><value name="IF0"><block type="logic_operation" id="%xU;1_*.M}cO9Wy/J];:"><field name="OP">AND</field><value name="A"><block type="logic_compare" id="5,8Zz0[#+mit#.Htvk@0"><field name="OP">GT</field><value name="A"><block type="singleVar" id="e@6z^(:3Wtppy{d_FR(W"><field name="varName">Μισθός</field></block></value><value name="B"><block type="math_number" id="|e]7fcl-x`[4ysL:OM[0"><field name="NUM">2600</field></block></value></block></value><value name="B"><block type="current_point_check" id="#X{DvFxHpA*?D9@kjf~K"><field name="pointsNames">Δ.ντής Β: Integrity test</field></block></value></block></value><statement name="DO0"><block type="popup" id="!C#sp8Yn{e5M,+o*ez.T"><field name="popuptext">Ένας μη ακέραιος χαρακτήρας δεν μπορεί να γίνει διευθυντής! Τι κρίμα! δεν πέρασες το τεστ!</field><next><block type="gameover" id="gL[xjiyR)6,FvrL*vzlZ"></block></next></block></statement><next><block type="controls_if" id="O%)ON-6~?FhduQwSzaMC"><value name="IF0"><block type="logic_operation" id="y0dVee,E,8Mo3t;!p[86"><field name="OP">AND</field><value name="A"><block type="logic_compare" id="UZiT|-C0KtoL3y3Wo-8X"><field name="OP">EQ</field><value name="A"><block type="singleVar" id="`7g9Gx`w2D,0E~vrX_{Q"><field name="varName">Συναδ_σχέσεις</field></block></value><value name="B"><block type="math_number" id="Sv13Bm%U2ItxH46@0~:*"><field name="NUM">2500</field></block></value></block></value><value name="B"><block type="current_point_check" id="wJUz_[-Po5Zi=@Cj%9Uq"><field name="pointsNames">Δ.ντής Β: Integrity test</field></block></value></block></value><statement name="DO0"><block type="popup" id=";?Cy0RhCv?7kiKI*}45f"><field name="popuptext">Συγχαρητήρια! Έγινες διευθυντής!</field><next><block type="gameover" id="JsW6V,L0/?g)y;d;a*hW"></block></next></block></statement></block></next></block></next></block></next></block></xml>