<xml xmlns="http://www.w3.org/1999/xhtml"><block type="initialvalues" id="7%pi|u/wU`(M`t7@0~7Z" x="88" y="88"><statement name="Initial Values"><block type="initialValue" id="id1"><field name="varName">Ηθική</field><value name="varVal"><block type="math_number" id="var1"><field name="NUM">100</field></block></value><next><block type="initialValue" id="id2"><field name="varName">Μισθός</field><value name="varVal"><block type="math_number" id="var2"><field name="NUM">0</field></block></value><next><block type="initialValue" id="(R[A,IvVw,sV=]|A(LH7"><field name="varName">Bonus</field><value name="varVal"><block type="math_number" id=",Xs44/X}rt4Es+btc_y."><field name="NUM">0</field></block></value><next><block type="initialValue" id="XPlY*Ld7s)(_kvJJ@Y`{"><field name="varName">Συμφέρον</field><value name="varVal"><block type="math_number" id="KwrR;9!cQ@S_dhKqs4D|"><field name="NUM">0</field></block></value><next><block type="initialValue" id="zq{Z#yDIMe4ROEM4@n#*"><field name="varName">Συναδ_σχέσεις</field><value name="varVal"><block type="math_number" id="RzqR*@(J])/s=6qzw6!u"><field name="NUM">0</field></block></value></block></next></block></next></block></next></block></next></block></statement></block></xml>