<xml xmlns="http://www.w3.org/1999/xhtml"><block type="controls_if" id="oUgd{3K~U[F@#aF]}ygA" x="111" y="-26"><value name="IF0"><block type="logic_operation" id="El__u.4nNuC~hHh-nQpH"><field name="OP">AND</field><value name="A"><block type="logic_compare" id="Ywjpk8T39kVnet4GymSG"><field name="OP">LTE</field><value name="A"><block type="singleVar" id="+Q:OK)Haj,d(1oRzJ.33"><field name="varName">Ηθική</field></block></value><value name="B"><block type="math_number" id="f=mvP8;o4hXpm*m/I~):"><field name="NUM">50</field></block></value></block></value><value name="B"><block type="logic_compare" id="**{J+bttb?nnCoUM8`u`"><field name="OP">GT</field><value name="A"><block type="singleVar" id="Gt3,^C{wqZ~*[e9:k;15"><field name="varName">Ηθική</field></block></value><value name="B"><block type="math_number" id="i0s5wlXD0G^R!Ho?]W+j"><field name="NUM">0</field></block></value></block></value></block></value><statement name="DO0"><block type="popup" id="[Q+z*@b?dHC7[R=3+,rX"><field name="popuptext">Πρόσεχε! Η Ηθική σου μειώνεται επικίνδυνα!</field></block></statement><next><block type="controls_if" id="9!lx07;Qo`V37eywg9G4"><value name="IF0"><block type="logic_operation" id="7#*(;O2}9QII%hRg=#d]"><field name="OP">AND</field><value name="A"><block type="logic_compare" id="AGMP1hrgsy;n{}ze6|e|"><field name="OP">LTE</field><value name="A"><block type="singleVar" id="Oc)ZaKE.VH40k=Xl%phU"><field name="varName">Ηθική</field></block></value><value name="B"><block type="math_number" id="vuoaiS[5xvA%*3+#97R6"><field name="NUM">0</field></block></value></block></value><value name="B"><block type="logic_compare" id="iJr(-H,z?.MB4!@yNeq;"><field name="OP">GT</field><value name="A"><block type="singleVar" id="@mGQ)D73v5OymFG8.B;3"><field name="varName">Ηθική</field></block></value><value name="B"><block type="math_number" id="}^8-t51AOUPV][;l?,{e"><field name="NUM">-25</field></block></value></block></value></block></value><statement name="DO0"><block type="popup" id="-Jz5V@[cYnp@r/7My(R)"><field name="popuptext">Δεν έχεις όρια; όλα για τη θέση;</field></block></statement><next><block type="controls_if" id="hn5)Q:]9Rh8zWx4kCW3l"><value name="IF0"><block type="logic_operation" id="Ug{ZK(/c!NfAk3#e=i!."><field name="OP">AND</field><value name="A"><block type="logic_compare" id="xOU0Jt4{6E=g79nd5;IG"><field name="OP">LT</field><value name="A"><block type="singleVar" id="r`3XTdb?TG]|2bT#IY)1"><field name="varName">Ηθική</field></block></value><value name="B"><block type="math_number" id="~5vorZ;uDc~]w4b6_tMY"><field name="NUM">-25</field></block></value></block></value><value name="B"><block type="logic_compare" id="e(^`HVXp:jH0N^.gfFY}"><field name="OP">GT</field><value name="A"><block type="singleVar" id="VfWsyp`1.aWjT#OeF(jJ"><field name="varName">Ηθική</field></block></value><value name="B"><block type="math_number" id="wvFshz}GB/0+78%T^2No"><field name="NUM">-75</field></block></value></block></value></block></value><statement name="DO0"><block type="popup" id="7Sbvb#iqtPIYJR4|egVH"><field name="popuptext">Είναι πολλά τα λεφτά , Άρη;</field></block></statement><next><block type="controls_if" id="8`Y[klnC[OmUz:d?D+!]"><value name="IF0"><block type="current_point_check" id="5g}^;.!0Pb_=mee,@~2e"><field name="pointsNames">1ος Α: Συνέντευξη: Image</field></block></value><statement name="DO0"><block type="popup" id="tVnjPv0?{ZVyYZXuX.gV"><field name="popuptext">Δεν ήταν υποκριτικό;</field></block></statement><next><block type="controls_if" id="vzNyJozKdi#%)^O,YSRS"><value name="IF0"><block type="current_point_check" id="{j%3]J/E(;/eMI[s+XGX"><field name="pointsNames">1ος Β: Συνέντευξη :Image</field></block></value><statement name="DO0"><block type="popup" id="`g.BHiaL?Zr^6^HjZq~L"><field name="popuptext">Μπράβο! Η ειλικρίνεια χτίζει τις σχέσεις!</field></block></statement><next><block type="controls_if" id="TrizQl;}zo?6_wH_oD@;"><value name="IF0"><block type="current_point_check" id="8V;G11SozP3JI5r?vWVC"><field name="pointsNames">2ος Α: Κλοπή Ιδέας</field></block></value><statement name="DO0"><block type="popup" id="YJ:Fwp!@b`nrNxjC:5Mz"><field name="popuptext">έχουν κι άλλοι αξία! Δεν είναι αναξιοπρεπές αυτό;</field></block></statement><next><block type="controls_if" id="1e6MGCoSZ4XKBU*%a:zr"><value name="IF0"><block type="current_point_check" id="{(t^^)N*;~SuOQlUc1LT"><field name="pointsNames">2ος Β: Κλοπή Ιδέας</field></block></value><statement name="DO0"><block type="popup" id=":26I:F{2ur+:NwKg_i8C"><field name="popuptext">Μπράβο του! Όποιος έχει ιδέες πετυχαίνει!</field></block></statement><next><block type="controls_if" id="A[hUI8r~P(FQul]-qBNI"><value name="IF0"><block type="current_point_check" id="^YP*)Q/NiVeBS;6i%Es`"><field name="pointsNames">3ος Α: Κάρφωμα</field></block></value><statement name="DO0"><block type="popup" id="!N2D@FG5l?M`EhT^]h8)"><field name="popuptext">Μα γιατί; Αφού ήταν φίλος σου!</field></block></statement><next><block type="controls_if" id="ySzht%;=@Wogv}OnhB6n"><value name="IF0"><block type="current_point_check" id="bSxuwzE8BX;!p?wm:nF1"><field name="pointsNames">3ος Β: Κάρφωμα</field></block></value><statement name="DO0"><block type="popup" id="^6/`U,ys^N(h]V@Mcw]B"><field name="popuptext">Μπράβο! Τιμάς τους συναδέλφους!</field></block></statement><next><block type="controls_if" id="mS^rz~2+GG@qb2|19_G,"><value name="IF0"><block type="current_point_check" id="X#JbxE4m!ZmI=dkCpw@p"><field name="pointsNames">4ος Α: Σεξουαλική Παρενόχληση</field></block></value><statement name="DO0"><block type="popup" id="?kzT|Ai.|V?03L~(Q@/G"><field name="popuptext">Θα ξεπουληθείς εντελώς;</field></block></statement><next><block type="controls_if" id="iqnNMu,cyNQe29t4bWh5"><value name="IF0"><block type="current_point_check" id="7*RZh({]YhfBNw0{e+pw"><field name="pointsNames">4ος Β: Σεξουαλική Παρενόχληση</field></block></value><statement name="DO0"><block type="popup" id="Xivbo{z7v{R?c8Bbs*tK"><field name="popuptext">Προέχει η αξιοπρέπει και η τιμή! Ας ανεβαίνουν άλλοι με ατιμίες!...</field></block></statement><next><block type="controls_if" id="v7Ws1c}}4s+amf^T#v}W"><value name="IF0"><block type="current_point_check" id=";0[cv)Hzg)98`f`Bn*p`"><field name="pointsNames">5ος Α: Διπλά Βιβλία</field></block></value><statement name="DO0"><block type="popup" id="Fv1HOGPF+=Lgd_R5IJ3~"><field name="popuptext">Ε και; όλοι το κάνουν!</field></block></statement><next><block type="controls_if" id="3JluDolr*Pl3ZeAtaZEH"><value name="IF0"><block type="current_point_check" id="K~yNDlGJE+3Nbz2f3b_R"><field name="pointsNames">5ος Β: Διπλά Βιβλία</field></block></value><statement name="DO0"><block type="popup" id="/#KKH9.?k#tCoq,)_(S]"><field name="popuptext">Μια εταιρεία που κλέβει δεν πάει μπροστά!</field></block></statement></block></next></block></next></block></next></block></next></block></next></block></next></block></next></block></next></block></next></block></next></block></next></block></next></block></xml>