[{"id":38,"description":"Φούρνος","values":{"Ευχαρίστηση":"1","Χρήματα":"0","Υγεία":"0","Πείνα":"4","Σκέψεις":" Κάθε φορά που μπαίνω μέσα στον φούρνο του κυρίου Νίκου θέλω να τα φάω όλα! "},"imguri":"","layers":"Main","latlng":{"lat":277.1519773755472,"lng":606.7309066944405}},{"id":41,"description":"Fast food","values":{"Ευχαρίστηση":"2","Χρήματα":"0","Υγεία":"0","Πείνα":"6","Σκέψεις":"Μμμ και μόνο που θα δω τα burgers θα πεινάσω! Γρήγορη και φτηνή επιλογή!"},"imguri":"","layers":"Main","latlng":{"lat":279.5469459844232,"lng":416.2537449694709}},{"id":44,"description":"Σπίτι της γιαγιας","values":{"Ευχαρίστηση":"1","Χρήματα":"15","Υγεία":"0","Πείνα":"8","Σκέψεις":"Κάθε φορά που πηγαίνω στο σπίτι της γιαγιάς, μου ανοίγει η όρεξη!"},"imguri":"","layers":"Main","latlng":{"lat":52.14812546210625,"lng":826.2149217257444}},{"id":47,"description":"Ιταλικό εστιατόριο","values":{"Ευχαρίστηση":"1","Χρήματα":"0","Υγεία":"0","Πείνα":"5","Σκέψεις":"Πιάτα με άρωμα ιταλίας. Λίγο αρκιβό όμως"},"imguri":"","layers":"Main","latlng":{"lat":489.78669292759446,"lng":397.0907445909284}},{"id":50,"description":"Μακαρονάδα","values":{"Ευχαρίστηση":"3","Χρήματα":"-10","Υγεία":"1","Πείνα":"-4","Σκέψεις":""},"imguri":"","layers":"Menu","latlng":{"lat":386.46709807567794,"lng":258.89298547580006}},{"id":51,"description":"Σαλάτα","values":{"Ευχαρίστηση":"-3","Χρήματα":"-6","Υγεία":"3","Πείνα":"-2","Σκέψεις":""},"imguri":"","layers":"Menu","latlng":{"lat":374.0868699387958,"lng":447.72589686820515}},{"id":52,"description":"Πίτσα","values":{"Ευχαρίστηση":"5","Χρήματα":"-12","Υγεία":"-3","Πείνα":"-5","Σκέψεις":""},"imguri":"","layers":"Menu","latlng":{"lat":340.3226113836627,"lng":250.68285889352157}},{"id":53,"description":"Αναψυκτικό","values":{"Ευχαρίστηση":"4","Χρήματα":"-1","Υγεία":"-4","Πείνα":"2","Σκέψεις":""},"imguri":"","layers":"Menu","latlng":{"lat":372.9613946536247,"lng":813.0765297795974}},{"id":54,"description":"Τούρτα","values":{"Ευχαρίστηση":"5","Χρήματα":"-10","Υγεία":"-4","Πείνα":"-3","Σκέψεις":""},"imguri":"","layers":"Bakery","isDummy":false,"latlng":{"lat":180.50512088936614,"lng":759.7107069947873}},{"id":55,"description":"Μαύρη σοκολάτα","values":{"Ευχαρίστηση":"2","Χρήματα":"-5","Υγεία":"1","Πείνα":"-1","Σκέψεις":""},"imguri":"","layers":"Bakery","isDummy":false,"latlng":{"lat":72.4594935129403,"lng":746.0271626909898}},{"id":56,"description":"Μπισκότα","values":{"Ευχαρίστηση":"3","Χρήματα":"-4","Υγεία":"-2","Πείνα":"-2","Σκέψεις":""},"imguri":"","layers":"Bakery","isDummy":false,"latlng":{"lat":251.41006385514564,"lng":224.6841247163064}},{"id":57,"description":"Burger","values":{"Ευχαρίστηση":"6","Χρήματα":"-8","Υγεία":"-4","Πείνα":"-4","Σκέψεις":""},"imguri":"","layers":"Menu","latlng":{"lat":289.67622355096313,"lng":252.05121332390132}},{"id":58,"description":"Πατάτες τηγανητές","values":{"Ευχαρίστηση":"4","Χρήματα":"-3","Υγεία":"-5","Πείνα":"-2","Σκέψεις":""},"imguri":"","layers":"Menu","latlng":{"lat":376.33782050913806,"lng":598.2448842099773}},{"id":59,"description":"Τυρόπτια","values":{"Ευχαρίστηση":"3","Χρήματα":"-2","Υγεία":"-2","Πείνα":"-1","Σκέψεις":""},"imguri":"","layers":"Bakery","isDummy":false,"latlng":{"lat":397.72185092738897,"lng":413.51703610871147}},{"id":60,"description":"Σάντουιτς","values":{"Ευχαρίστηση":"2","Χρήματα":"-6","Υγεία":"-1","Πείνα":"-3","Σκέψεις":""},"imguri":"","layers":"Bakery","isDummy":false,"latlng":{"lat":107.3492273532445,"lng":247.9461500327621}},{"id":61,"description":"Ψησταριά","values":{"Ευχαρίστηση":"1","Χρήματα":"0","Υγεία":"0","Πείνα":"7","Σκέψεις":"Και μόνο η μυρωδιά από την ψησταριά μου ανοίγει την όρεξη"},"imguri":"","layers":"Main","latlng":{"lat":138.81932476896375,"lng":722.4926919599071}},{"id":64,"description":"Σουβλάκι με γύρο","values":{"Ευχαρίστηση":"4","Χρήματα":"-2","Υγεία":"-3","Πείνα":"-3","Σκέψεις":""},"imguri":"","layers":"Menu","latlng":{"lat":325.6914326764384,"lng":605.086656361876}},{"id":65,"description":"Κοτόπουλο μερίδα","values":{"Ευχαρίστηση":"2","Χρήματα":"-7","Υγεία":"1","Πείνα":"-4","Σκέψεις":""},"imguri":"","layers":"Menu","latlng":{"lat":263.7902919920278,"lng":573.6145044631419}},{"id":66,"description":"Μπιφτέκια","values":{"Ευχαρίστηση":"4","Χρήματα":"-8","Υγεία":"1","Πείνα":"-5","Σκέψεις":""},"imguri":"","layers":"Menu","latlng":{"lat":306.5583528285297,"lng":428.56893484288867}},{"id":67,"description":"Μπάμιες","values":{"Ευχαρίστηση":"-10","Χρήματα":"0","Υγεία":"6","Πείνα":"-2","Σκέψεις":""},"imguri":"","layers":"grandmother","latlng":{"lat":345.7624028708598,"lng":774.8538279656944}},{"id":68,"description":"Ψάρι","values":{"Ευχαρίστηση":"-7","Χρήματα":"0","Υγεία":"4","Πείνα":"-2","Σκέψεις":""},"imguri":"","layers":"grandmother","latlng":{"lat":325.6914326764384,"lng":951.2803272479518}},{"id":69,"description":"Χόρτα","values":{"Ευχαρίστηση":"-8","Χρήματα":"0","Υγεία":"5","Πείνα":"-1","Σκέψεις":""},"imguri":"","layers":"grandmother","isDummy":false,"latlng":{"lat":322.12742188226656,"lng":85.20319505430209}},{"id":70,"description":"Έξοδος","values":{"Ευχαρίστηση":"0","Χρήματα":"0","Υγεία":"0","Πείνα":"0","Σκέψεις":"Καιρός να φύγω από αυτό το εστιατόριο!"},"imguri":"","layers":"Menu","isDummy":false,"latlng":{"lat":118.07641366503157,"lng":836.4240772479519}},{"id":71,"description":"Έξοδος","values":{"Ευχαρίστηση":"0","Χρήματα":"0","Υγεία":"0","Πείνα":"0","Σκέψεις":"Ώρα να φύγω από τη γιαγιά!"},"imguri":"","layers":"grandmother","isDummy":false,"latlng":{"lat":104.57071024297834,"lng":854.2126848428886}},{"id":72,"description":"Έξοδος","values":{"Ευχαρίστηση":"0","Χρήματα":"0","Υγεία":"0","Πείνα":"0","Σκέψεις":"Φεύγω από τον φούρνο. Θα πάω και αλλού να φάω!"},"imguri":"","layers":"Bakery","isDummy":false,"latlng":{"lat":259.28839085134337,"lng":877.3891880074456}}]