[{"id":40,"description":"Software Engineering Lab","values":{"Needed_solution_":"","Price":"0","Speed":"0","Fit_with_assessment_need":"0","Business_Potential":"0"},"imguri":"","layers":"Main","isDummy":false,"latlng":{"lat":340.26390964888344,"lng":648.2182218682977}},{"id":43,"description":"NPD Lab1","values":{"Needed_solution_":"","Price":"0","Speed":"0","Fit_with_assessment_need":"0","Business_Potential":"0"},"imguri":"","layers":"Main","isDummy":false,"latlng":{"lat":284.9050751228969,"lng":89.06004196819582}},{"id":46,"description":"NPD Lab2","values":{"Needed_solution_":"","Price":"0","Speed":"0","Fit_with_assessment_need":"0","Business_Potential":"0"},"imguri":"","layers":"Main","isDummy":false,"latlng":{"lat":301.8530450330101,"lng":447.7093954947797}},{"id":49,"description":"NPD Lab3","values":{"Needed_solution_":"","Price":"0","Speed":"0","Fit_with_assessment_need":"0","Business_Potential":"0"},"imguri":"","layers":"Main","isDummy":false,"latlng":{"lat":67.12585376184677,"lng":526.409934631992}},{"id":52,"description":"Back","values":{"Needed_solution_":"Go back to the main building","Price":"0","Speed":"0","Fit_with_assessment_need":"0","Business_Potential":"0"},"imguri":"","layers":"npd lab 1.jpg","isDummy":false,"latlng":{"lat":45.757945025271766,"lng":699.9055934526625}},{"id":53,"description":"Back","values":{"Needed_solution_":"Go back to the main building","Price":"0","Speed":"0","Fit_with_assessment_need":"0","Business_Potential":"0"},"imguri":"","layers":"npd lab 3.jpg","isDummy":false,"latlng":{"lat":37.63355340058892,"lng":724.931115291459}},{"id":54,"description":"Back","values":{"Needed_solution_":"Go back to the main building","Price":"0","Speed":"0","Fit_with_assessment_need":"0","Business_Potential":"0"},"imguri":"","layers":"software engineering lab.jpg","isDummy":false,"latlng":{"lat":42.32830538723082,"lng":798.7205908255191}},{"id":55,"description":"Back","values":{"Needed_solution_":"Go back to the main building","Price":"0","Speed":"0","Fit_with_assessment_need":"0","Business_Potential":"0"},"imguri":"","layers":"npd lab 2.jpg","isDummy":false,"latlng":{"lat":22.127234442901283,"lng":735.3964691834803}},{"id":56,"description":"EEG + Eye tracking ","values":{"Needed_solution_":"We need to assess user’s attention and emotional reactions and we are in a hurry. Business potential of our prototype is 100MEUR","Price":"-3","Speed":"-3","Fit_with_assessment_need":"1","Business_Potential":"0"},"imguri":"","layers":"software engineering lab.jpg","isDummy":false,"latlng":{"lat":340.4648371548037,"lng":343.96457089262657}},{"id":57,"description":"FaceReader + Eye tracking ","values":{"Needed_solution_":"We need to assess user’s attention and emotional reactions and we are in a hurry. Business potential of our prototype is 100MEUR","Price":"-1","Speed":"-2","Fit_with_assessment_need":"2","Business_Potential":"0"},"imguri":"","layers":"software engineering lab.jpg","isDummy":false,"latlng":{"lat":259.03910300532317,"lng":680.7284576077732}},{"id":58,"description":"Interview ","values":{"Needed_solution_":"We need to assess user’s attention and emotional reactions and we are in a hurry. Business potential of our prototype is 100MEUR","Price":"3","Speed":"2","Fit_with_assessment_need":"-2","Business_Potential":"0"},"imguri":"","layers":"software engineering lab.jpg","isDummy":false,"latlng":{"lat":270.7616202369221,"lng":444.1260233841751}},{"id":59,"description":"Survey ","values":{"Needed_solution_":"We need to assess user’s attention and emotional reactions and we are in a hurry. Business potential of our prototype is 100MEUR","Price":"2","Speed":"1","Fit_with_assessment_need":"-2","Business_Potential":"0"},"imguri":"","layers":"software engineering lab.jpg","isDummy":false,"latlng":{"lat":153.43937393949759,"lng":265.67745860038184}}]