<xml xmlns="http://www.w3.org/1999/xhtml"><block type="controls_if" id="oUgd{3K~U[F@#aF]}ygA" x="622" y="367"><value name="IF0"><block type="logic_compare" id="~a@gT-aydG21O-1G.sjK"><field name="OP">LTE</field><value name="A"><block type="singleVar" id="RTuC:_mI#d@k69q|ly)+"><field name="varName">Price</field></block></value><value name="B"><block type="math_number" id="qIM#58w_X12vI;dXPueD"><field name="NUM">-10</field></block></value></block></value><statement name="DO0"><block type="popup" id="[XMzb=tiZEwjnqR(]mUV"><field name="popuptext">You don't have enough money to continue</field><next><block type="gameover" id="MLR/6i}9oB6st5-+BGN}"></block></next></block></statement><next><block type="controls_if" id="LjCNJ#XUWN0:tP0Z-Vv-"><value name="IF0"><block type="logic_compare" id="+QBqVF#|,OsvkGkx-:kR"><field name="OP">LTE</field><value name="A"><block type="singleVar" id="iyl3IEc38_%~vB4yPrS!"><field name="varName">Speed</field></block></value><value name="B"><block type="math_number" id="x*5fFv81Z~h#f9-0X1g="><field name="NUM">-10</field></block></value></block></value><statement name="DO0"><block type="popup" id="T)L#0`HS}_Z/rPpm?Hk~"><field name="popuptext">There was a big delay</field><next><block type="gameover" id="dRQQoGMbQN)V5FY#|hhu"></block></next></block></statement><next><block type="controls_if" id="N[UV:NO:?kG=^}9+WecE"><value name="IF0"><block type="logic_compare" id="{:a+OPA:`CY8ihxw=%XD"><field name="OP">LTE</field><value name="A"><block type="singleVar" id="M2)=omc!/J!9Zf9~CDI!"><field name="varName">Fit_with_assessment_need</field></block></value><value name="B"><block type="math_number" id="m.?OvFSO)QBv)n^M7b^2"><field name="NUM">-10</field></block></value></block></value><statement name="DO0"><block type="popup" id="2_LCJQ9=H]J3Re6JGUn="><field name="popuptext">You lost</field><next><block type="gameover" id="@qudB(TfQ!Psju7Jm*JR"></block></next></block></statement></block></next></block></next></block></xml>