<xml xmlns="http://www.w3.org/1999/xhtml"><block type="initialvalues" id="7%pi|u/wU`(M`t7@0~7Z" x="353" y="259"><statement name="Initial Values"><block type="initialValue" id="id1"><field name="varName">Price</field><value name="varVal"><block type="math_number" id="var1"><field name="NUM">0</field></block></value><next><block type="initialValue" id="id2"><field name="varName">Speed</field><value name="varVal"><block type="math_number" id="var2"><field name="NUM">0</field></block></value><next><block type="initialValue" id="(7w5^Hvq4zNqTR[jFe6X"><field name="varName">Fit_with_assessment_need</field><value name="varVal"><block type="math_number" id="|f}9pc^UAbtK]62Zf3g+"><field name="NUM">0</field></block></value><next><block type="initialValue" id="m:PYlk[Nej}Sw3Z0O#2f"><field name="varName">Business_Potential</field><value name="varVal"><block type="math_number" id="Edj0chS:u19GMVg[fX*+"><field name="NUM">0</field></block></value></block></next></block></next></block></next></block></statement></block></xml>