<xml xmlns="http://www.w3.org/1999/xhtml"><block type="controls_if" id="oUgd{3K~U[F@#aF]}ygA" x="499" y="259"><value name="IF0"><block type="current_point_check" id="hW)~A}cQQlMtyL]]XSM-"><field name="pointsNames">Software Engineering Lab</field></block></value><statement name="DO0"><block type="change_layer" id="jV%_MyR9(6;:)))owM=/"><field name="layersNames">software engineering lab.jpg</field><next><block type="popup" id="owQ1Y^HYt3alg*5NM[o/"><field name="popuptext">We need to assess user’s attention and emotional reactions and we are in a hurry. Business potential of our prototype is 100MEUR</field></block></next></block></statement><next><block type="controls_if" id="Hf6(vhu=(NM~^R@@tTMX"><value name="IF0"><block type="current_point_check" id="uu+QHhbyO0TRNa,~xp7%"><field name="pointsNames">NPD Lab1</field></block></value><statement name="DO0"><block type="change_layer" id="+yoyn%i.s@YZkj*{d%g{"><field name="layersNames">npd lab 1.jpg</field></block></statement><next><block type="controls_if" id="UP{NcOOKVc0Pzpz[5A+q"><value name="IF0"><block type="current_point_check" id="0Y4Si1x8{|K!`!,2symM"><field name="pointsNames">NPD Lab2</field></block></value><statement name="DO0"><block type="change_layer" id="/rzZoJ9e!qHMp{hWyU69"><field name="layersNames">npd lab 2.jpg</field></block></statement><next><block type="controls_if" id="jnv,OuvdVSeph!;to9j;"><value name="IF0"><block type="current_point_check" id="kwN+l4R=Sv3i!O}*dHRO"><field name="pointsNames">NPD Lab3</field></block></value><statement name="DO0"><block type="change_layer" id="-ECg6|5rPV4U@Y%6QFmV"><field name="layersNames">npd lab 3.jpg</field></block></statement><next><block type="controls_if" id="z`v/t2@p3PKF|W|dc12."><value name="IF0"><block type="current_point_check" id="m#,ozX=uxMTu4rqX%H3|"><field name="pointsNames">Back</field></block></value><statement name="DO0"><block type="change_layer" id=".xazk8pmq(l:Mj:3[XqZ"><field name="layersNames">Main</field></block></statement></block></next></block></next></block></next></block></next></block></xml>