[{"id":32,"description":"Do an online survey","values":{"Youngsters":"10","Elderly":"-10","Non_natives":"0","Low_income":"-5"},"imguri":"","layers":"Main","isDummy":false,"latlng":{"lat":100.78660947220312,"lng":250.23396931692582}},{"id":35,"description":"Observer a user","values":{"Youngsters":"-4","Elderly":"10","Non_natives":"10","Low_income":"10"},"imguri":"","layers":"Main","isDummy":false,"latlng":{"lat":80.1194167185121,"lng":586.3153160532411}},{"id":38,"description":"Interview in school","values":{"Youngsters":"5","Elderly":"-10","Non_natives":"-8","Low_income":"5"},"imguri":"","layers":"Main","isDummy":false,"latlng":{"lat":255.8344870818046,"lng":631.9849557137118}},{"id":41,"description":"Interview in coffeeshop","values":{"Youngsters":"2","Elderly":"2","Non_natives":"-8","Low_income":"-10"},"imguri":"","layers":"Main","isDummy":false,"latlng":{"lat":248.59718546964328,"lng":205.94012220075774}},{"id":44,"description":"Hospital-day in life","values":{"Youngsters":"-5","Elderly":"5","Non_natives":"10","Low_income":"5"},"imguri":"","layers":"Main","isDummy":false,"latlng":{"lat":498.4792599074591,"lng":446.0430142090837}},{"id":47,"description":"Observe at the airport","values":{"Youngsters":"-10","Elderly":"2","Non_natives":"4","Low_income":"-4"},"imguri":"","layers":"Main","isDummy":false,"latlng":{"lat":412.933389598132,"lng":867.310987151755}},{"id":50,"description":"Interview at train station","values":{"Youngsters":"5","Elderly":"-5","Non_natives":"5","Low_income":"5"},"imguri":"","layers":"Main","isDummy":false,"latlng":{"lat":371.07543389872075,"lng":532.6996976990717}},{"id":53,"description":"Interview at users' home","values":{"Youngsters":"-5","Elderly":"15","Non_natives":"-4","Low_income":"10"},"imguri":"","layers":"Main","isDummy":false,"latlng":{"lat":421.21534413290493,"lng":60.46146054861026}},{"id":56,"description":"Observe user at work","values":{"Youngsters":"-10","Elderly":"-5","Non_natives":"5","Low_income":"5"},"imguri":"","layers":"Main","isDummy":false,"latlng":{"lat":303.63529998062575,"lng":148.43996871105594}},{"id":59,"description":"Observe user at countryside","values":{"Youngsters":"-15","Elderly":"15","Non_natives":"5","Low_income":"-2"},"imguri":"","layers":"Main","isDummy":false,"latlng":{"lat":566.6951049287471,"lng":759.2680340106214}},{"id":62,"description":"Conduct survey at school","values":{"Youngsters":"10","Elderly":"-10","Non_natives":"-5","Low_income":"5"},"imguri":"","layers":"Main","isDummy":false,"latlng":{"lat":221.98118308374097,"lng":688.3926561344613}},{"id":65,"description":"Conduct survey at marketplace","values":{"Youngsters":"-10","Elderly":"15","Non_natives":"5","Low_income":"5"},"imguri":"","layers":"Main","isDummy":false,"latlng":{"lat":168.99761761102036,"lng":382.83695374700335}},{"id":68,"description":"Observe in the park","values":{"Youngsters":"-5","Elderly":"10","Non_natives":"5","Low_income":"-5"},"imguri":"","layers":"Main","isDummy":false,"latlng":{"lat":437.74340056521913,"lng":601.9441212223591}},{"id":71,"description":"Day in the life at the office","values":{"Youngsters":"-15","Elderly":"-10","Non_natives":"5","Low_income":"10"},"imguri":"","layers":"Main","isDummy":false,"latlng":{"lat":332.83668678055545,"lng":121.8477149327681}},{"id":74,"description":"Day in the life at home","values":{"Youngsters":"-5","Elderly":"5","Non_natives":"10","Low_income":"15"},"imguri":"","layers":"Main","isDummy":false,"latlng":{"lat":387.87838458325507,"lng":66.86275921905599}}]