<xml xmlns="http://www.w3.org/1999/xhtml"><block type="initialvalues" id="7%pi|u/wU`(M`t7@0~7Z" x="178" y="78"><statement name="Initial Values"><block type="initialValue" id="id1"><field name="varName">Youngsters</field><value name="varVal"><block type="math_number" id="var1"><field name="NUM">0</field></block></value><next><block type="initialValue" id="id2"><field name="varName">Elderly</field><value name="varVal"><block type="math_number" id="var2"><field name="NUM">0</field></block></value><next><block type="initialValue" id="~s{Z@Wu5efZf?_p/=!6q"><field name="varName">Non_natives</field><value name="varVal"><block type="math_number" id=",@hoVOJ]M`c-BTJtqs+;"><field name="NUM">0</field></block></value><next><block type="initialValue" id="^QGMz12^oA*x%46zl#k2"><field name="varName">Low_income</field><value name="varVal"><block type="math_number" id="6AElQ?bHahA.cq_]X|kY"><field name="NUM">0</field></block></value></block></next></block></next></block></next></block></statement></block></xml>