[{"id":32,"description":"Βαμβάκι","values":{"Υπερθέρμανση_του_Πλανήτη":"-10","Ευτροφισμός":"-10","Έλλειψη_νερού":"20"},"imguri":"","layers":"Main","isDummy":false,"latlng":{"lat":30.029710257789418,"lng":-60.92304384648645}},{"id":35,"description":"Μετάξι","values":{"Υπερθέρμανση_του_Πλανήτη":"15","Ευτροφισμός":"10","Έλλειψη_νερού":"-20"},"imguri":"","layers":"Main","isDummy":false,"latlng":{"lat":74.5168097511177,"lng":6.038727934398025}},{"id":38,"description":"Δέρμα αγελάδας","values":{"Υπερθέρμανση_του_Πλανήτη":"8","Ευτροφισμός":"-10","Έλλειψη_νερού":"15"},"imguri":"","layers":"Main","isDummy":false,"latlng":{"lat":73.5172006755623,"lng":58.018489465454536}},{"id":41,"description":"Nylon","values":{"Υπερθέρμανση_του_Πλανήτη":"5","Ευτροφισμός":"-20","Έλλειψη_νερού":"10"},"imguri":"","layers":"Main","isDummy":false,"latlng":{"lat":-8.060593288912628,"lng":-127.8845657697297}},{"id":44,"description":"Ίνες κυτταρίνης","values":{"Υπερθέρμανση_του_Πλανήτη":"-5","Ευτροφισμός":"20","Έλλειψη_νερού":"8"},"imguri":"","layers":"Main","isDummy":false,"latlng":{"lat":-10.54261076446113,"lng":30.99425327425061}},{"id":47,"description":"Ύφασμα μοντάλ","values":{"Υπερθέρμανση_του_Πλανήτη":"-6","Ευτροφισμός":"-5","Έλλειψη_νερού":"5"},"imguri":"","layers":"Main","isDummy":false,"latlng":{"lat":-47.62887666740892,"lng":-46.139422742570645}},{"id":50,"description":"Spandex","values":{"Υπερθέρμανση_του_Πλανήτη":"-10","Ευτροφισμός":"-20","Έλλειψη_νερού":"25"},"imguri":"","layers":"Main","isDummy":false,"latlng":{"lat":28.998827226666208,"lng":-1.9412834542997643}},{"id":53,"description":"Συνθετικό Δέρμα","values":{"Υπερθέρμανση_του_Πλανήτη":"-8","Ευτροφισμός":"5","Έλλειψη_νερού":"-15"},"imguri":"","layers":"Main","isDummy":false,"latlng":{"lat":98.10867699559816,"lng":103.99500284717448}},{"id":56,"description":"Ίνες lyocell","values":{"Υπερθέρμανση_του_Πλανήτη":"10","Ευτροφισμός":"-20","Έλλειψη_νερού":"-30"},"imguri":"","layers":"Main","isDummy":false,"latlng":{"lat":-56.13552238296708,"lng":-92.1164358395731}},{"id":59,"description":"Πολυπροπυλένιο","values":{"Υπερθέρμανση_του_Πλανήτη":"15","Ευτροφισμός":"5","Έλλειψη_νερού":"-10"},"imguri":"","layers":"Main","isDummy":false,"latlng":{"lat":-93.66484171631191,"lng":64.80510886106572}},{"id":62,"description":"Ακρυλικό","values":{"Υπερθέρμανση_του_Πλανήτη":"-20","Ευτροφισμός":"-15","Έλλειψη_νερού":"8"},"imguri":"","layers":"Main","isDummy":false,"latlng":{"lat":-98.50351832000138,"lng":9.481760392186743}},{"id":65,"description":"Γούνα","values":{"Υπερθέρμανση_του_Πλανήτη":"15","Ευτροφισμός":"12","Έλλειψη_νερού":"-30"},"imguri":"","layers":"Main","isDummy":false,"latlng":{"lat":34.329799321625046,"lng":-98.67500305175781}}]