<xml xmlns="http://www.w3.org/1999/xhtml"><block type="controls_if" id="oUgd{3K~U[F@#aF]}ygA" x="888" y="299"><value name="IF0"><block type="logic_compare" id="~a@gT-aydG21O-1G.sjK"><field name="OP">GT</field><value name="A"><block type="singleVar" id="RTuC:_mI#d@k69q|ly)+"><field name="varName">Υπερθέρμανση_του_Πλανήτη</field></block></value><value name="B"><block type="math_number" id="qIM#58w_X12vI;dXPueD"><field name="NUM">25</field></block></value></block></value><statement name="DO0"><block type="popup" id="[Q+z*@b?dHC7[R=3+,rX"><field name="popuptext">Πρόσεξε! Η παγκόσμια κλιματική αλλαγή έχει ήδη ορατές συνέπειες στο περιβάλλον. Οι παγετώνες έχουν συρρικνωθεί, ο πάγος στα ποτάμια και τις λίμνες λιώνει νωρίτερα, τα είδη των φυτών και των ζώων έχουν αλλάξει και τα δέντρα και τα φυτά ανθίζουν νωρίτερα.</field></block></statement><next><block type="controls_if" id="u%nLeIuC]ntMaz}k[]fw"><value name="IF0"><block type="logic_compare" id="h=-/-J[Vw|2*pU.g.GWV"><field name="OP">GTE</field><value name="A"><block type="singleVar" id="Je[%N)d`Y:P7tm-W8]9T"><field name="varName">Υπερθέρμανση_του_Πλανήτη</field></block></value><value name="B"><block type="math_number" id="whBQ;(*vcVYf0!Q,*;#`"><field name="NUM">35</field></block></value></block></value><statement name="DO0"><block type="popup" id="kB1.9Xe2||,YX!?e_|lK"><field name="popuptext">Το παγκόσμιο επίπεδο της θάλασσας έχει αυξηθεί κατά 8 ίντσες</field></block></statement><next><block type="controls_if" id=".}[i7T_`~pp,xQTfT!|M"><value name="IF0"><block type="logic_compare" id=",FP0qRs?NPVPHI;sBx[b"><field name="OP">GTE</field><value name="A"><block type="singleVar" id="vuQR@}+{^TNp=FvWpJN;"><field name="varName">Ευτροφισμός</field></block></value><value name="B"><block type="math_number" id="enk%~(E4/_U}zeEM~4r!"><field name="NUM">20</field></block></value></block></value><statement name="DO0"><block type="popup" id="_4?~+.90n0TSm3MSv;})"><field name="popuptext">Υπάρχει αύξηση του ζελατινώδους ζωοπλαγκτού</field><next><block type="controls_if" id="_?J@xz)fwxG(8cJh*.Sg"><value name="IF0"><block type="logic_compare" id="Q!SaDkJ^7w02l0*4?3Z="><field name="OP">GTE</field><value name="A"><block type="singleVar" id="mW_8%_Ij!62[%jPVc{9f"><field name="varName">Ευτροφισμός</field></block></value><value name="B"><block type="math_number" id="QwGufwsHU#k)O~i`#J77"><field name="NUM">30</field></block></value></block></value><statement name="DO0"><block type="popup" id="0./]uZ:3UF7.zQr9Ws,Y"><field name="popuptext">Η βιοποικιλότητα μειώνεται αισθητά</field></block></statement></block></next></block></statement><next><block type="controls_if" id="Q/mm/iZ[[pHMXj5m`JA]"><value name="IF0"><block type="logic_compare" id="quYw9})Lr@,=i|S!/L9("><field name="OP">GT</field><value name="A"><block type="singleVar" id="TXZ@C1qO=lbk%NJfb3!@"><field name="varName">Έλλειψη_νερού</field></block></value><value name="B"><block type="math_number" id="yt||@5#a~]37Z?7EMEai"><field name="NUM">40</field></block></value></block></value><statement name="DO0"><block type="popup" id="6H.?Qq(^0]q[#~V7(+D_"><field name="popuptext">Με το τρέχον ποσοστό κατανάλωσης έως το 2025, τα δύο τρίτα του παγκόσμιου πληθυσμού ενδέχεται να αντιμετωπίσουν την έλλειψη νερού.</field></block></statement><next><block type="controls_if" id="~2oMB)9n^Z+@hEyW4^@l"><value name="IF0"><block type="logic_compare" id="s[VB^[Ok07%pe!;yc78!"><field name="OP">GT</field><value name="A"><block type="singleVar" id=";RH3+pmcAYY~ARbnH(3G"><field name="varName">Έλλειψη_νερού</field></block></value><value name="B"><block type="math_number" id="|gPY/ssP_A+d}Edo|C.5"><field name="NUM">60</field></block></value></block></value><statement name="DO0"><block type="popup" id="d`KuScXkdY{-8bxvhz1/"><field name="popuptext"> Το Κέιπ Τάουν της Νότιας Αφρικής βρίσκεται αντιμέτωπο με το ενδεχόμενο της "Ημέρας Μηδέν", την ημέρα κατά την οποία θα στερέψει όλο το δημόσιο νερό</field></block></statement></block></next></block></next></block></next></block></next></block></xml>