<xml xmlns="http://www.w3.org/1999/xhtml"><block type="controls_if" id="oUgd{3K~U[F@#aF]}ygA" x="252" y="169"><value name="IF0"><block type="logic_compare" id="~a@gT-aydG21O-1G.sjK"><field name="OP">GT</field><value name="A"><block type="singleVar" id="RTuC:_mI#d@k69q|ly)+"><field name="varName">Υπερθέρμανση_του_Πλανήτη</field></block></value><value name="B"><block type="math_number" id="qIM#58w_X12vI;dXPueD"><field name="NUM">80</field></block></value></block></value><statement name="DO0"><block type="popup" id="[XMzb=tiZEwjnqR(]mUV"><field name="popuptext">Έχασες</field><next><block type="gameover" id="MLR/6i}9oB6st5-+BGN}"></block></next></block></statement><next><block type="controls_if" id="DbN}cc^LPg;o`!1-cyYf"><value name="IF0"><block type="logic_compare" id="Dj%kW?Km4c4|Hq)lmJ%N"><field name="OP">GT</field><value name="A"><block type="singleVar" id="[52}{0`xFlSp9v5Mu)8-"><field name="varName">Ευτροφισμός</field></block></value><value name="B"><block type="math_number" id="Sccoy#b:mg?(C(?8c|)h"><field name="NUM">80</field></block></value></block></value><statement name="DO0"><block type="popup" id="}Rd:@P0a37dBP9g8Bxt@"><field name="popuptext">Έχασες</field><next><block type="gameover" id="[J{K02ZQXbD-K~IisLCz"></block></next></block></statement><next><block type="controls_if" id="ba2iLq)a6PYiV52,(C`g"><value name="IF0"><block type="logic_compare" id="dq@*-Phsj2hs4;TE;JO#"><field name="OP">GT</field><value name="A"><block type="singleVar" id="%Y=fS~H+T[{hdknK=u#n"><field name="varName">Έλλειψη_νερού</field></block></value><value name="B"><block type="math_number" id="J*_D3~??fExCw)56b^!3"><field name="NUM">80</field></block></value></block></value><statement name="DO0"><block type="popup" id="MdEou=}w[8y1RK}qgu-o"><field name="popuptext">Έχασες!</field><next><block type="gameover" id="#(LZk8OSKugAV!rair7="></block></next></block></statement></block></next></block></next></block></xml>