[{"id":"23","description":"HAMBURGER","values":["-30","3","20","-15","1"],"imguri":"","latlng":{"lat":70,"lng":-143.5}},{"id":"28","description":"ICE-CREAM","values":["-10","1","20","-5","1"],"imguri":"","latlng":{"lat":75,"lng":-69.5}},{"id":"30","description":"SOUVLAKI","values":["-30","3","20","-15","1"],"imguri":"","latlng":{"lat":81.5,"lng":16.5}},{"id":"32","description":"VEGETABLES","values":["20","-2","-5","15","1"],"imguri":"","latlng":{"lat":81.5,"lng":120.5}},{"id":"34","description":"CHICKEN","values":["10","1","10","5","1"],"imguri":"","latlng":{"lat":17.5,"lng":-137}},{"id":"36","description":"SWEETS","values":["-10","2","20","-5","1"],"imguri":"","latlng":{"lat":28,"lng":-39.5}},{"id":"38","description":"LEGUMES","values":["30","-1","-10","10","1"],"imguri":"","latlng":{"lat":22.5,"lng":34.5}},{"id":"40","description":"EGGS","values":["10","-1","5","5","1"],"imguri":"","latlng":{"lat":29,"lng":134}},{"id":"42","description":"PASTA","values":["30","-1","10","15","1"],"imguri":"","latlng":{"lat":-45,"lng":-146.5}},{"id":"44","description":"FRUIT","values":["20","-2","-5","15","1"],"imguri":"","latlng":{"lat":-37.5,"lng":-58.5}},{"id":"46","description":"BREAD-CERIALS","values":["30","-1","-10","15","1"],"imguri":"","latlng":{"lat":-50,"lng":31}},{"id":"48","description":"FISH","values":["10","-1","-10","10","1"],"imguri":"","latlng":{"lat":-34.5,"lng":131.5}},{"id":"50","description":"DAIRY","values":["10","-1","-10","10","1"],"imguri":"","latlng":{"lat":-103,"lng":-138}},{"id":"52","description":"PIZZA","values":["-20","3","20","-15","1"],"imguri":"","latlng":{"lat":-106.5,"lng":-36.5}},{"id":"54","description":"SOFT-DRINKS","values":["-30","2","20","-15","1"],"imguri":"","latlng":{"lat":-98.5,"lng":85.5}}]