<xml xmlns="http://www.w3.org/1999/xhtml"><block type="initialvalues" id="CNwq6IKdY@{SWi}{Hp.A" x="31" y="24"><statement name="Initial Values"><block type="initialValue" id="id1"><field name="varName">Nutritional_Value</field><value name="varVal"><block type="math_number" id="var1"><field name="NUM">40</field></block></value><next><block type="initialValue" id="id2"><field name="varName">Kilos</field><value name="varVal"><block type="math_number" id="var2"><field name="NUM">100</field></block></value><next><block type="initialValue" id="id3"><field name="varName">Pleasure</field><value name="varVal"><block type="math_number" id="var3"><field name="NUM">80</field></block></value><next><block type="initialValue" id="id4"><field name="varName">Health</field><value name="varVal"><block type="math_number" id="var4"><field name="NUM">20</field></block></value><next><block type="initialValue" id="id5"><field name="varName">Meal</field><value name="varVal"><block type="math_number" id="var5"><field name="NUM">0</field></block></value></block></next></block></next></block></next></block></next></block></statement></block></xml>