<xml xmlns="http://www.w3.org/1999/xhtml"><block type="controls_if" id="Y2+hKwiRc;KQNKX%2s!l" x="417" y="15"><value name="IF0"><block type="logic_operation" id="KF]/yt)U4xMm}@IhH9g`"><field name="OP">AND</field><value name="A"><block type="logic_compare" id="UwIzVQ4GHON_N4(nnuQI"><field name="OP">EQ</field><value name="A"><block type="singleVar" id="yXXxpQ@b}.~{ze;@k?|j"><field name="varName">Meal</field></block></value><value name="B"><block type="math_number" id="E1P54?2z/3zE1cuU%;#|"><field name="NUM">2</field></block></value></block></value><value name="B"><block type="logic_compare" id="Kf4%vV}iyK*sRt1fND*8"><field name="OP">LT</field><value name="A"><block type="singleVar" id="mYx@7Y#sQ#RNx0D_4L/y"><field name="varName">Kilos</field></block></value><value name="B"><block type="math_number" id="Jh6g}bt^t]Q1TLDFpas,"><field name="NUM">100</field></block></value></block></value></block></value><statement name="DO0"><block type="popup" id="l6Q!sFl!h~S-%]zTi,vZ"><field name="popuptext">I THINK WE ARE DOING GOOD</field></block></statement><next><block type="controls_if" id="IMPl;4,TmowhwcEwJ9S9"><value name="IF0"><block type="logic_operation" id="HWDcFQQ-jH[;{ATc0^.d"><field name="OP">AND</field><value name="A"><block type="logic_compare" id="*:#v*PBif~%w#t6IQE!/"><field name="OP">EQ</field><value name="A"><block type="singleVar" id="Bw[P0AgTXOZ(:dY#/8?i"><field name="varName">Meal</field></block></value><value name="B"><block type="math_number" id="x2Oh6FzshQOOUxc9EJ`H"><field name="NUM">2</field></block></value></block></value><value name="B"><block type="logic_compare" id="3N#`^ftl?sjVeV?PAk;t"><field name="OP">GT</field><value name="A"><block type="singleVar" id="{=E;_y4n%T:{e93}ktM^"><field name="varName">Kilos</field></block></value><value name="B"><block type="math_number" id="C)^,R~=*,:(TSJqe3(On"><field name="NUM">100</field></block></value></block></value></block></value><statement name="DO0"><block type="popup" id="v:Tcdsvg]!-p(XYXXWLo"><field name="popuptext">ARE YOU SURE THAT I AM LOOSING WEIGHT?</field></block></statement><next><block type="controls_if" id="}+=={O.k1.m;Zv)f7U73"><value name="IF0"><block type="logic_operation" id="1~I,}}C[^G`+l}mIm]cN"><field name="OP">AND</field><value name="A"><block type="logic_compare" id=":Od:8!,}0B[5n)*7S2u1"><field name="OP">EQ</field><value name="A"><block type="singleVar" id="=ABUfZhQfTV%Y;R;)0XF"><field name="varName">Meal</field></block></value><value name="B"><block type="math_number" id="aX@!oq.wdg8^?F3:X7DN"><field name="NUM">4</field></block></value></block></value><value name="B"><block type="logic_compare" id="c)jNioeRmt9J3Z+!D!)2"><field name="OP">GTE</field><value name="A"><block type="singleVar" id="X`@.a#2Rpn1;`GHJOj;S"><field name="varName">Nutritional_Value</field></block></value><value name="B"><block type="math_number" id="L-o}CR/Tp;F9MA!wYa#5"><field name="NUM">100</field></block></value></block></value></block></value><statement name="DO0"><block type="popup" id="Z9[g1?Urz?Ihq)*ibn)R"><field name="popuptext">GOOD! I EAT WHAT I NEED</field></block></statement><next><block type="controls_if" id="yDilQG29YRkgy?Dn-HVd"><value name="IF0"><block type="logic_operation" id="Tceq[2_k/?gAU9}|PXqH"><field name="OP">AND</field><value name="A"><block type="logic_compare" id="S?6VGhUx2]=:f;|V{EU~"><field name="OP">EQ</field><value name="A"><block type="singleVar" id="9j*5)oa`_2%skKOsHO{c"><field name="varName">Meal</field></block></value><value name="B"><block type="math_number" id="/zMM[h-P8VbZ0*jGj+sJ"><field name="NUM">4</field></block></value></block></value><value name="B"><block type="logic_compare" id="*[B;L!VmVu-C2oS!d!)]"><field name="OP">LT</field><value name="A"><block type="singleVar" id="c~3N*IB`33kx*s{+j=F3"><field name="varName">Nutritional_Value</field></block></value><value name="B"><block type="math_number" id="v~^r*aElmd{6%Dz@68cL"><field name="NUM">100</field></block></value></block></value></block></value><statement name="DO0"><block type="popup" id="fH%}OnV{7gXp:`lM8FZi"><field name="popuptext">HMM..DO YOU BELIEVE THAT MY DIET IS GOOD?</field></block></statement><next><block type="controls_if" id="+#BqZ8_tY85nQDVP:}|J"><value name="IF0"><block type="logic_operation" id="}E1C*)1CP[MxbXR9T8QN"><field name="OP">AND</field><value name="A"><block type="logic_compare" id="WlE{@5]yxGa343yt#`5L"><field name="OP">EQ</field><value name="A"><block type="singleVar" id="z;W{giiJ^7RXmdGY)`#Q"><field name="varName">Meal</field></block></value><value name="B"><block type="math_number" id="B0/.NKTa/joj#lwF((%x"><field name="NUM">6</field></block></value></block></value><value name="B"><block type="logic_compare" id="7wy{?m)+@k[#P0MytoCG"><field name="OP">GT</field><value name="A"><block type="singleVar" id="F?Qu_-?uv4=lM7BPr-DD"><field name="varName">Pleasure</field></block></value><value name="B"><block type="math_number" id="WMGXfLm66b];3uYA=Q)f"><field name="NUM">140</field></block></value></block></value></block></value><statement name="DO0"><block type="popup" id="1W.]5eH!qeg!m7.E;%BP"><field name="popuptext">MMM..I LIKE WHAT I EAT</field></block></statement><next><block type="controls_if" id="eY.UC/AWpnSErd*|c(2n"><value name="IF0"><block type="logic_operation" id="b:l;a3]]3m44Q[.meC;h"><field name="OP">AND</field><value name="A"><block type="logic_compare" id="+lRp0r]#j%[Nov~6UsTp"><field name="OP">EQ</field><value name="A"><block type="singleVar" id="~i,H?ZQJh8PKCLJ`T2%A"><field name="varName">Meal</field></block></value><value name="B"><block type="math_number" id="Jq?c|/~IXK!53,+*M#z;"><field name="NUM">6</field></block></value></block></value><value name="B"><block type="logic_compare" id="!7uOPSs~I8xtaedEl:q?"><field name="OP">LT</field><value name="A"><block type="singleVar" id="_yK-`r{l6g-8!b_F#X5w"><field name="varName">Pleasure</field></block></value><value name="B"><block type="math_number" id="YBS8y#RmdHHD?dOr0Jg_"><field name="NUM">140</field></block></value></block></value></block></value><statement name="DO0"><block type="popup" id=":|~RgXM(1Oz]TX1W=@0H"><field name="popuptext">I DON'T LIKE THE FOOD YOU ARE FEEDING ME! CONSIDER MY PREFERENCES</field></block></statement><next><block type="controls_if" id="Qp_U]Rd@-H^srhd7PHNy"><value name="IF0"><block type="logic_operation" id="%sppV1AU*kLy|2JVy09r"><field name="OP">AND</field><value name="A"><block type="logic_compare" id="h#}mKJ[;E^xoH*0s]A@Z"><field name="OP">EQ</field><value name="A"><block type="singleVar" id="`2}+1jPO?L-pGf;^|PqF"><field name="varName">Meal</field></block></value><value name="B"><block type="math_number" id="%HE(;a#*(t6sWiqau^n|"><field name="NUM">8</field></block></value></block></value><value name="B"><block type="logic_operation" id="=,NHO^b6n!k)u%+*.vdt"><field name="OP">AND</field><value name="A"><block type="logic_compare" id="kIyMJMsH`[v1XgFS^ES5"><field name="OP">GT</field><value name="A"><block type="singleVar" id="sDX5C%cu%-cfLm4vVd5h"><field name="varName">Kilos</field></block></value><value name="B"><block type="math_number" id="l`SZ=obbMG%E)G_9d|2}"><field name="NUM">93</field></block></value></block></value><value name="B"><block type="logic_compare" id="2MCk2C#x#dTtPyVW!bcE"><field name="OP">LT</field><value name="A"><block type="singleVar" id="C]gM__WG0~JrMXoat@F_"><field name="varName">Kilos</field></block></value><value name="B"><block type="math_number" id=",ap4c2}-W/.`scmx8*v5"><field name="NUM">100</field></block></value></block></value></block></value></block></value><statement name="DO0"><block type="popup" id="3EX2^AaZ(G}|Ocw~K_?F"><field name="popuptext">I WANT TO LOOSE MORE WEIGHT</field></block></statement><next><block type="controls_if" id="O6txYX|`,20fL7/9.[Iq"><value name="IF0"><block type="logic_operation" id="*)A):0~0U_HWxNL`rMI1"><field name="OP">AND</field><value name="A"><block type="logic_compare" id="H48A!`XM:^]{zH3~XBCL"><field name="OP">EQ</field><value name="A"><block type="singleVar" id="pcC?~e=BZ6mofqB~ExM#"><field name="varName">Meal</field></block></value><value name="B"><block type="math_number" id="XV/l(`7#lGJ*I0d[v1{w"><field name="NUM">8</field></block></value></block></value><value name="B"><block type="logic_compare" id="eqiMjaDG.u)G#_UpTr.W"><field name="OP">LTE</field><value name="A"><block type="singleVar" id="Qu(6j[MJn~.3CK%Mh=(Q"><field name="varName">Kilos</field></block></value><value name="B"><block type="math_number" id="@IRlNtExjN4p=kGJ0N%a"><field name="NUM">93</field></block></value></block></value></block></value><statement name="DO0"><block type="popup" id="`a9os9;Fy2=5c{B_bCLA"><field name="popuptext">WE ARE DOING GOOD! </field></block></statement><next><block type="controls_if" id="snLdBuaQetr+Xs#93Q`q"><value name="IF0"><block type="logic_operation" id="Jvl7YzmT4Rz]h)(u+LDY"><field name="OP">AND</field><value name="A"><block type="logic_compare" id="Xqz*?LNv@Yfek[K~af~T"><field name="OP">EQ</field><value name="A"><block type="singleVar" id="`iWh:(Xep%Y9{c(jPP36"><field name="varName">Meal</field></block></value><value name="B"><block type="math_number" id="`u+8W}kBipXh,0Btd9qB"><field name="NUM">10</field></block></value></block></value><value name="B"><block type="logic_compare" id="5b^h-ME`t+J8QekH@dj3"><field name="OP">GTE</field><value name="A"><block type="singleVar" id="*LMA^6CGhsb2+q!3Gway"><field name="varName">Nutritional_Value</field></block></value><value name="B"><block type="math_number" id="3(qR6?e?`Xj+l=~Ml7Bu"><field name="NUM">150</field></block></value></block></value></block></value><statement name="DO0"><block type="popup" id="ep%w^(yJpI+Km(oW!|u)"><field name="popuptext">THANK YOU! I FEEL MUCH BETTER WITH THE DIET I AM FOLLOWING</field></block></statement><next><block type="controls_if" id="Y(?^+o=B+*C7z.nn#:]l"><value name="IF0"><block type="logic_operation" id="fqkO6P_mPMBoT@0xkh@("><field name="OP">AND</field><value name="A"><block type="logic_compare" id="12ziQ6X0gQEKj_U/@%n?"><field name="OP">EQ</field><value name="A"><block type="singleVar" id="^0{(TehC].u_1@4b0snR"><field name="varName">Meal</field></block></value><value name="B"><block type="math_number" id="q+c]lXJ_J{LpZPmeN.aL"><field name="NUM">10</field></block></value></block></value><value name="B"><block type="logic_compare" id="*LC_|3/M)7p[8#B~kQv|"><field name="OP">LT</field><value name="A"><block type="singleVar" id="K,[c~bD{+/VUce3K@{^h"><field name="varName">Nutritional_Value</field></block></value><value name="B"><block type="math_number" id="uU!0_XOQN(D.liv,*2Q_"><field name="NUM">150</field></block></value></block></value></block></value><statement name="DO0"><block type="popup" id="M@UzA/-Ph_#Q|TNzknOb"><field name="popuptext">SHALL WE CONSIDER ANY FRUIT?</field></block></statement><next><block type="controls_if" id="BN-??@pP(gSP_4-Az5Ty"><value name="IF0"><block type="logic_compare" id="j=F3Sp?0ZI:lXL,M0j,M"><field name="OP">LT</field><value name="A"><block type="singleVar" id="yAuo.V?|/.Gm!NceqabP"><field name="varName">Health</field></block></value><value name="B"><block type="math_number" id="^C*hd`M%i+7M0Gr!V(:_"><field name="NUM">20</field></block></value></block></value><statement name="DO0"><block type="popup" id="`KaSIC9:vUM9~X@}M#0D"><field name="popuptext">BE CAREFUL BECAUSE WITH THIS DIET I MIGHT HAVE HEALTH PROBLEMS</field></block></statement><next><block type="controls_if" id="phtxx!Tb/k^Na/=CZV6C"><value name="IF0"><block type="logic_compare" id="4WQ+q#0X%gmaG#Ou|~W]"><field name="OP">LT</field><value name="A"><block type="singleVar" id="|W-vQI^(MgTX;qTHnk4R"><field name="varName">Pleasure</field></block></value><value name="B"><block type="math_number" id="?bjC6jgf@y2bI`yA(OLK"><field name="NUM">30</field></block></value></block></value><statement name="DO0"><block type="popup" id="k*#U%IgTdp#nchsBSNH("><field name="popuptext">YOU SHOULD CONSIDER MY FOOD PREFERENCES FROM TIME TO TIME</field></block></statement><next><block type="controls_if" id="i[X16yGu)bMG5CTX^rMX"><value name="IF0"><block type="logic_operation" id="UKP2j,pVtT]14PB)-{qw"><field name="OP">AND</field><value name="A"><block type="logic_compare" id="gW#mD#ktWz5xx#0W]A,A"><field name="OP">EQ</field><value name="A"><block type="singleVar" id="zHtsNIXEtwwGItUdb]N:"><field name="varName">Meal</field></block></value><value name="B"><block type="math_number" id="x.Knzn9Qx^24)fUXWLRX"><field name="NUM">12</field></block></value></block></value><value name="B"><block type="logic_compare" id="ux*vca4}Dh`E^!(.dTQq"><field name="OP">LT</field><value name="A"><block type="singleVar" id="(ayYFh-#82kCET9-!Z2r"><field name="varName">Kilos</field></block></value><value name="B"><block type="math_number" id="3@}ObkcG%NWCCVByGW|["><field name="NUM">90</field></block></value></block></value></block></value><statement name="DO0"><block type="popup" id="V*]T!v@j=].0uptS8mNv"><field name="popuptext">THANK YOU! WE HAVE TO GO SHOPPING NOW! MY CLOTHES ARE GETTING LOOSE </field></block></statement><next><block type="controls_if" id="fe6.6pI/o{.y#Z07ZqsM"><value name="IF0"><block type="logic_operation" id="Gk(4~d=h0d)%G4KDoh{B"><field name="OP">AND</field><value name="A"><block type="logic_compare" id="p3^cZ6g:_op4|LvANJ*="><field name="OP">EQ</field><value name="A"><block type="singleVar" id="N!R3awp6qUsyaWCcIQcq"><field name="varName">Meal</field></block></value><value name="B"><block type="math_number" id="[vDw=4f|Nlp(RckE#k-;"><field name="NUM">14</field></block></value></block></value><value name="B"><block type="logic_compare" id="}6`aZTV,`drv~6s:T4HQ"><field name="OP">LT</field><value name="A"><block type="singleVar" id="[umOsi2I?sCPo.]B8cKu"><field name="varName">Pleasure</field></block></value><value name="B"><block type="math_number" id="EQA3^3?l):o0W[1%~y3:"><field name="NUM">240</field></block></value></block></value></block></value><statement name="DO0"><block type="popup" id="EXl69JPEwVI/F]{jreMx"><field name="popuptext">I NEED SOMETHING MORE TASTY</field></block></statement><next><block type="controls_if" id=")Mo+G*IDV5MI66q7lTK!"><value name="IF0"><block type="logic_operation" id="dSAIY-EK7sz8CIoqSmhP"><field name="OP">AND</field><value name="A"><block type="logic_compare" id="C+`*r0wKzZLzTk%kuBR~"><field name="OP">EQ</field><value name="A"><block type="singleVar" id="dWD*e%TSU.@U9Sofu^`I"><field name="varName">Meal</field></block></value><value name="B"><block type="math_number" id="gR5pIPNK{7gJ^]P|:L2]"><field name="NUM">14</field></block></value></block></value><value name="B"><block type="logic_compare" id="ug,A#BG;mMduX(iS+yM8"><field name="OP">GTE</field><value name="A"><block type="singleVar" id="%FK,)FPT(gt^pU]KH!qz"><field name="varName">Pleasure</field></block></value><value name="B"><block type="math_number" id="CY_(lZPE0kWC.EtK8JK7"><field name="NUM">240</field></block></value></block></value></block></value><statement name="DO0"><block type="popup" id="iV9=_O[rE;9uTVs!|m7U"><field name="popuptext">MMM! I LIKE WHAT YOU FEED ME</field></block></statement><next><block type="controls_if" id=":j^ZY4#j|C_[JZvf-~(r"><value name="IF0"><block type="logic_compare" id="q[kAAdjd]qrs@V~gJ-Fc"><field name="OP">LT</field><value name="A"><block type="singleVar" id="w187DHh0h3S|6e1gf9mF"><field name="varName">Nutritional_Value</field></block></value><value name="B"><block type="math_number" id="MGU?6]]}_jYnJSb__}*-"><field name="NUM">40</field></block></value></block></value><statement name="DO0"><block type="popup" id="./IJ.`#ROxO?gKx6t[lD"><field name="popuptext">THE NEXT MEAL SHOULD HAVE HIGHER NUTRITIONAL VALUE</field></block></statement><next><block type="controls_if" id="A{E{RIYYzCVRim1,De_T"><value name="IF0"><block type="logic_operation" id="]mk:8xRfO[H.C=?KUjLZ"><field name="OP">AND</field><value name="A"><block type="logic_compare" id="]o.nL4vB2[[YFvuP|CF["><field name="OP">EQ</field><value name="A"><block type="singleVar" id="~OQ;L@Cv4V++M~gvfP[5"><field name="varName">Meal</field></block></value><value name="B"><block type="math_number" id="^zi=faqQ|]7W+JnLdZg0"><field name="NUM">16</field></block></value></block></value><value name="B"><block type="logic_compare" id="C*lH*5=7GvAyhMN86t2A"><field name="OP">GTE</field><value name="A"><block type="singleVar" id="kEJy8+YGdN!V,L/c))p/"><field name="varName">Health</field></block></value><value name="B"><block type="math_number" id=",ZxWL46%53ABvk.J[JB*"><field name="NUM">160</field></block></value></block></value></block></value><statement name="DO0"><block type="popup" id="z^X3C3QJ[{D=e=.TQK)V"><field name="popuptext">GREAT! MY DIET IS HEALTHY!</field></block></statement><next><block type="controls_if" id="1xAPxOveV15QTWt^:qoO"><value name="IF0"><block type="logic_operation" id="c/a0138E](|=CJ:q,6(T"><field name="OP">AND</field><value name="A"><block type="logic_compare" id="IoFXi_+b;|1~i;#GgR|E"><field name="OP">EQ</field><value name="A"><block type="singleVar" id=":xOapw*8W?%e(ZFZ@znA"><field name="varName">Meal</field></block></value><value name="B"><block type="math_number" id="htcTmI4J4p;YjktQAYlN"><field name="NUM">16</field></block></value></block></value><value name="B"><block type="logic_compare" id="rRxVe0y)G@9G!3a=y|iw"><field name="OP">LT</field><value name="A"><block type="singleVar" id="1TF%v`CQy=kNWLs*JH~A"><field name="varName">Health</field></block></value><value name="B"><block type="math_number" id=",b?L|*a*8l.pv~m9N4)t"><field name="NUM">160</field></block></value></block></value></block></value><statement name="DO0"><block type="popup" id="~h;NM;,-|u4[FRQcX`p?"><field name="popuptext">I THINK I SHOULD EAT MORE HEALTHY FOOD</field></block></statement><next><block type="controls_if" id="^[1:6p(~QDAhBV`r9XxP"><value name="IF0"><block type="logic_operation" id="rh#~Ryi68J#Up0fS?[Sk"><field name="OP">AND</field><value name="A"><block type="logic_compare" id="*wYzim[={iSuUmCk[G8Z"><field name="OP">EQ</field><value name="A"><block type="singleVar" id="O[}w[aFsJ[zlQqqU5Zl+"><field name="varName">Meal</field></block></value><value name="B"><block type="math_number" id=")-A1-mKO.jVeHcX1f~SW"><field name="NUM">18</field></block></value></block></value><value name="B"><block type="logic_compare" id="LLGuvPEb0j[ugVuk`ooY"><field name="OP">LT</field><value name="A"><block type="singleVar" id="y*tdU76|{fNaM2hyR/=5"><field name="varName">Nutritional_Value</field></block></value><value name="B"><block type="math_number" id="Kh*~Yb*ibnIY5rS4%gy."><field name="NUM">220</field></block></value></block></value></block></value><statement name="DO0"><block type="popup" id="h#f}#e1`n0M;!lRsOkAZ"><field name="popuptext">SHALL WE CONSIDER SOME VEGETABLES?</field></block></statement></block></next></block></next></block></next></block></next></block></next></block></next></block></next></block></next></block></next></block></next></block></next></block></next></block></next></block></next></block></next></block></next></block></next></block></next></block></xml>