<xml xmlns="http://www.w3.org/1999/xhtml"><block type="controls_if" id="oUgd{3K~U[F@#aF]}ygA" x="140" y="27"><value name="IF0"><block type="logic_compare" id="~a@gT-aydG21O-1G.sjK"><field name="OP">LTE</field><value name="A"><block type="singleVar" id="RTuC:_mI#d@k69q|ly)+"><field name="varName">Health</field></block></value><value name="B"><block type="math_number" id="qIM#58w_X12vI;dXPueD"><field name="NUM">0</field></block></value></block></value><statement name="DO0"><block type="popup" id="b1I)Y!ZCy}#Cr6v.sh6?"><field name="popuptext">Game Over</field><next><block type="gameover" id="-4%zvx#OHBA;s}82T`;F"></block></next></block></statement><next><block type="controls_if" id="fx7.^RJ}9fHg/fX2O!p/"><value name="IF0"><block type="logic_compare" id="y_n#-u;HMzk(2T1vw1J."><field name="OP">LTE</field><value name="A"><block type="singleVar" id="1^r/otQ^}~C5E6UhT1`G"><field name="varName">Nutritional_Value</field></block></value><value name="B"><block type="math_number" id="[QEi4jWXiiq)9X~YlXii"><field name="NUM">0</field></block></value></block></value><statement name="DO0"><block type="popup" id="N8[{dp)kgej.@_?GO[vj"><field name="popuptext">Game Over</field><next><block type="gameover" id="h|w1_wGz#rh~H;bPp]kU"></block></next></block></statement><next><block type="controls_if" id="Oy:8DjWu~?`N}72XyIUl"><value name="IF0"><block type="logic_compare" id="(H#aq!]4:YB=i8bUY(M*"><field name="OP">LTE</field><value name="A"><block type="singleVar" id="pM6HsIE%1Jfypjg`XB78"><field name="varName">Pleasure</field></block></value><value name="B"><block type="math_number" id="l^dduIl?IzP%2p`/G+!g"><field name="NUM">0</field></block></value></block></value><statement name="DO0"><block type="popup" id="0`R%L3dbLRGLK6t2@7cA"><field name="popuptext">Game Over</field><next><block type="gameover" id="c+qOc20)P:LmSjb@GH@5"></block></next></block></statement></block></next> </block></next></block></xml>