[{"id":32,"description":"Online survey","values":{"Allocated_time":"8","Effort":"20","Money":"5","Immersion":"-5"},"imguri":"","layers":"Main","isDummy":false,"latlng":{"lat":105.12210764393244,"lng":157.37418237778417}},{"id":35,"description":"Observer a user","values":{"Allocated_time":"-4","Effort":"20","Money":"0","Immersion":"5"},"imguri":"","layers":"Main","isDummy":false,"latlng":{"lat":136.37335518089745,"lng":870.5461631936165}},{"id":38,"description":"Interview in school","values":{"Allocated_time":"6","Effort":"-15","Money":"15","Immersion":"0"},"imguri":"","layers":"Main","isDummy":false,"latlng":{"lat":255.70184930834554,"lng":90.2239799277183}},{"id":41,"description":"Interview in coffeeshop","values":{"Allocated_time":"-4","Effort":"-15","Money":"-10","Immersion":"-5"},"imguri":"","layers":"Main","isDummy":false,"latlng":{"lat":283.6100066555435,"lng":730.5334822056923}},{"id":44,"description":"Hospital-day in life","values":{"Allocated_time":"-8","Effort":"-15","Money":"0","Immersion":"20"},"imguri":"","layers":"Main","isDummy":false,"latlng":{"lat":243.00726765647278,"lng":902.5743716930181}},{"id":47,"description":"Observe at the airport","values":{"Allocated_time":"-6","Effort":"-6","Money":"-10","Immersion":"5"},"imguri":"","layers":"Main","isDummy":false,"latlng":{"lat":392.2477745765728,"lng":178.22255377158382}},{"id":50,"description":"Interview at train station","values":{"Allocated_time":"-4","Effort":"-15","Money":"10","Immersion":"-5"},"imguri":"","layers":"Main","isDummy":false,"latlng":{"lat":344.4447248611186,"lng":185.9419689378381}},{"id":53,"description":"Survey at marketplace","values":{"Allocated_time":"2","Effort":"-5","Money":"5","Immersion":"-5"},"imguri":"","layers":"Main","isDummy":false,"latlng":{"lat":274.93667279205727,"lng":548.8835246506974}},{"id":56,"description":"Survey at school","values":{"Allocated_time":"2","Effort":"5","Money":"5","Immersion":"-5"},"imguri":"","layers":"Main","isDummy":false,"latlng":{"lat":282.6098497662169,"lng":167.50399016977116}},{"id":59,"description":"Observe user at countryside","values":{"Allocated_time":"-6","Effort":"-20","Money":"-5","Immersion":"5"},"imguri":"","layers":"Main","isDummy":false,"latlng":{"lat":400.26809738355666,"lng":854.8832047452987}},{"id":62,"description":"Observe user at work","values":{"Allocated_time":"-8","Effort":"-5","Money":"0","Immersion":"5"},"imguri":"","layers":"Main","isDummy":false,"latlng":{"lat":393.4179681475772,"lng":516.6558352103847}},{"id":65,"description":"Observe at the park","values":{"Allocated_time":"4","Effort":"10","Money":"0","Immersion":"-10"},"imguri":"","layers":"Main","isDummy":false,"latlng":{"lat":116.82106958164873,"lng":486.5730049269227}},{"id":68,"description":"Day in the life at the office","values":{"Allocated_time":"-8","Effort":"-8","Money":"-2","Immersion":"10"},"imguri":"","layers":"Main","isDummy":false,"latlng":{"lat":363.16636061658465,"lng":514.9266477304202}},{"id":71,"description":"Day in the life at users' home","values":{"Allocated_time":"-6","Effort":"-8","Money":"2","Immersion":"20"},"imguri":"","layers":"Main","isDummy":false,"latlng":{"lat":220.10538918110794,"lng":734.5434451559403}},{"id":74,"description":"Interview at users' home","values":{"Allocated_time":"-4","Effort":"-2","Money":"0","Immersion":"10"},"imguri":"","layers":"Main","isDummy":false,"latlng":{"lat":187.02134389429534,"lng":743.5823295538005}}]