<xml xmlns="http://www.w3.org/1999/xhtml"><block type="controls_if" id="JG:Bk7guro@Wc,+62(78" x="102" y="23"><value name="IF0"><block type="logic_compare" id="6VEFyidh/b+Z~)Qy+4%."><field name="OP">LTE</field><value name="A"><block type="singleVar" id="Z*n(A*9n0]7Z-CY:W6O/"><field name="varName">Allocated_time</field></block></value><value name="B"><block type="math_number" id="-fy(UFn]==zYU*BeI6wx"><field name="NUM">8</field></block></value></block></value><statement name="DO0"><block type="popup" id="drrc#(S0v%*J{3eH3B8o"><field name="popuptext">You only have 1 day left to spend empathizing</field></block></statement><next><block type="controls_if" id="2!Hj!;lzHXkrXxUh@aGc"><value name="IF0"><block type="logic_compare" id="Tlqqa0u+3odI~2fZ/S,J"><field name="OP">LTE</field><value name="A"><block type="singleVar" id="/+{EquK/*]2BaHpo{^AK"><field name="varName">Effort</field></block></value><value name="B"><block type="math_number" id="rx-KG[-Unl-y%XSau|.J"><field name="NUM">10</field></block></value></block></value><statement name="DO0"><block type="popup" id="Eg}l9,S[3)K7(+{{Jc)x"><field name="popuptext">You have put in a lot if effort, good job, but make sure you don't burn out</field></block></statement><next><block type="controls_if" id="mP26~Bg.L`DP;%n7FH9}"><value name="IF0"><block type="logic_compare" id="WTCX@]rw[__gPX6Lz5V9"><field name="OP">LTE</field><value name="A"><block type="singleVar" id=",nkA6-+A]krU*xGDou77"><field name="varName">Money</field></block></value><value name="B"><block type="math_number" id="Cq)*WE4}1E-E8Hx~?!yw"><field name="NUM">7</field></block></value></block></value><statement name="DO0"><block type="popup" id="Ro2.p.dZ7t/6zjm`Ov#,"><field name="popuptext">You're almost broke. Try to save money</field></block></statement><next><block type="controls_if" id="DX]Lftg/vHj0s-%Me_PB"><value name="IF0"><block type="logic_compare" id="nw]RIL42lEHxFsu%-,[!"><field name="OP">LTE</field><value name="A"><block type="singleVar" id="c/3bgs1udrV-|9=V^W6n"><field name="varName">Immersion</field></block></value><value name="B"><block type="math_number" id="_x7U!@t./7xXqEXE9fO2"><field name="NUM">-5</field></block></value></block></value><statement name="DO0"><block type="popup" id="[E^gB#EL6[KH0NEqk*LU"><field name="popuptext">Try to understand your user better</field></block></statement></block></next></block></next></block></next></block></xml>