<xml xmlns="http://www.w3.org/1999/xhtml"><block type="controls_if" id="~vNN:=h9dtsOUB2].2C+" x="197" y="-183"><value name="IF0"><block type="logic_compare" id="2AbD]|P^E{Q,Tokm@~u4"><field name="OP">LTE</field><value name="A"><block type="singleVar" id="2b4bqt*NHM(i2{i`9TN2"><field name="varName">Immersion</field></block></value><value name="B"><block type="math_number" id="(DsV(yfu7.l3l]RlrFGP"><field name="NUM">-20</field></block></value></block></value><statement name="DO0"><block type="popup" id="8eMWfkX#0hX@4pvNN,.E"><field name="popuptext">You didn't achieve high immersion! Keep exploring the “Discover” continent to achieve more immersion to your audience needs! Try again!</field><next><block type="gameover" id="~v]!+Wal9y:{vLq6V%@+"></block></next></block></statement><next><block type="controls_if" id="oUgd{3K~U[F@#aF]}ygA"><value name="IF0"><block type="logic_compare" id="~a@gT-aydG21O-1G.sjK"><field name="OP">LTE</field><value name="A"><block type="singleVar" id="RTuC:_mI#d@k69q|ly)+"><field name="varName">Money</field></block></value><value name="B"><block type="math_number" id="qIM#58w_X12vI;dXPueD"><field name="NUM">0</field></block></value></block></value><statement name="DO0"><block type="controls_if" id="8{F=eXu#l2Xku_%PXPgK"><value name="IF0"><block type="logic_operation" id="(:!}H+*`wbw#t/cLiD){"><field name="OP">AND</field><value name="A"><block type="logic_compare" id="-VdmR]v:2Q?3F=MOS#Qy"><field name="OP">GT</field><value name="A"><block type="singleVar" id="pXntm_)QW83ZjS+lc1/-"><field name="varName">Immersion</field></block></value><value name="B"><block type="math_number" id="4.pGC_%bH{E-OBI_75/x"><field name="NUM">60</field></block></value></block></value><value name="B"><block type="logic_compare" id="s{-By5cRQ6o:|cQeCg9@"><field name="OP">GTE</field><value name="A"><block type="movescounter" id="YPLale--6-txa?~v7~r~"></block></value><value name="B"><block type="math_number" id="ojenQN)|R*8m#!p/7pB5"><field name="NUM">15</field></block></value></block></value></block></value><statement name="DO0"><block type="popup" id="[XMzb=tiZEwjnqR(]mUV"><field name="popuptext">You ran out of Money having achieved good levels of immersion. Well Done! It seems that the visit in the “Discover” continent is going really well for you! Your experience has made you capable of empathizing with your audience so that you can adjust your goals in existing needs!</field></block></statement><next><block type="controls_if" id="=Tu}m-O`9,Ftv#XcUaO["><value name="IF0"><block type="logic_operation" id="yj7%|.89nISU[kjnkN8Q"><field name="OP">AND</field><value name="A"><block type="logic_compare" id="K@_6}:h-ufou|[gtV#e3"><field name="OP">GT</field><value name="A"><block type="singleVar" id="nf[~~Yt%VOT5[H^80pcb"><field name="varName">Immersion</field></block></value><value name="B"><block type="math_number" id="Au,{*i%0P8;/8uscO0+H"><field name="NUM">50</field></block></value></block></value><value name="B"><block type="logic_compare" id=".1Cu.FM3;YcDUGMrY)?P"><field name="OP">GTE</field><value name="A"><block type="movescounter" id="4l05w#w[|#]%IF1y:F7!"></block></value><value name="B"><block type="math_number" id="e_i)xOpL[6R}d54x[6-7"><field name="NUM">15</field></block></value></block></value></block></value><statement name="DO0"><block type="popup" id="G:uT0q1ENLj}e%q~+5l("><field name="popuptext">You ran out of Money, but you have achieved medium levels of immersion. Good Job! However, the more you discover, the more you empathize with your audience. You can start framing your project in the next phase but you can also give yourself another shot in exploring your audience needs.</field></block></statement><next><block type="controls_if" id="Vl0|;7C_)eEJ;;qCZ2O?"><value name="IF0"><block type="logic_operation" id="kmKy?9;S6IMEzGsyxpD-"><field name="OP">AND</field><value name="A"><block type="logic_compare" id="i2ph`6I^X696}pJ+.W*("><field name="OP">LT</field><value name="A"><block type="singleVar" id="sizwp%E@i^|pQ}`pDLvT"><field name="varName">Immersion</field></block></value><value name="B"><block type="math_number" id="OUx9})[_S|xV_J.?0FEj"><field name="NUM">20</field></block></value></block></value><value name="B"><block type="logic_compare" id="e?y[2.|E8_6OfAQ+j~++"><field name="OP">GTE</field><value name="A"><block type="movescounter" id="3dHv/p8S*Keb{|5OP338"></block></value><value name="B"><block type="math_number" id="[J6!3Qgon11g{Hmukz2g"><field name="NUM">15</field></block></value></block></value></block></value><statement name="DO0"><block type="popup" id="a?(nBy_6V2-1`RvUx~[|"><field name="popuptext">You ran out of Money, without having achieved any immersion. Keep exploring the “Discover” continent to achieve more immersion to your audience needs! Try again!</field></block></statement><next><block type="controls_if" id="aib]7TY4+ZW#gx@QO77["><value name="IF0"><block type="logic_compare" id="rsI;MZn4E!ql785M-]bL"><field name="OP">LT</field><value name="A"><block type="movescounter" id="2n8y?X}j8pk|^:R*qbNY"></block></value><value name="B"><block type="math_number" id="7diK8F8{Vn?5=psM1)ML"><field name="NUM">15</field></block></value></block></value><statement name="DO0"><block type="popup" id="#LeQV!+b*tWXc5FHxl,f"><field name="popuptext">You ran out of Money, without having achieved any immersion. Keep exploring the “Discover” continent to achieve more immersion to your audience needs! Try again!</field></block></statement><next><block type="gameover" id="O{jMhu,BU`cl7:5r1Xb!"></block></next></block></next></block></next></block></next></block></statement></block></next></block><block type="controls_if" id="zpm@J*6j+z~5ob-EeD6G" x="894" y="-162"><value name="IF0"><block type="logic_compare" id="]D!IjDBcl[~0Y{9*eA]9"><field name="OP">LTE</field><value name="A"><block type="singleVar" id="4V_~{%wRP`:TLxB24b7e"><field name="varName">Effort</field></block></value><value name="B"><block type="math_number" id="rQQbBY@JkkIk}%D66Y(Q"><field name="NUM">0</field></block></value></block></value><statement name="DO0"><block type="controls_if" id="|AiA@R-/dkEh{lPs~7pG"><value name="IF0"><block type="logic_operation" id="y[G?tgyo0iBk%b9yU!l*"><field name="OP">AND</field><value name="A"><block type="logic_compare" id="?@a9A{zqM]Yz^Pbag?YG"><field name="OP">GT</field><value name="A"><block type="singleVar" id="ga;5KVrF;W(gZv3/V^Od"><field name="varName">Immersion</field></block></value><value name="B"><block type="math_number" id="7(cPZ%AEGCwDEMo.)m9?"><field name="NUM">60</field></block></value></block></value><value name="B"><block type="logic_compare" id="UQ.f3E@aUCve5wvqSiC("><field name="OP">GTE</field><value name="A"><block type="movescounter" id="mR;ZD.a0EVf2buH7P`2|"></block></value><value name="B"><block type="math_number" id="Yp^[kUv;7%Mv5BtIxH*+"><field name="NUM">15</field></block></value></block></value></block></value><statement name="DO0"><block type="popup" id="Uo5!k#qtR8:eC5%S},^P"><field name="popuptext">You burned out from putting in too much effort, but you have empathized with your users! Well Done! It seems that the visit in the “Discover” continent is going really well for you! Your experience has made you capable of empathizing with your audience so that you can adjust your goals in existing needs!</field></block></statement><next><block type="controls_if" id="L?)*QXmp1OE:^H~^#tse"><value name="IF0"><block type="logic_operation" id="FJ{;m@}?_rRzt=t7U;@?"><field name="OP">AND</field><value name="A"><block type="logic_compare" id="nXs]BS.M.dGgX]2;GYay"><field name="OP">GT</field><value name="A"><block type="singleVar" id="mnV^5B!c%x}W4k_T0~W7"><field name="varName">Immersion</field></block></value><value name="B"><block type="math_number" id="ESiO%HxZZ/SEXgC#@z*B"><field name="NUM">50</field></block></value></block></value><value name="B"><block type="logic_compare" id="[FlNu2oH[.)C-c3@1[ax"><field name="OP">GTE</field><value name="A"><block type="movescounter" id="EdaUaI#PxwJ#C^0u.UW,"></block></value><value name="B"><block type="math_number" id="7Q!5K`BR{FTL!+!{VfG_"><field name="NUM">15</field></block></value></block></value></block></value><statement name="DO0"><block type="popup" id="BSQNnZxP;Ej{HfB#)2*r"><field name="popuptext">You burned out from putting in too much effort, but you have gained some understanding of the user. Good Job! However, the more you discover, the more you empathize with your audience. You can start framing your project in the next phase but you can also give yourself another shot in exploring your audience needs.</field></block></statement><next><block type="controls_if" id="{%R9I#e0)174q^yxH@n2"><value name="IF0"><block type="logic_operation" id="]37qP-jOx{}B.2[56E}["><field name="OP">AND</field><value name="A"><block type="logic_compare" id="2xCK5?+6X`M2N~4Aeo+1"><field name="OP">LT</field><value name="A"><block type="singleVar" id="g_/BYC[g`iPva.DcNS9W"><field name="varName">Immersion</field></block></value><value name="B"><block type="math_number" id="LM/[1/]dhlFk*ry}2rXb"><field name="NUM">20</field></block></value></block></value><value name="B"><block type="logic_compare" id="#Rs@Dpt@|:E=uvp#=4:x"><field name="OP">GTE</field><value name="A"><block type="movescounter" id="XTb^Sf7*HLd9M:KjSLg`"></block></value><value name="B"><block type="math_number" id="~:)JN@09|/}bR}YWcs=!"><field name="NUM">15</field></block></value></block></value></block></value><statement name="DO0"><block type="popup" id="_bd19vl/l.d|vH^:aeix"><field name="popuptext">You burned out from putting in too much effort without having understand the user enough. Keep exploring the “Discover” continent to achieve more immersion to your audience needs! Try again!</field></block></statement><next><block type="controls_if" id="VzL^D%zv=T0+q6%el3[3"><value name="IF0"><block type="logic_compare" id="_H3~X!OH4XBIAB9*6Dp@"><field name="OP">LT</field><value name="A"><block type="movescounter" id="4#;LAM]qPMyO6R;Ig6lc"></block></value><value name="B"><block type="math_number" id="7}PL12WJK)p]1C?}(eBX"><field name="NUM">15</field></block></value></block></value><statement name="DO0"><block type="popup" id="HRp?1fhZan=O+LH=P,?g"><field name="popuptext">You burned out from putting in too much effort without having understand the user enough. Keep exploring the “Discover” continent to achieve more immersion to your audience needs! Try again!</field></block></statement><next><block type="gameover" id="=T.r4no*`y|%o|0f0in}"></block></next></block></next></block></next></block></next></block></statement><next><block type="controls_if" id="P?)XBNTDdh;Q?x-4{gg;"><value name="IF0"><block type="logic_compare" id="ZyzXrGPJpe*4g|=FfzZN"><field name="OP">LTE</field><value name="A"><block type="singleVar" id="U!rYTEYBWN`pc9gl_t`("><field name="varName">Allocated_time</field></block></value><value name="B"><block type="math_number" id="2#J^7vuV36ql[c~h_pom"><field name="NUM">0</field></block></value></block></value><statement name="DO0"><block type="controls_if" id="Wu.Dihk:-,7KEGKU}P/|"><value name="IF0"><block type="logic_operation" id="bq#=EmK=h6IY909Pl0}/"><field name="OP">AND</field><value name="A"><block type="logic_compare" id=",Y#olsaI7zjA,En[mK}J"><field name="OP">GT</field><value name="A"><block type="singleVar" id="#=BS[YrN@7icK9!ect=*"><field name="varName">Immersion</field></block></value><value name="B"><block type="math_number" id="s=XAG^b(/aq6f_9;;31w"><field name="NUM">60</field></block></value></block></value><value name="B"><block type="logic_compare" id=";t!gESEDZNjWG^V%x+tV"><field name="OP">GTE</field><value name="A"><block type="movescounter" id="SNSnw@0b_yLKIxPoGI|l"></block></value><value name="B"><block type="math_number" id="7Va%GP^NOWo1{5q.74ri"><field name="NUM">15</field></block></value></block></value></block></value><statement name="DO0"><block type="popup" id="eU!A)Bs3!WT.yH%WMT~B"><field name="popuptext">You ran out of time! However, you did well! It seems that the visit in the “Discover” continent is going really well for you! Your experience has made you capable of empathizing with your audience so that you can adjust your goals in existing needs!</field></block></statement><next><block type="controls_if" id="sLA/yVm/WU9bq!bhv`z!"><value name="IF0"><block type="logic_operation" id="/x#yC`/X!Km=O;%1Mtg|"><field name="OP">AND</field><value name="A"><block type="logic_compare" id="[rh!2{ve){92@@*ETE*D"><field name="OP">GT</field><value name="A"><block type="singleVar" id="3i+L[@@@fw,@F6rr9g5v"><field name="varName">Immersion</field></block></value><value name="B"><block type="math_number" id="1^TBiglZLxdB8nicEOVA"><field name="NUM">50</field></block></value></block></value><value name="B"><block type="logic_compare" id="_qxAn+G7m#]/RC5?S?jP"><field name="OP">GTE</field><value name="A"><block type="movescounter" id="P8K%y2%t:|/E2G_]g~+H"></block></value><value name="B"><block type="math_number" id="rf6:N2~)_LA]3iwWa0GW"><field name="NUM">15</field></block></value></block></value></block></value><statement name="DO0"><block type="popup" id="LpYZy.O8GM-tY-gBBSg/"><field name="popuptext">You ran out of time! However, you didn't do a bad job, having achieved ok levels of immersion. The more you discover, the more you empathize with your audience. You can start framing your project in the next phase but you can also give yourself another shot in exploring your audience needs.</field></block></statement><next><block type="controls_if" id="-naU]j{Ymx@Z5an+Fs{n"><value name="IF0"><block type="logic_operation" id="4Q[Uj=3hK!/!QS%o=un*"><field name="OP">AND</field><value name="A"><block type="logic_compare" id=".x^opEP{Oo*i2`KXlA*K"><field name="OP">LT</field><value name="A"><block type="singleVar" id="-@WDe}O^Pu2lI6kZ`@wk"><field name="varName">Immersion</field></block></value><value name="B"><block type="math_number" id=")4Wi84=h@q`^HJfev;uD"><field name="NUM">20</field></block></value></block></value><value name="B"><block type="logic_compare" id="@ACQ#3t(P2!]~P2G9BCT"><field name="OP">GTE</field><value name="A"><block type="movescounter" id="C~AcV=!6Niqi`!%!K59}"></block></value><value name="B"><block type="math_number" id=";jo7FuU(pd9gZKUTd|{|"><field name="NUM">15</field></block></value></block></value></block></value><statement name="DO0"><block type="popup" id="u8K%!kD]F#{YflDT#F9i"><field name="popuptext">You ran out of time! Keep exploring the “Discover” continent to achieve more immersion to your audience needs! Try again!</field></block></statement><next><block type="controls_if" id="@`Hw=df0n5A0=5%XjG;Q"><value name="IF0"><block type="logic_compare" id="[*ahGIyQPd,^Z(2wgno5"><field name="OP">LT</field><value name="A"><block type="movescounter" id="R2hz-vQLblg|ZPrF|sKP"></block></value><value name="B"><block type="math_number" id="}v|QD=-r1AU%pOZwq8}z"><field name="NUM">15</field></block></value></block></value><statement name="DO0"><block type="popup" id="DUeNQU3JzP/w}FGiq8y="><field name="popuptext">You ran out of time! Keep exploring the “Discover” continent to achieve more immersion to your audience needs! Try again!</field></block></statement><next><block type="gameover" id="yhhjT/ztRHyk+NfzlPsb"></block></next></block></next></block></next></block></next></block></statement></block></next></block></xml>