<xml xmlns="http://www.w3.org/1999/xhtml"><block type="initialvalues" id="7%pi|u/wU`(M`t7@0~7Z" x="88" y="88"><statement name="Initial Values"><block type="initialValue" id="id1"><field name="varName">Allocated_time</field><value name="varVal"><block type="math_number" id="var1"><field name="NUM">40</field></block></value><next><block type="initialValue" id="id2"><field name="varName">Effort</field><value name="varVal"><block type="math_number" id="var2"><field name="NUM">100</field></block></value><next><block type="initialValue" id="~s{Z@Wu5efZf?_p/=!6q"><field name="varName">Money</field><value name="varVal"><block type="math_number" id=",@hoVOJ]M`c-BTJtqs+;"><field name="NUM">20</field></block></value><next><block type="initialValue" id="^QGMz12^oA*x%46zl#k2"><field name="varName">Immersion</field><value name="varVal"><block type="math_number" id="6AElQ?bHahA.cq_]X|kY"><field name="NUM">0</field></block></value></block></next></block></next></block></next></block></statement></block></xml>