<xml xmlns="http://www.w3.org/1999/xhtml"><block type="controls_if" id="[9v@%s;xiS`Y-gJQbtkA" x="-51" y="-2"><value name="IF0"><block type="current_point_check" id="mcO={-i}u65n3Z(4,S:#"><field name="pointsNames">To the storage room</field></block></value><statement name="DO0"><block type="change_layer" id="(~i}||!hx*b7D.]7CBFX"><field name="layersNames">storage</field><next><block type="sound" id="~POl@}H3xh#BK}a:Va|("><field name="NAME">door_open</field></block></next></block></statement><next><block type="controls_if" id="8l]V*AZY.O|3m8P|07{#"><value name="IF0"><block type="current_point_check" id="1ofSGy[BjC0vi`@P*_q?"><field name="pointsNames">To the office</field></block></value><statement name="DO0"><block type="change_layer" id=":Bi2YjTYVqYzfi0mH26B"><field name="layersNames">office</field><next><block type="sound" id="EfiwGAP,n9nCPqmU8Ts3"><field name="NAME">door_open</field></block></next></block></statement><next><block type="controls_if" id="oiIuO({-Z^68TzNLKi+Z"><value name="IF0"><block type="current_point_check" id="[1uA}w4Ue.FeG883FZ{f"><field name="pointsNames">To the kitchen</field></block></value><statement name="DO0"><block type="change_layer" id="5?=Aw|WU[{#kl^mWpwN7"><field name="layersNames">Main</field><next><block type="sound" id="v%`NX.|}d]cJ={`OU7/!"><field name="NAME">door_open</field></block></next></block></statement><next><block type="controls_if" id="XSe/h5`:Yv(P6e5W)ZSC"><value name="IF0"><block type="current_point_check" id="k:q6..Fg|p1O*7:@T26#"><field name="pointsNames">Open 24h</field></block></value><statement name="DO0"><block type="sound" id="`{cH8!86E/=K3#XW4A?x"><field name="NAME">cheering</field></block></statement><next><block type="controls_if" id="vMBWgvDd^cwF6sZw!Y/z"><value name="IF0"><block type="current_point_check" id="]JuFi]hWVtBF`YR7g-A:"><field name="pointsNames">Advertisment</field></block></value><statement name="DO0"><block type="sound" id=")=OAbW._M=*7T*Nxs~bQ"><field name="NAME">drums</field></block></statement></block></next></block></next></block></next></block></next></block><block type="controls_if" id="#e(;8=@jAG5x|S7~@r4b" x="402" y="8"><value name="IF0"><block type="logic_operation" id="SDE0P(]G6~3cs_c)buG`"><field name="OP">OR</field><value name="A"><block type="logic_compare" id="`x]OkW8iR;8Qs-{7N[(b"><field name="OP">LT</field><value name="A"><block type="singleVar" id="uU%dqjhiCS#ge]Jj99w,"><field name="varName">Animal_prducts</field></block></value><value name="B"><block type="math_number" id="T]fu1NZoOu0VQ9ZbX7eS"><field name="NUM">4</field></block></value></block></value><value name="B"><block type="logic_compare" id="SD;fM;]NlA+zj4L;#L#I"><field name="OP">LT</field><value name="A"><block type="singleVar" id="No=?Mj:FqRBvr]UGZSl,"><field name="varName">Vegetable_products</field></block></value><value name="B"><block type="math_number" id="EspIqDkferKtyn.#82:0"><field name="NUM">4</field></block></value></block></value></block></value><statement name="DO0"><block type="popup" id="7hrJ0oR.y_%Zwr{dzD:@"><field name="popuptext">You are running out of resources. Have you considered going to the storage room</field></block></statement><next><block type="controls_if" id="+q/t8dfx^`VLo6:|:)]P"><value name="IF0"><block type="logic_compare" id="E|pWU;q9,!Kk1uO=35;|"><field name="OP">LT</field><value name="A"><block type="singleVar" id="NYl?P4TU}Yg{d`YQW0lm"><field name="varName">Healthy_Food</field></block></value><value name="B"><block type="math_number" id="nA+n4yZ[:*vP,]nt!a0I"><field name="NUM">15</field></block></value></block></value><statement name="DO0"><block type="popup" id="+BZYqPh7yfT;S6j[XWV1"><field name="popuptext">The food you serve is not that healthy...</field><next><block type="controls_if" id="hlj?+rIV,~hw34]veDR#"><value name="IF0"><block type="logic_compare" id=",Q;ou6`QwRQ:9Ob~6oKq"><field name="OP">LT</field><value name="A"><block type="singleVar" id="Qmpq80twrtO2Nv}fF}ZQ"><field name="varName">Healthy_Food</field></block></value><value name="B"><block type="math_number" id="X|{^?{FY?^;TS6a-lmUd"><field name="NUM">12</field></block></value></block></value><statement name="DO0"><block type="popup" id="Y]VM45T^hrlBCFlG@QRP"><field name="popuptext">Maybe an equiment upgrade would increase the quality of your food. You can do this in the office</field></block></statement></block></next></block></statement><next><block type="controls_if" id="Z)zc8_|Dr*X%]DgTP)dH"><value name="IF0"><block type="logic_operation" id="ooYil@G2EbQ`L27/!c{5"><field name="OP">AND</field><value name="A"><block type="logic_compare" id="Avg/aU0)VxN=hw%#SvAj"><field name="OP">LT</field><value name="A"><block type="singleVar" id="^.QZBNZ_n;gZEh)8j41/"><field name="varName">Customers_per_day</field></block></value><value name="B"><block type="math_number" id="JnOx#WE;v6vAgTtx/ZpK"><field name="NUM">10</field></block></value></block></value><value name="B"><block type="logic_compare" id="wl;eT6rBx=kaooT|9{uL"><field name="OP">GT</field><value name="A"><block type="movescounter" id="`Mr^1-h]35XG;63h_eGv"></block></value><value name="B"><block type="math_number" id="BbKkn]*0/AfM;J]sFoIl"><field name="NUM">10</field></block></value></block></value></block></value><statement name="DO0"><block type="popup" id="7ACw~`DweTQWld)#m!OV"><field name="popuptext">You still have very few customers...</field></block></statement><next><block type="text_print" id="R:cc[;O{g_hx2al~W.ui"><value name="TEXT"><shadow type="text" id="oCHj.d.H/qtW44UR5@lU"><field name="TEXT">abc</field></shadow><block type="text_join" id="to:qEHu!!!p#X5Bc78kb"><mutation items="2"></mutation><value name="ADD0"><block type="text" id="q.)R9ST50Ru]mh=-%~IC"><field name="TEXT">Clear profit:</field></block></value><value name="ADD1"><block type="math_arithmetic" id="]h=Waq?99@5+faxIu(tR"><field name="OP">MINUS</field><value name="A"><block type="singleVar" id="L7Qn:+/Kup?E,jB}g}2*"><field name="varName">Money</field></block></value><value name="B"><block type="math_number" id="%g@?L+_(j-D;s![Lx1nu"><field name="NUM">20</field></block></value></block></value></block></value><next><block type="text_print" id="9*SZ)sub3eq?}KMv93.K"><value name="TEXT"><shadow type="text" id="oCHj.d.H/qtW44UR5@lU"><field name="TEXT">abc</field></shadow><block type="text_join" id="T?%3pvp,uWo9?w(f/^yu"><mutation items="2"></mutation><value name="ADD0"><block type="text" id="!s!~`RU`rip}i`v~lzgN"><field name="TEXT">Average customers per day:</field></block></value><value name="ADD1"><block type="math_arithmetic" id="=Usb}N,hS{%^BvpAd!9n"><field name="OP">DIVIDE</field><value name="A"><block type="singleVar" id="s0]FX8b2S]5T|ZJFqkcC"><field name="varName">Customers_per_day</field></block></value><value name="B"><block type="movescounter" id="4nUaaXX{rI]~X,^m*OnU"></block></value></block></value></block></value></block></next></block></next></block></next></block></next></block></xml>