[{"id":60,"description":"LPG tank","values":{"convenience":"","maintance_budget":"","budget":"","effectiveness":"-8"},"imguri":"","layers":"Main","isDummy":false,"latlng":{"lat":186,"lng":294.0102811675831}},{"id":66,"description":"Electrical Panel","values":{"convenience":"","maintance_budget":"","budget":"","effectiveness":"-6"},"imguri":"","layers":"Main","isDummy":false,"latlng":{"lat":323,"lng":778.1833325883213}},{"id":70,"description":"Gasoline Tank","values":{"convenience":"","maintance_budget":"","budget":"","effectiveness":"-9"},"imguri":"","layers":"Main","isDummy":false,"latlng":{"lat":133,"lng":710.0945867417638}},{"id":74,"description":"Μachine Βattery","values":{"convenience":"","maintance_budget":"","budget":"","effectiveness":"-6"},"imguri":"","layers":"Main","isDummy":false,"latlng":{"lat":470,"lng":216.99107475451854}},{"id":78,"description":"Wooden Pallets","values":{"convenience":"","maintance_budget":"","budget":"","effectiveness":"-3"},"imguri":"","layers":"Main","isDummy":false,"latlng":{"lat":531,"lng":592.0051405837914}},{"id":103,"description":"Dust Extinguisher","values":{"convenience":"3","maintance_budget":"-3","budget":"-5","effectiveness":"5"},"imguri":"","layers":"firesafetyequipment.jfif","isDummy":false,"latlng":{"lat":398,"lng":194.98353523162427}},{"id":107,"description":"CO2 Fire Extinguisher","values":{"convenience":"3","maintance_budget":"-3","budget":"-8","effectiveness":"7"},"imguri":"","layers":"firesafetyequipment.jfif","isDummy":false,"latlng":{"lat":263,"lng":498.08737502421286}},{"id":111,"description":"Water Hose","values":{"convenience":"3","maintance_budget":"-1","budget":"-4","effectiveness":"2"},"imguri":"","layers":"firesafetyequipment.jfif","isDummy":false,"latlng":{"lat":475,"lng":482.08189173483527}},{"id":115,"description":"Springlers","values":{"convenience":"7","maintance_budget":"-2","budget":"-10","effectiveness":"6"},"imguri":"","layers":"firesafetyequipment.jfif","isDummy":false,"latlng":{"lat":628,"lng":374.0637432390149}},{"id":119,"description":"Barrel with Soil","values":{"convenience":"1","maintance_budget":"-1","budget":"-2","effectiveness":"3"},"imguri":"","layers":"firesafetyequipment.jfif","isDummy":false,"latlng":{"lat":384,"lng":621.1295278113034}}]