<xml xmlns="http://www.w3.org/1999/xhtml"><block type="initialvalues" id="7%pi|u/wU`(M`t7@0~7Z" x="60" y="9"><statement name="Initial Values"><block type="initialValue" id="id1"><field name="varName">convenience</field><value name="varVal"><block type="math_number" id="var1"><field name="NUM">-12</field></block></value><next><block type="initialValue" id="id2"><field name="varName">maintance_budget</field><value name="varVal"><block type="math_number" id="var2"><field name="NUM">10</field></block></value><next><block type="initialValue" id="=IqgbaT?eCNQ^o:ZOLv~"><field name="varName">budget</field><value name="varVal"><block type="math_number" id="o.q)ZD]^kfsc]DmT.eQ!"><field name="NUM">50</field></block></value><next><block type="initialValue" id="pen[RXvNiubSgkD9;bBZ"><field name="varName">effectiveness</field><value name="varVal"><block type="math_number" id="2|Y9Ah2.XcknQ?ZTl%pO"><field name="NUM">0</field></block></value><next><block type="popup" id="[w=9KD[e_#?WO2?_)(8!"><field name="popuptext">CHOOSE 2 POTENTIAL FIRE DANGERS</field></block></next></block></next></block></next></block></next></block></statement></block></xml>