<xml xmlns="http://www.w3.org/1999/xhtml"><block type="controls_if" id="oUgd{3K~U[F@#aF]}ygA" x="619" y="92"><value name="IF0"><block type="logic_compare" id="~a@gT-aydG21O-1G.sjK"><field name="OP">EQ</field><value name="A"><block type="movescounter" id="i6p6b6+W6,QTMf,?1yqM"></block></value><value name="B"><block type="math_number" id="qIM#58w_X12vI;dXPueD"><field name="NUM">5</field></block></value></block></value><statement name="DO0"><block type="gameover" id="MLR/6i}9oB6st5-+BGN}"></block></statement></block></xml>