<xml xmlns="http://www.w3.org/1999/xhtml"><block type="controls_if" id="oUgd{3K~U[F@#aF]}ygA" x="306" y="70"><value name="IF0"><block type="logic_compare" id="~a@gT-aydG21O-1G.sjK"><field name="OP">EQ</field><value name="A"><block type="movescounter" id="z%/gkNwNg:eT*Hw_|wqx"></block></value><value name="B"><block type="math_number" id="qIM#58w_X12vI;dXPueD"><field name="NUM">2</field></block></value></block></value><statement name="DO0"><block type="change_layer" id="729wYW~p#bXSjp1.AHZU"><field name="layersNames">firesafetyequipment.jfif</field><next><block type="popup" id="[Q+z*@b?dHC7[R=3+,rX"><field name="popuptext">CHOOSE 3 TYPES OF EQUIPMENT TO ENCOUNTER THE FIRE</field></block></next></block></statement><next><block type="controls_if" id="45ZF4?6HnXSJNo:^q!il"><value name="IF0"><block type="logic_compare" id="B_C9.7[s_GwOH]oUd5_x"><field name="OP">EQ</field><value name="A"><block type="movescounter" id="n;s7`vmsj_[DDF]uF#-e"></block></value><value name="B"><block type="math_number" id="?O!WYZ)~=[4o%e*3j77`"><field name="NUM">5</field></block></value></block></value><statement name="DO0"><block type="controls_if" id="[%{JUPreRMKYhlxSxI0~"><mutation else="1"></mutation><value name="IF0"><block type="logic_operation" id="i#NHw-PN8sod,8tMscNj"><field name="OP">AND</field><value name="A"><block type="logic_compare" id="Cm]sx~Wyu=fE({T1S~Mk"><field name="OP">GTE</field><value name="A"><block type="singleVar" id=":a7)!4::9grmo)6+@5+Z"><field name="varName">budget</field></block></value><value name="B"><block type="math_number" id="G4OtuC@J]RxeRzrnl@Dt"><field name="NUM">0</field></block></value></block></value><value name="B"><block type="logic_compare" id="f(qEEo1iQa(N@{aNtsTH"><field name="OP">GTE</field><value name="A"><block type="singleVar" id="|%NrkZ`Z2MwjI#=LZA+*"><field name="varName">effectiveness</field></block></value><value name="B"><block type="math_number" id="g.+mwp8%qECh7/_Z);H?"><field name="NUM">0</field></block></value></block></value></block></value><statement name="DO0"><block type="popup" id="Al^-,A4NpG{sy0_FB:tY"><field name="popuptext">THE FIRE WAS EXTINGUISHED</field></block></statement><statement name="ELSE"><block type="popup" id="=CEaf*AFBbP?z;4jryn8"><field name="popuptext">YOU DIDN'T MANAGE TO EXTINGUISH THE FIRE</field></block></statement></block></statement></block></next></block></xml>