[{"id":42,"description":"Bakery","values":{"Joy":"2","Money":"-1","Health":"-1","Hunger":"4"},"imguri":"","layers":"Main","latlng":{"lat":473.5121669516051,"lng":521.3414852552826}},{"id":45,"description":"Fast food","values":{"Joy":"2","Money":"-2","Health":"-2","Hunger":"6"},"imguri":"","layers":"Main","latlng":{"lat":441.1634833051391,"lng":689.9332155041351}},{"id":48,"description":"House of Granny","values":{"Joy":"-2","Money":"15","Health":"1","Hunger":"7"},"imguri":"","layers":"Main","latlng":{"lat":124.77801546710396,"lng":142.83505631566675}},{"id":51,"description":"Italian Restaurant","values":{"Joy":"1","Money":"-3","Health":"-1","Hunger":"5"},"imguri":"","layers":"Main","latlng":{"lat":307.78655500057664,"lng":398.4656131874885}},{"id":54,"description":"Pasta","values":{"Joy":"3","Money":"-10","Health":"1","Hunger":"-4"},"imguri":"","layers":"italian","isDummy":false,"latlng":{"lat":325.0435205056914,"lng":412.9742155719922}},{"id":55,"description":"Salad","values":{"Joy":"-3","Money":"-6","Health":"3","Hunger":"-2"},"imguri":"","layers":"Menu","latlng":{"lat":284.4447225834315,"lng":443.8940998534028}},{"id":56,"description":"Pizza","values":{"Joy":"4","Money":"-12","Health":"-3","Hunger":"-5"},"imguri":"","layers":"italian","isDummy":false,"latlng":{"lat":335.07239500521746,"lng":624.5246482605343}},{"id":57,"description":"Soda","values":{"Joy":"4","Money":"-1","Health":"-4","Hunger":"2"},"imguri":"","layers":"Menu","latlng":{"lat":176.05528536455617,"lng":256.9597691485111}},{"id":58,"description":"Cake","values":{"Joy":"5","Money":"-10","Health":"-4","Hunger":"-3"},"imguri":"","layers":"pastry","isDummy":false,"latlng":{"lat":362.21433783796255,"lng":485.7611646266073}},{"id":59,"description":"Black Chocolate","values":{"Joy":"2","Money":"-5","Health":"1","Hunger":"-1"},"imguri":"","layers":"pastry","isDummy":false,"latlng":{"lat":386.30943836212873,"lng":779.140114434731}},{"id":60,"description":"Cookies","values":{"Joy":"3","Money":"-4","Health":"-2","Hunger":"-2"},"imguri":"","layers":"Bakery","isDummy":false,"latlng":{"lat":185.2013064895634,"lng":283.7988951959747}},{"id":61,"description":"Burger","values":{"Joy":"6","Money":"-8","Health":"-4","Hunger":"-4"},"imguri":"","layers":"Menu","latlng":{"lat":298.01496106169,"lng":619.8764611440995}},{"id":62,"description":"French Fries","values":{"Joy":"4","Money":"-3","Health":"-5","Hunger":"-2"},"imguri":"","layers":"Menu","latlng":{"lat":228.0864120494929,"lng":445.536410657631}},{"id":63,"description":"Cheese Pie","values":{"Joy":"3","Money":"-2","Health":"-2","Hunger":"-1"},"imguri":"","layers":"Bakery","isDummy":false,"latlng":{"lat":353.7198113853833,"lng":313.8976685772806}},{"id":64,"description":"Sandwich","values":{"Joy":"2","Money":"-6","Health":"-1","Hunger":"-3"},"imguri":"","layers":"Bakery","isDummy":false,"latlng":{"lat":56.48622411965218,"lng":217.29403212768577}},{"id":65,"description":"Grill House","values":{"Joy":"1","Money":"-1","Health":"-1","Hunger":"7"},"imguri":"","layers":"Main","latlng":{"lat":153.28716216216216,"lng":701}},{"id":68,"description":"Pork Chops","values":{"Joy":"4","Money":"-2","Health":"-3","Hunger":"-3"},"imguri":"","layers":"Menu","latlng":{"lat":220.01039764916496,"lng":619.3179826491721}},{"id":69,"description":"Grilled Chicken","values":{"Joy":"2","Money":"-7","Health":"1","Hunger":"-4"},"imguri":"","layers":"Menu","latlng":{"lat":175.13538586048057,"lng":614.1190806348146}},{"id":70,"description":"Beef","values":{"Joy":"4","Money":"-8","Health":"1","Hunger":"-5"},"imguri":"","layers":"Menu","latlng":{"lat":262.5018792364415,"lng":617.9551072387052}},{"id":71,"description":"Beans","values":{"Joy":"-10","Money":"0","Health":"6","Hunger":"-2"},"imguri":"","layers":"grandmother","latlng":{"lat":327.1447298601523,"lng":787.8992724313324}},{"id":72,"description":"Fish","values":{"Joy":"-7","Money":"0","Health":"4","Hunger":"-2"},"imguri":"","layers":"grandmother","latlng":{"lat":284.1227710055391,"lng":1003.8267434963466}},{"id":73,"description":"Broccoli","values":{"Joy":"-8","Money":"0","Health":"5","Hunger":"-1"},"imguri":"","layers":"grandmother","isDummy":false,"latlng":{"lat":304.80426387857653,"lng":20.52359121191739}},{"id":74,"description":"Exit Restaurant","values":{"Joy":"0","Money":"0","Health":"0","Hunger":"0"},"imguri":"","layers":"Menu","isDummy":true,"latlng":{"lat":21.524714193370624,"lng":878.210236267281}},{"id":75,"description":"Exit","values":{"Joy":"0","Money":"0","Health":"0","Hunger":"0"},"imguri":"","layers":"grandmother","isDummy":true,"latlng":{"lat":132.7465647163121,"lng":844.3602056962026}},{"id":76,"description":"Exit","values":{"Joy":"0","Money":"0","Health":"0","Hunger":"0"},"imguri":"","layers":"Bakery","isDummy":true,"latlng":{"lat":288.3727247817491,"lng":952.9247501048943}},{"id":77,"description":"Greek Taverna","values":{"Joy":"1","Money":"-1","Health":"-1","Hunger":"8"},"imguri":"","layers":"Main","isDummy":false,"latlng":{"lat":266.7800152341795,"lng":238.17200465185115}},{"id":80,"description":"Pastry","values":{"Joy":"2","Money":"-1","Health":"-1","Hunger":"9"},"imguri":"","layers":"Main","isDummy":false,"latlng":{"lat":407.062986735347,"lng":224.488029037109}},{"id":83,"description":"Bread","values":{"Joy":"-2","Money":"-1","Health":"1","Hunger":"-1"},"imguri":"","layers":"Bakery","isDummy":false,"latlng":{"lat":348.66600645589705,"lng":104.81494982242889}},{"id":84,"description":"Macarons","values":{"Joy":"5","Money":"-5","Health":"-2","Hunger":"-1"},"imguri":"","layers":"pastry","isDummy":false,"latlng":{"lat":248.6481178073364,"lng":695.3977037181836}},{"id":85,"description":"Cupcakes","values":{"Joy":"3","Money":"-3","Health":"-2","Hunger":"-2"},"imguri":"","layers":"pastry","isDummy":false,"latlng":{"lat":485.63178788408464,"lng":633.5439606807535}},{"id":86,"description":"Tart","values":{"Joy":"1","Money":"-4","Health":"-1","Hunger":"-1"},"imguri":"","layers":"pastry","isDummy":false,"latlng":{"lat":399.28330358704517,"lng":180.34932512932198}},{"id":87,"description":"Mousakas","values":{"Joy":"-4","Money":"-6","Health":"2","Hunger":"-5"},"imguri":"","layers":"Menu","isDummy":false,"latlng":{"lat":224.3055415029778,"lng":253.41939522990322}},{"id":88,"description":"Stuffed Tomatoes","values":{"Joy":"-3","Money":"-5","Health":"3","Hunger":"-4"},"imguri":"","layers":"Menu","isDummy":false,"latlng":{"lat":174.58990485180493,"lng":440.3366877815637}},{"id":89,"description":"Fresh Fish","values":{"Joy":"-5","Money":"-9","Health":"5","Hunger":"-3"},"imguri":"","layers":"Menu","isDummy":false,"latlng":{"lat":116.82978723404254,"lng":455.38254816251487}},{"id":90,"description":"Kalamari Fried","values":{"Joy":"4","Money":"-8","Health":"-2","Hunger":"-3"},"imguri":"","layers":"Menu","isDummy":false,"latlng":{"lat":117.19861513390528,"lng":258.89296459571034}},{"id":91,"description":"Fakes Soup","values":{"Joy":"-6","Money":"-4","Health":"4","Hunger":"-2"},"imguri":"","layers":"Menu","isDummy":false,"latlng":{"lat":277.7269503546099,"lng":254.78153878267904}},{"id":92,"description":"Exit","values":{"Joy":"0","Money":"0","Health":"0","Hunger":"0"},"imguri":"","layers":"pastry","isDummy":true,"latlng":{"lat":508.30518154233664,"lng":350.3028956423742}},{"id":93,"description":"French toast","values":{"Joy":"1","Money":"-3","Health":"-2","Hunger":"-1"},"imguri":"","layers":"Bakery","isDummy":false,"latlng":{"lat":149.02423623684905,"lng":611.7421667241169}},{"id":94,"description":"Italian salad","values":{"Joy":"-3","Money":"-9","Health":"2","Hunger":"-3"},"imguri":"","layers":"italian","isDummy":false,"latlng":{"lat":373.0320546441617,"lng":411.331732243386}},{"id":95,"description":"Mozzarella","values":{"Joy":"-1","Money":"-4","Health":"1","Hunger":"-1"},"imguri":"","layers":"italian","isDummy":false,"latlng":{"lat":379.19127235837254,"lng":614.1185213015015}},{"id":96,"description":"Exit","values":{"Joy":"0","Money":"0","Health":"0","Hunger":"0"},"imguri":"","layers":"italian","isDummy":true,"latlng":{"lat":415.7863940612229,"lng":106.46061167015101}}]