<xml xmlns="http://www.w3.org/1999/xhtml"><block type="initialvalues" id="7%pi|u/wU`(M`t7@0~7Z" x="88" y="88"><statement name="Initial Values"><block type="initialValue" id="id1"><field name="varName">Joy</field><value name="varVal"><block type="math_number" id="var1"><field name="NUM">10</field></block></value><next><block type="initialValue" id="id2"><field name="varName">Money</field><value name="varVal"><block type="math_number" id="var2"><field name="NUM">30</field></block></value><next><block type="initialValue" id="^G6,GxoS)1b*~bNiY]o~"><field name="varName">Health</field><value name="varVal"><block type="math_number" id="dC?h)7te7YLGj8=__^*m"><field name="NUM">10</field></block></value><next><block type="initialValue" id="#32pceUJu}9@Iw,^pw*:"><field name="varName">Hunger</field><value name="varVal"><block type="math_number" id=";3n}8%VMVvyL]m,AIzN8"><field name="NUM">5</field></block></value></block></next></block></next></block></next></block></statement></block></xml>