[{"id":32,"description":"Bicycle","values":{"Pleasure":"-1","Safety":"-3","Minutes_delayed":{"type":"rand","from":"8","to":"12"},"Air_polution":"-3","Health":"1","Socialisation":"-3"},"imguri":"","layers":"Main","isDummy":false,"latlng":{"lat":99.87785529709916,"lng":39.99760444873999}},{"id":35,"description":"Car","values":{"Pleasure":"3","Safety":"-2","Minutes_delayed":{"type":"rand","from":"-17","to":"-13"},"Air_polution":"4","Health":"-2","Socialisation":"-1"},"imguri":"","layers":"Main","isDummy":false,"latlng":{"lat":80.91478346325829,"lng":3.798058743411417}},{"id":38,"description":"Walk","values":{"Pleasure":"2","Safety":"2","Minutes_delayed":{"type":"rand","from":"13","to":"17"},"Air_polution":"-4","Health":"2","Socialisation":"1"},"imguri":"","layers":"Main","isDummy":false,"latlng":{"lat":100.52319184943813,"lng":2.2003347174827184}},{"id":41,"description":"Bus","values":{"Pleasure":"-4","Safety":"-1","Minutes_delayed":{"type":"rand","from":"2","to":"6"},"Air_polution":"2","Health":"-1","Socialisation":"3"},"imguri":"","layers":"Main","isDummy":false,"latlng":{"lat":-20.39615457252043,"lng":70.39975434116599}},{"id":44,"description":"Train","values":{"Pleasure":"-1","Safety":"2","Minutes_delayed":{"type":"rand","from":"-6","to":"-2"},"Air_polution":"2","Health":"1","Socialisation":"1"},"imguri":"","layers":"Main","isDummy":false,"latlng":{"lat":-49.77952669525416,"lng":-138.00056736740368}},{"id":47,"description":"Carpooling","values":{"Pleasure":"3","Safety":"-3","Minutes_delayed":{"type":"rand","from":"-4","to":"0"},"Air_polution":"3","Health":"-2","Socialisation":"2"},"imguri":"","layers":"Main","isDummy":false,"latlng":{"lat":78.70069830959108,"lng":-97.79913806703121}},{"id":50,"description":"Kick scooter","values":{"Pleasure":"2","Safety":"-3","Minutes_delayed":{"type":"rand","from":"3","to":"7"},"Air_polution":"-3","Health":"-1","Socialisation":"-3"},"imguri":"","layers":"Main","isDummy":false,"latlng":{"lat":78.88763039348561,"lng":35.00012608164525}},{"id":53,"description":"Taxi","values":{"Pleasure":"-2","Safety":"1","Minutes_delayed":{"type":"rand","from":"-12","to":"-8"},"Air_polution":"3","Health":"1","Socialisation":"-2"},"imguri":"","layers":"Main","isDummy":false,"latlng":{"lat":17.78379260353715,"lng":34.400289186287125}}]