<xml xmlns="http://www.w3.org/1999/xhtml"><block type="controls_if" id="9dcQpj(gUgvXuJC`qcKV" x="327" y="129"><value name="IF0"><block type="logic_operation" id=":8}~1lm][-j*HpZ2id={"><field name="OP">AND</field><value name="A"><block type="logic_compare" id="rOj.|M1H`f|F6|FC*GOe"><field name="OP">LT</field><value name="A"><block type="singleVar" id="G%!LLf6a3W/!s={8jdDu"><field name="varName">Safety</field></block></value><value name="B"><block type="math_number" id="SIoe:(Hd.HZq_ZBdcZLb"><field name="NUM">5</field></block></value></block></value><value name="B"><block type="logic_compare" id="u,46QlW(jH{qjKP^h`z;"><field name="OP">GT</field><value name="A"><block type="singleVar" id="}5b%Qb5fZ=:g+@[hPm[f"><field name="varName">Safety</field></block></value><value name="B"><block type="math_number" id="fCt%uKLV]3M5[4JiU1%z"><field name="NUM">2</field></block></value></block></value></block></value><statement name="DO0"><block type="popup" id="zcIRmPpu*E)Zzq)OFk]{"><field name="popuptext">You are not feeling safe</field></block></statement><next><block type="controls_if" id="kT)nHM+A@fxC]Z#X*M~J"><value name="IF0"><block type="logic_compare" id="UM814b`)Km`af#|3rtLo"><field name="OP">GTE</field><value name="A"><block type="singleVar" id="OKnI1-h(2Oa0I4te_|Z,"><field name="varName">Air_polution</field></block></value><value name="B"><block type="math_number" id="qkz(0XP*fUkxJ7eeTD}E"><field name="NUM">9</field></block></value></block></value><statement name="DO0"><block type="popup" id="zL6.5E}x+-8#zW79}?/B"><field name="popuptext">The air of your city is becoming poluted</field></block></statement><next><block type="controls_if" id="lQ)f:=a/KIOx493{P9.j"><value name="IF0"><block type="logic_operation" id="Px*aigFr#rJrf7S_Uk5M"><field name="OP">AND</field><value name="A"><block type="logic_compare" id="W!CxRMlr.O=-YTwVU[8v"><field name="OP">GTE</field><value name="A"><block type="singleVar" id="~t7kScT2#1JPM[tLI=b{"><field name="varName">Minutes_delayed</field></block></value><value name="B"><block type="math_number" id="_o#bG/44ocZFBAV.+sK3"><field name="NUM">30</field></block></value></block></value><value name="B"><block type="logic_compare" id="LcAjUm%~E_%LApjnAec5"><field name="OP">LTE</field><value name="A"><block type="singleVar" id="MBMH:66TB,Em#|YS!Fw;"><field name="varName">Minutes_delayed</field></block></value><value name="B"><block type="math_number" id="ykap,{UU0H8[5u6tnmZ~"><field name="NUM">35</field></block></value></block></value></block></value><statement name="DO0"><block type="popup" id="SD^RMke(+oKAUUj1n+DG"><field name="popuptext">You are usually late </field></block></statement><next><block type="controls_if" id="i|b{eAHO+~m2FmS`_i4["><value name="IF0"><block type="logic_compare" id="_gVdkWY/BN6(,u+{(Ccq"><field name="OP">LT</field><value name="A"><block type="singleVar" id=",yTNQ)*.*FRVc@vAK~x("><field name="varName">Health</field></block></value><value name="B"><block type="math_number" id="~R[iT{eqsNnqhOw6AM)c"><field name="NUM">5</field></block></value></block></value><statement name="DO0"><block type="popup" id="k.1MN{Ns}VA=bu==d#PC"><field name="popuptext">You are not in a very good health</field></block></statement></block></next></block></next></block></next></block></xml>