[{"id":170,"description":"Wind energy","values":{"Global_warming":"5","Water_misuse":"5","Availability":"4","Landscape_Degradation":"-4"},"imguri":"","layers":"Main","isDummy":false,"latlng":{"lat":522.6538641061545,"lng":508}},{"id":173,"description":"Solar energy","values":{"Global_warming":"5","Water_misuse":"5","Availability":"5","Landscape_Degradation":"1"},"imguri":"","layers":"Main","isDummy":false,"latlng":{"lat":514.1343602053744,"lng":817.5}},{"id":176,"description":"Biomass","values":{"Global_warming":"-3","Water_misuse":"-2","Availability":"-2","Landscape_Degradation":"3"},"imguri":"","layers":"Main","isDummy":false,"latlng":{"lat":285.0866840034673,"lng":536.5}},{"id":179,"description":"Nuclear ","values":{"Global_warming":"-2","Water_misuse":"-3","Availability":"1","Landscape_Degradation":"-5"},"imguri":"","layers":"Main","isDummy":false,"latlng":{"lat":274.55851170234047,"lng":160.5}},{"id":182,"description":"Ηydroelectric power","values":{"Global_warming":"3","Water_misuse":"-3","Availability":"3","Landscape_Degradation":"-1"},"imguri":"","layers":"Main","isDummy":false,"latlng":{"lat":71.05201040208038,"lng":123}},{"id":185,"description":"Geothermic energy","values":{"Global_warming":"4","Water_misuse":"-2","Availability":"4","Landscape_Degradation":"2"},"imguri":"","layers":"Main","isDummy":false,"latlng":{"lat":51.52817230112686,"lng":502}},{"id":188,"description":"Coal","values":{"Global_warming":"-4","Water_misuse":"-3","Availability":"2","Landscape_Degradation":"-5"},"imguri":"","layers":"Main","isDummy":false,"latlng":{"lat":60.554177502167136,"lng":862}}]