<xml xmlns="http://www.w3.org/1999/xhtml"><block type="controls_if" id="oUgd{3K~U[F@#aF]}ygA" x="576" y="240"><value name="IF0"><block type="logic_operation" id="9TpvLHp=t7-`u~Mu(o5c"><field name="OP">AND</field><value name="A"><block type="logic_compare" id="Y9Ta6wZn3eOnBi3-`6fw"><field name="OP">GT</field><value name="A"><block type="movescounter" id="005J/rrjryYaZ^:@mM*Q"></block></value><value name="B"><block type="math_number" id="%ml:LtF@ZS_#~Qn0[l/x"><field name="NUM">5</field></block></value></block></value><value name="B"><block type="logic_compare" id="~a@gT-aydG21O-1G.sjK"><field name="OP">LT</field><value name="A"><block type="singleVar" id="RTuC:_mI#d@k69q|ly)+"><field name="varName">Landscape_Degradation</field></block></value><value name="B"><block type="math_number" id="qIM#58w_X12vI;dXPueD"><field name="NUM">-10</field></block></value></block></value></block></value><statement name="DO0"><block type="popup" id="[Q+z*@b?dHC7[R=3+,rX"><field name="popuptext">Be careful! Land degradation can lead to deforestation, biodiversity loss, soil erosion, and pollution.</field></block></statement><next><block type="controls_if" id="O%/@{QW)H;P54JLm6A!d"><value name="IF0"><block type="logic_operation" id="uZ%o;TVw@3.MRg`;]l_/"><field name="OP">AND</field><value name="A"><block type="logic_compare" id="^z{bdb]zyS:(#]:u.ITT"><field name="OP">GT</field><value name="A"><block type="movescounter" id="~2`uF5]hA@EG/QKP-m#M"></block></value><value name="B"><block type="math_number" id="(sSfLms6@v(Bo=9R_=m2"><field name="NUM">5</field></block></value></block></value><value name="B"><block type="logic_compare" id="8C,Dr_ywy[Tjbwxhe6-z"><field name="OP">LT</field><value name="A"><block type="singleVar" id=".71nN0;nN{kA=X|=.%P="><field name="varName">Global_warming</field></block></value><value name="B"><block type="math_number" id="}n{2eku)!X~Y(M8j[COW"><field name="NUM">0</field></block></value></block></value></block></value><statement name="DO0"><block type="popup" id="MOBV,zMxli!%PgUu=3cf"><field name="popuptext">Gas emissions increased dangerously.</field></block></statement><next><block type="controls_if" id="wZ.h)jv/%t:b?74qyxjZ"><value name="IF0"><block type="logic_operation" id=",t@*^fvI6u5A@FuQ%+Os"><field name="OP">AND</field><value name="A"><block type="logic_compare" id="1eT(n%q98o1WAOdd5]N1"><field name="OP">GT</field><value name="A"><block type="movescounter" id="YF`Ci3nRwN;+tGWzc`W4"></block></value><value name="B"><block type="math_number" id="O`k!wX{d~Yp+Zt9Q!gUK"><field name="NUM">8</field></block></value></block></value><value name="B"><block type="logic_compare" id="b_pTA@#@lvL:!G]1#K)]"><field name="OP">LT</field><value name="A"><block type="singleVar" id="d/H`NEf(~v8ru-k7/[/D"><field name="varName">Water_misuse</field></block></value><value name="B"><block type="math_number" id="hcb6e9vfdw7Q(+5^sJzc"><field name="NUM">5</field></block></value></block></value></block></value><statement name="DO0"><block type="popup" id="9`}nYad#Zz4e*fk^68xQ"><field name="popuptext">Water misuse is likely to intensify farmland losses, food insecurity and damage to fisheries.</field></block></statement></block></next></block></next></block></xml>