<xml xmlns="http://www.w3.org/1999/xhtml"><block type="controls_if" id="oUgd{3K~U[F@#aF]}ygA" x="740" y="169"><value name="IF0"><block type="logic_operation" id="uu7JAK6wG0PE3|P%Idr@"><field name="OP">AND</field><value name="A"><block type="logic_compare" id="mm8uY9d[D;1Ffwo:ky:W"><field name="OP">GT</field><value name="A"><block type="movescounter" id="o0CmB=miiN*G+ay5VJ7f"></block></value><value name="B"><block type="math_number" id="^pVII39deL*?j*4:w:dM"><field name="NUM">12</field></block></value></block></value><value name="B"><block type="logic_compare" id="~a@gT-aydG21O-1G.sjK"><field name="OP">LT</field><value name="A"><block type="singleVar" id="RTuC:_mI#d@k69q|ly)+"><field name="varName">Global_warming</field></block></value><value name="B"><block type="math_number" id="qIM#58w_X12vI;dXPueD"><field name="NUM">-15</field></block></value></block></value></block></value><statement name="DO0"><block type="popup" id="[XMzb=tiZEwjnqR(]mUV"><field name="popuptext">Your choices intensified Global Warming.</field><next><block type="gameover" id="MLR/6i}9oB6st5-+BGN}"></block></next></block></statement><next><block type="controls_if" id="(j}oEDneIKxUD|zoB0nN"><value name="IF0"><block type="logic_operation" id="^Q;=.(Tz{VXz`4cuO=EH"><field name="OP">AND</field><value name="A"><block type="logic_compare" id="iM_;lFUf-Df.Xtx~?wSj"><field name="OP">GT</field><value name="A"><block type="movescounter" id="%Xa?Al(^Eu%DYm`f]%*%"></block></value><value name="B"><block type="math_number" id="6l!,c,kup3^5?4OZ/-i-"><field name="NUM">12</field></block></value></block></value><value name="B"><block type="logic_compare" id="!r9Mbwky(890KTi_]?74"><field name="OP">LT</field><value name="A"><block type="singleVar" id="}`YI9zHYGXv^Ddy^VC^q"><field name="varName">Water_misuse</field></block></value><value name="B"><block type="math_number" id="rH99l8CfeV,Z_[;g%){o"><field name="NUM">-15</field></block></value></block></value></block></value><statement name="DO0"><block type="popup" id=",`3ixl:l=+_)hs;])jap"><field name="popuptext">Many water ecosystems are destroyed.</field><next><block type="gameover" id="8uz@x82@TEmljJboa~lS"></block></next></block></statement><next><block type="controls_if" id="k?@Q7__H^K,%b`B%kpQD"><value name="IF0"><block type="logic_operation" id="90lecpVv_/T#A:75w@e?"><field name="OP">AND</field><value name="A"><block type="logic_compare" id="n:NBMn:IvZ~M2Y/L3*4u"><field name="OP">GT</field><value name="A"><block type="movescounter" id="V-6@l=KSPWu*Oedy{aQT"></block></value><value name="B"><block type="math_number" id="NJ!W@hUg4@VG[aH*FiXk"><field name="NUM">12</field></block></value></block></value><value name="B"><block type="logic_compare" id="*u!cB:];yF[xR~EiNK_7"><field name="OP">LT</field><value name="A"><block type="singleVar" id="YrA.1{cj_VSY.|sz}iWf"><field name="varName">Landscape_Degradation</field></block></value><value name="B"><block type="math_number" id="EWb+_%ZC7g;Ng123*vuS"><field name="NUM">-15</field></block></value></block></value></block></value><statement name="DO0"><block type="popup" id="(ZgJ2t]4[zmBPM^I?ZNs"><field name="popuptext">Landscape degradation has lead to irreversible damage.</field><next><block type="gameover" id="js%!GeD|kY*U|f{+MviB"></block></next></block></statement><next><block type="controls_if" id=",UjY)JTB]n#V.I^*Vxxp"><value name="IF0"><block type="logic_operation" id="vdK~SCB9v(Mz^[u@`pw]"><field name="OP">AND</field><value name="A"><block type="logic_compare" id="*DJ}V=4_ya9f?8nh7By%"><field name="OP">GT</field><value name="A"><block type="movescounter" id="vbjRH^RTNe}i1:@3*yWd"></block></value><value name="B"><block type="math_number" id="J4*?]o`r2YKJm+}--j}|"><field name="NUM">12</field></block></value></block></value><value name="B"><block type="logic_compare" id="L%w`UNZ/`:(SV)KxlFTM"><field name="OP">LT</field><value name="A"><block type="singleVar" id="8-A29X-;0{P?(awfzV#("><field name="varName">Availability</field></block></value><value name="B"><block type="math_number" id="_{miSH6}pv6lhOkE)Tz-"><field name="NUM">-15</field></block></value></block></value></block></value><statement name="DO0"><block type="popup" id="hbrl3v^#assPtR_5]ZSJ"><field name="popuptext">Energy resources are no longer available.</field><next><block type="gameover" id="#X~`M8r=[HL{ZiH/q^g?"></block></next></block></statement></block></next></block></next></block></next></block></xml>