<xml xmlns="http://www.w3.org/1999/xhtml"><block type="initialvalues" id="7%pi|u/wU`(M`t7@0~7Z" x="233" y="191"><statement name="Initial Values"><block type="initialValue" id="id1"><field name="varName">Global_warming</field><value name="varVal"><block type="math_number" id="var1"><field name="NUM">0</field></block></value><next><block type="initialValue" id="id2"><field name="varName">Water_misuse</field><value name="varVal"><block type="math_number" id="var2"><field name="NUM">0</field></block></value><next><block type="initialValue" id="P+6v|`RqCqw9tnMK95xI"><field name="varName">Ecosystems_Damage</field><value name="varVal"><block type="math_number" id="3@%[z0m7pH/hlVW0@-?Z"><field name="NUM">0</field></block></value><next><block type="initialValue" id="xD3,1)Kx1cqX)zBK!*u."><field name="varName">Availability</field><value name="varVal"><block type="math_number" id="zp)YzjD4sXv3a0,K0Wo#"><field name="NUM">0</field></block></value><next><block type="initialValue" id="rI%Ej!B;-}2[{L0(38SE"><field name="varName">Landscape_Degradation</field><value name="varVal"><block type="math_number" id="PgVdc2PEsKTITd?6*f%Y"><field name="NUM">0</field></block></value></block></next></block></next></block></next></block></next></block></statement></block></xml>