[{"name":"Description","type":"string","visibility":"visible"},{"name":"Protection","type":"number","visibility":"visible"},{"name":"Price","type":"number","visibility":"visible"},{"name":"facility","type":"number"},{"name":"modularity","type":"number"},{"name":"looks","type":"number"},{"name":"text","type":"text","step":".1","visibility":"visible"},{"name":"shell_selec","type":"number","step":".1","visibility":"hidden"},{"name":"helmet_selec","type":"number","step":".1","visibility":"hidden"},{"name":"padding_selec","type":"number","step":".1","visibility":"hidden"},{"name":"sun_selec","type":"number","step":".1","visibility":"hidden"},{"name":"gadgets_selec","type":"number","step":".1","visibility":"hidden"},{"name":"color_selec","type":"number","step":".1","visibility":"hidden"}]