[{"id":48,"description":"Color ","values":{"Protection":"0","Price":"0","facility":"0","modularity":"0","looks":"0","text":"","shell_selec":"0","helmet_selec":"0","padding_selec":"0","sun_selec":"0","gadgets_selec":"0","color_selec":"0"},"imguri":"","layers":"Main","isDummy":true,"latlng":{"lat":144.83963599595552,"lng":201.8808343613324}},{"id":51,"description":"Gadgets ","values":{"Protection":"0","Price":"0","facility":"0","modularity":"7","looks":"0","text":"","shell_selec":"0","helmet_selec":"0","padding_selec":"0","sun_selec":"0","gadgets_selec":"0","color_selec":"0"},"imguri":"","layers":"Main","isDummy":true,"latlng":{"lat":175.03592854735422,"lng":419.1052371873949}},{"id":54,"description":"Kevlar/aramid/carbon","values":{"Protection":"100","Price":"70","facility":"40","modularity":"50","looks":"0","text":"Carbon fiber/Kevlar hybrid material combines the benefits of these two amazing materials to create one super material. The carbon fiber provides high strength and stiffness while the aramid Kevlar is good at impact and fracture resistance. Offers the best protection while still being somewhat lightweight but is rather expensive.","shell_selec":"1","helmet_selec":"0","padding_selec":"0","sun_selec":"0","gadgets_selec":"0","color_selec":"0"},"imguri":"","layers":"shell layer","isDummy":false,"latlng":{"lat":304.2980769230769,"lng":85.9654368061008}},{"id":55,"description":"Thermoplastic","values":{"Protection":"40","Price":"20","facility":"20","modularity":"35","looks":"0","text":"A thermoplastic is a material, usually a plastic polymer, which becomes more soft when heated and hard when cooled. Thermoplastic materials can be cooled and heated several times without any change in their chemical or mechanical properties. Thermoplastic doesn’t offer much protection but it’s the cheapest option regarding shell construction for helmets.","shell_selec":"1","helmet_selec":"0","padding_selec":"0","sun_selec":"0","gadgets_selec":"0","color_selec":"0"},"imguri":"","layers":"shell layer","isDummy":false,"latlng":{"lat":141.04326923076925,"lng":74.91952450375697}},{"id":56,"description":"polycarbonate -fiberglass","values":{"Protection":"60","Price":"45","facility":"30","modularity":"40","looks":"0","text":"Polycarbonate is a tough, transparent plastic material with outstanding strength, stiffness, and impact resistance. Polycarbonate's optical clarity makes it ideal for applications such as machine guards, signs, face shields, skylights, POP displays. This option is good for lightweight helmets and offers a decent protection not the cheapest option but also not the most expensive.","shell_selec":"1","helmet_selec":"0","padding_selec":"0","sun_selec":"0","gadgets_selec":"0","color_selec":"0"},"imguri":"","layers":"shell layer","isDummy":false,"latlng":{"lat":343.1682692307692,"lng":508.0397218795558}},{"id":57,"description":"Return","values":{"Protection":"0","Price":"0","facility":"0","modularity":"0","looks":"0","text":"","shell_selec":"0","helmet_selec":"0","padding_selec":"0","sun_selec":"0","gadgets_selec":"0","color_selec":"0"},"imguri":"","layers":"Padding layer","isDummy":true,"latlng":{"lat":79.96153846153845,"lng":488.9360322978581}},{"id":58,"description":" removable + changeable ","values":{"Protection":"10","Price":"50","facility":"50","modularity":"100","looks":"-10","text":"The padding inside the helmet can be removed for replacement or cleaning. In addition to that the padding consist out of small strips instead of one big part that’s allows the user to edit the pillow without damaging it so its fits the wearer better.","shell_selec":"0","helmet_selec":"0","padding_selec":"1","sun_selec":"0","gadgets_selec":"0","color_selec":"0"},"imguri":"","layers":"Padding layer","isDummy":false,"latlng":{"lat":345.3894230769231,"lng":477.9375799035551}},{"id":59,"description":"non removable padding","values":{"Protection":"10","Price":"20","facility":"50","modularity":"10","looks":"15","text":"The padding inside the helmet cannot be removed or changed.","shell_selec":"0","helmet_selec":"0","padding_selec":"1","sun_selec":"0","gadgets_selec":"0","color_selec":"0"},"imguri":"","layers":"Padding layer","isDummy":false,"latlng":{"lat":257.6538461538462,"lng":190.9298418750701}},{"id":60,"description":"integrated sun visor","values":{"Protection":"0","Price":"70","facility":"60","modularity":"80","looks":"40","text":"Sunglasses that are integrated in the helmet and can be flipped up with a small lever on the side . The most comfortable of all the choices but also the most expensive one .","shell_selec":"0","helmet_selec":"0","padding_selec":"0","sun_selec":"1","gadgets_selec":"0","color_selec":"0"},"imguri":"","layers":"Sun protection layer","isDummy":false,"latlng":{"lat":197,"lng":494.0206347426265}},{"id":61,"description":"removable padding","values":{"Protection":"10","Price":"30","facility":"50","modularity":"70","looks":"25","text":"The padding inside the helmet can be removed for replacement or cleaning.","shell_selec":"0","helmet_selec":"0","padding_selec":"1","sun_selec":"0","gadgets_selec":"0","color_selec":"0"},"imguri":"","layers":"Padding layer","isDummy":false,"latlng":{"lat":222.1153846153846,"lng":451.96595267466637}},{"id":62,"description":"sun roof","values":{"Protection":"0","Price":"50","facility":"50","modularity":"60","looks":"20","text":"A simple plastic sun roof to protect the driver form the sun . The soon roof works like a regular cap and can be removed. During higher speeds the san roof might pool the drives head up because of the wind making it uncomfortable.","shell_selec":"0","helmet_selec":"0","padding_selec":"0","sun_selec":"1","gadgets_selec":"0","color_selec":"0"},"imguri":"","layers":"Sun protection layer","isDummy":false,"latlng":{"lat":294,"lng":221.9912302343838}},{"id":63,"description":"Return","values":{"Protection":"0","Price":"0","facility":"0","modularity":"0","looks":"0","text":"","shell_selec":"0","helmet_selec":"0","padding_selec":"0","sun_selec":"0","gadgets_selec":"0","color_selec":"0"},"imguri":"","layers":"Sun protection layer","isDummy":true,"latlng":{"lat":59,"lng":121.99484131434338}},{"id":64,"description":" Bluetooth microphone + speaker","values":{"Protection":"0","Price":"70","facility":"40","modularity":"100","looks":"10","text":"A Bluetooth microphone and speaker integrated in the helmet allowing the driver to communicate while driving. The integration might impact the safety of the helmet and can get uncomfortable if not integrated properly. Also expensive to put into the helmet .","shell_selec":"0","helmet_selec":"0","padding_selec":"0","sun_selec":"0","gadgets_selec":"1","color_selec":"0"},"imguri":"","layers":"Gadgets layer","isDummy":false,"latlng":{"lat":330,"lng":221.98761915442412}},{"id":65,"description":"Return","values":{"Protection":"0","Price":"0","facility":"0","modularity":"0","looks":"0","text":"","shell_selec":"0","helmet_selec":"0","padding_selec":"0","sun_selec":"0","gadgets_selec":"0","color_selec":"0"},"imguri":"","layers":"Gadgets layer","isDummy":true,"latlng":{"lat":91.0673076923077,"lng":93.96595267466637}},{"id":66,"description":" heads up display","values":{"Protection":"0","Price":"60","facility":"30","modularity":"100","looks":"20","text":"A display that’s integrated in the helmet showing the drivers useful information . Very expensive and can get annoying after a while.","shell_selec":"0","helmet_selec":"0","padding_selec":"0","sun_selec":"0","gadgets_selec":"1","color_selec":"0"},"imguri":"","layers":"Gadgets layer","isDummy":false,"latlng":{"lat":235.44230769230768,"lng":412.9097230010094}},{"id":67,"description":"nothing (no additional gadgets )","values":{"Protection":"0","Price":"0","facility":"0","modularity":"0","looks":"0","text":"No additional gadget which is the most cost efficient option and the most comfortable.","shell_selec":"0","helmet_selec":"0","padding_selec":"0","sun_selec":"0","gadgets_selec":"1","color_selec":"0"},"imguri":"","layers":"Gadgets layer","isDummy":false,"latlng":{"lat":82.1826923076923,"lng":446.05158685656613}},{"id":68,"description":" flip up ","values":{"Protection":"20","Price":"10","facility":"10","modularity":"25","looks":"0","text":"Flip Ups are helmets where the chin guard may be raised or flipped over, even if it always remains fastened to the helmet. The most comfortable but also the least safe and expensive one .","shell_selec":"0","helmet_selec":"1","padding_selec":"0","sun_selec":"0","gadgets_selec":"0","color_selec":"0"},"imguri":"","layers":"Helmet type layer","isDummy":false,"latlng":{"lat":209,"lng":501.0020634742626}},{"id":69,"description":"Return","values":{"Protection":"10","Price":"-3","facility":"5","modularity":"4","looks":"0","text":"","shell_selec":"0","helmet_selec":"0","padding_selec":"0","sun_selec":"0","gadgets_selec":"0","color_selec":"0"},"imguri":"","layers":"Helmet type layer","isDummy":true,"latlng":{"lat":107.72596153846155,"lng":203.9948413143435}},{"id":70,"description":"full-face","values":{"Protection":"60","Price":"30","facility":"20","modularity":"40","looks":"0","text":"A full face helmet covers the entire head, with a rear that covers the base of the skull, and a protective section over the front of the chin. Such helmets have an open cutout in a band across the eyes and nose, and often include a clear or tinted transparent plastic face shield, known as a visor, that generally swivels up and down to allow access to the face. It’s the cheapest and most protective type of helmet but can get uncomfortable for some users.","shell_selec":"0","helmet_selec":"1","padding_selec":"0","sun_selec":"0","gadgets_selec":"0","color_selec":"0"},"imguri":"","layers":"Helmet type layer","isDummy":false,"latlng":{"lat":293.1923076923077,"lng":170.88547717842323}},{"id":71,"description":"modular","values":{"Protection":"40","Price":"20","facility":"50","modularity":"50","looks":"0","text":"A modular helmet is designed specifically for added comfort as it incorporates a hinge to open into an open-faced helmet. Modular helmets are a hybrid of open faced and full-faced helmets. Offers slightly less protection but allows the user more choices.","shell_selec":"0","helmet_selec":"1","padding_selec":"0","sun_selec":"0","gadgets_selec":"0","color_selec":"0"},"imguri":"","layers":"Helmet type layer","isDummy":false,"latlng":{"lat":294.3028846153846,"lng":377.93706403498936}},{"id":72,"description":"tinted visor","values":{"Protection":"0","Price":"40","facility":"60","modularity":"80","looks":"40","text":"The main visor is tinted to protect the user from the sun. The downside is that during the night the driver can’t see so he has to flip it up to see better.","shell_selec":"0","helmet_selec":"0","padding_selec":"0","sun_selec":"1","gadgets_selec":"0","color_selec":"0"},"imguri":"","layers":"Sun protection layer","isDummy":false,"latlng":{"lat":347,"lng":464.0036110799597}},{"id":73,"description":"Padding","values":{"Protection":"0","Price":"0","facility":"0","modularity":"0","looks":"0","text":"","shell_selec":"0","helmet_selec":"0","padding_selec":"0","sun_selec":"0","gadgets_selec":"0","color_selec":"0"},"imguri":"","layers":"Main","isDummy":true,"latlng":{"lat":248.94742163801823,"lng":457.96337333183806}},{"id":76,"description":"Sun protection","values":{"Protection":"0","Price":"0","facility":"0","modularity":"0","looks":"0","text":"","shell_selec":"0","helmet_selec":"0","padding_selec":"0","sun_selec":"0","gadgets_selec":"0","color_selec":"0"},"imguri":"","layers":"Main","isDummy":true,"latlng":{"lat":284.0157735085945,"lng":189.0149601884042}},{"id":79,"description":"Shell","values":{"Protection":"0","Price":"0","facility":"0","modularity":"0","looks":"0","text":"","shell_selec":"0","helmet_selec":"0","padding_selec":"0","sun_selec":"0","gadgets_selec":"0","color_selec":"0"},"imguri":"","layers":"Main","isDummy":true,"latlng":{"lat":379.00175261206607,"lng":335.04230122238414}},{"id":82,"description":"Helmet Type","values":{"Protection":"0","Price":"0","facility":"0","modularity":"0","looks":"0","text":"","shell_selec":"0","helmet_selec":"0","padding_selec":"0","sun_selec":"0","gadgets_selec":"0","color_selec":"0"},"imguri":"","layers":"Main","isDummy":true,"latlng":{"lat":332.13495112908663,"lng":442.00154760569706}},{"id":85,"description":"Return","values":{"Protection":"0","Price":"0","facility":"0","modularity":"0","looks":"0","text":"","shell_selec":"0","helmet_selec":"0","padding_selec":"0","sun_selec":"0","gadgets_selec":"0","color_selec":"0"},"imguri":"","layers":"shell layer","isDummy":true,"latlng":{"lat":69.96634615384615,"lng":603.0510709880004}},{"id":86,"description":"Finished product","values":{"Protection":"0","Price":"0","facility":"0","modularity":"0","looks":"0","text":"","shell_selec":"0","helmet_selec":"0","padding_selec":"0","sun_selec":"0","gadgets_selec":"0","color_selec":"0"},"imguri":"","layers":"Main","isDummy":true,"latlng":{"lat":84.97633973710816,"lng":500.93706403498925}},{"id":89,"description":"black only","values":{"Protection":"0","Price":"5","facility":"50","modularity":"50","looks":"50","text":"","shell_selec":"0","helmet_selec":"0","padding_selec":"0","sun_selec":"0","gadgets_selec":"0","color_selec":"1"},"imguri":"","layers":"Color layer","isDummy":false,"latlng":{"lat":316,"lng":128.98349220589887}},{"id":90,"description":"black – gray – white","values":{"Protection":"0","Price":"15","facility":"50","modularity":"50","looks":"100","text":"","shell_selec":"0","helmet_selec":"0","padding_selec":"0","sun_selec":"0","gadgets_selec":"0","color_selec":"1"},"imguri":"","layers":"Color layer","isDummy":false,"latlng":{"lat":326,"lng":386.9803969945049}},{"id":91,"description":"all colors + special designs","values":{"Protection":"0","Price":"50","facility":"100","modularity":"80","looks":"200","text":"","shell_selec":"0","helmet_selec":"0","padding_selec":"0","sun_selec":"0","gadgets_selec":"0","color_selec":"1"},"imguri":"","layers":"Color layer","isDummy":false,"latlng":{"lat":251,"lng":467.00103173713137}},{"id":92,"description":"Return","values":{"Protection":"0","Price":"0","facility":"0","modularity":"0","looks":"0","text":"","shell_selec":"0","helmet_selec":"0","padding_selec":"0","sun_selec":"0","gadgets_selec":"0","color_selec":"0"},"imguri":"","layers":"Color layer","isDummy":true,"latlng":{"lat":135.71344792719924,"lng":242.25042054502637}},{"id":93,"description":"Return","values":{"Protection":"0","Price":"0","facility":"0","modularity":"0","looks":"0","text":"","shell_selec":"0","helmet_selec":"0","padding_selec":"0","sun_selec":"0","gadgets_selec":"0","color_selec":"0"},"imguri":"","layers":"selection made","isDummy":false,"latlng":{"lat":178.98072126727334,"lng":503.3799035550071}},{"id":94,"description":"Return","values":{"Protection":"0","Price":"0","facility":"0","modularity":"0","looks":"0","text":"","shell_selec":"0","helmet_selec":"0","padding_selec":"0","sun_selec":"0","gadgets_selec":"0","color_selec":"0"},"imguri":"","layers":"selection ok","isDummy":false,"latlng":{"lat":168.73798449612406,"lng":539.3984748233711}}]