[{"name":"Protection","type":"number","value":0},{"name":"Price","type":"number","value":0},{"name":"facility","type":"number","value":0},{"name":"modularity","type":"number","value":0},{"name":"looks","type":"number","value":0},{"name":"shell_selec","type":"number","value":0},{"name":"helmet_selec","type":"number","value":0},{"name":"padding_selec","type":"number","value":0},{"name":"sun_selec","type":"number","value":0},{"name":"gadgets_selec","type":"number","value":0},{"name":"color_selec","type":"number","value":0}]