<xml xmlns="http://www.w3.org/1999/xhtml"><block type="controls_if" id="8!mSY6L|y4QKJ3i}ZHeO" x="446" y="-653"><value name="IF0"><block type="current_point_check" id="Pps:Sv:uH}CuY;j9*y#J"><field name="pointsNames">Finished product</field></block></value><statement name="DO0"><block type="popup" id="%X(]Le:qfSO/0S8u*D[t"><field name="popuptext">This is the final product that you designed!!</field><next><block type="sound" id="xU#e9hth;/t}s@[(WH8C"><field name="NAME">beep</field><next><block type="show_all" id="JEXSRB,fGXrc*R9{c2-*"><next><block type="gameover" id="cV)Fa]J0xnA#ag}/LU+~"></block></next></block></next></block></next></block></statement></block></xml>