<xml xmlns="http://www.w3.org/1999/xhtml"><block type="initialvalues" id="7%pi|u/wU`(M`t7@0~7Z" x="84" y="80"><statement name="Initial Values"><block type="initialValue" id="id1"><field name="varName">Protection</field><value name="varVal"><block type="math_number" id="var1"><field name="NUM">0</field></block></value><next><block type="initialValue" id="id2"><field name="varName">Price</field><value name="varVal"><block type="math_number" id="var2"><field name="NUM">0</field></block></value><next><block type="initialValue" id="^G6,GxoS)1b*~bNiY]o~"><field name="varName">facility</field><value name="varVal"><block type="math_number" id="dC?h)7te7YLGj8=__^*m"><field name="NUM">0</field></block></value><next><block type="initialValue" id="K+xZyW|QpW5?6cIcf!vp"><field name="varName">modularity</field><value name="varVal"><block type="math_number" id="u32?EBz2~-Zk#,VR@=v|"><field name="NUM">0</field></block></value><next><block type="initialValue" id="8dt@`zh!MOI,.EC,4#f_"><field name="varName">looks</field><value name="varVal"><block type="math_number" id="kxMxvkJw*t=D^tbTF[}9"><field name="NUM">0</field></block></value><next><block type="initialValue" id="r{oK[Xse]fY.IrrI[NMU"><field name="varName">shell_selec</field><value name="varVal"><block type="math_number" id="8eM5!jY6CL6gg7{@+/*="><field name="NUM">0</field></block></value><next><block type="initialValue" id="zeuKiAfYe@MbKe|c6,#["><field name="varName">helmet_selec</field><value name="varVal"><block type="math_number" id="Vsm|/oqN1T=NXH/3Rs7y"><field name="NUM">0</field></block></value><next><block type="initialValue" id=")?(WX/D-F?bLS@^w=EwP"><field name="varName">padding_selec</field><value name="varVal"><block type="math_number" id="WSMzrAvRtC+.`laR}Aud"><field name="NUM">0</field></block></value><next><block type="initialValue" id="ZYdHQ+J=ODO:.N}(|]lV"><field name="varName">sun_selec</field><value name="varVal"><block type="math_number" id="8tDSEmaOLEq.I7Gi8Y?J"><field name="NUM">0</field></block></value><next><block type="initialValue" id="7~nhs`4d-h^ZOiud:{Ui"><field name="varName">gadgets_selec</field><value name="varVal"><block type="math_number" id="5O7^R6k49DE{-4PhxK%?"><field name="NUM">0</field></block></value><next><block type="initialValue" id="+@wP=:l-+S!cQKWzyxAV"><field name="varName">color_selec</field><value name="varVal"><block type="math_number" id="u^p-j@if7QCkx~yEy)?1"><field name="NUM">0</field></block></value></block></next></block></next></block></next></block></next></block></next></block></next></block></next></block></next></block></next></block></next></block></statement></block></xml>