<xml xmlns="http://www.w3.org/1999/xhtml"><block type="controls_if" id="6K8Cp#lxx6M2vB1H1T*]" x="87" y="-174"><value name="IF0"><block type="current_point_check" id="m++d#LE#?1=zj^l0_%3{"><field name="pointsNames">Shell</field></block></value><statement name="DO0"><block type="change_layer" id="s3Q](eAYIM.[f1^e~(Wi"><field name="layersNames">shell layer</field><next><block type="show_all" id="ssbT_aQ#[pGFQmmi:@Py"></block></next></block></statement><next><block type="controls_if" id="p/5_S|utDE+GjHG_?2B)"><value name="IF0"><block type="current_point_check" id="2HY~31}`GK(Kz*J|`x-u"><field name="pointsNames">Helmet Type</field></block></value><statement name="DO0"><block type="change_layer" id="yh%|;49|5F]MTyX/49Qg"><field name="layersNames">Helmet type layer</field><next><block type="show_all" id="Qpp|.4M!or.Bt,6J4jGP"></block></next></block></statement><next><block type="controls_if" id="l#UIxm^E=a.1e#G+yQfZ"><value name="IF0"><block type="current_point_check" id="2;}Mfg,?eL4CPx6rC=+y"><field name="pointsNames">Padding</field></block></value><statement name="DO0"><block type="change_layer" id="qEGqsPLZ5--y2?Rhc!Ci"><field name="layersNames">Padding layer</field><next><block type="show_all" id="Ab}Kms1il@rN80b10ds["></block></next></block></statement><next><block type="controls_if" id="hzuh|5#V1Oc7hsH;Ak.U"><value name="IF0"><block type="current_point_check" id="vhGK4USCC0YS~^?cj1iX"><field name="pointsNames">Sun protection</field></block></value><statement name="DO0"><block type="change_layer" id="K2GoBT/W4p%EP|3?Wt3p"><field name="layersNames">Sun protection layer</field><next><block type="show_all" id="^:Y-8hrxAEz3(9XeS0ts"></block></next></block></statement><next><block type="controls_if" id="^/*q]1WLs{jKDLo:LeuM"><value name="IF0"><block type="current_point_check" id="dY!#/n1~TWSr~nN:K]UL"><field name="pointsNames">Gadgets </field></block></value><statement name="DO0"><block type="change_layer" id="jKnjj-a?~5lys+NzSU3y"><field name="layersNames">Gadgets layer</field><next><block type="show_all" id="xnJ.Jmi8)=u~:4,0L,49"></block></next></block></statement><next><block type="controls_if" id="4+#|U%;o|f^5)coVvc[6"><value name="IF0"><block type="current_point_check" id="qu!m#of,[C-y,A.2*Dn|"><field name="pointsNames">Color </field></block></value><statement name="DO0"><block type="change_layer" id="r/l7nQ3pab_SZYPPz#gM"><field name="layersNames">Color layer</field><next><block type="show_all" id="n3EIM36jI|xjZp+|`NMj"></block></next></block></statement><next><block type="controls_if" id="iL!53+NH4i(!{-o-a=ZU"><value name="IF0"><block type="current_point_check" id="AxbEvN=pCxo!n[piI3An"><field name="pointsNames">Return</field></block></value><statement name="DO0"><block type="change_layer" id=";G2uN,SoVI65k6QY-z!V"><field name="layersNames">Main</field><next><block type="show_all" id="@:*074!0{hiJUuoVC-tw"></block></next></block></statement></block></next></block></next></block></next></block></next></block></next></block></next></block><block type="controls_if" id="RkLHh7Z3MB+u|^SEL3b^" x="483" y="-175"><value name="IF0"><block type="logic_operation" id="Mu.k:~)q2`zL]Hb7IoeW"><field name="OP">AND</field><value name="A"><block type="current_point_check" id="@u!smCWgth_a-0,/)![["><field name="pointsNames">Kevlar/aramid/carbon</field></block></value><value name="B"><block type="logic_compare" id="CqK)[PPNB]4jJm4?KREM"><field name="OP">EQ</field><value name="A"><block type="singleVar" id="{5:G-q%j]63gJw^Alct{"><field name="varName">shell_selec</field></block></value><value name="B"><block type="math_number" id="dIYIgcisu7w%Iv}H!p!,"><field name="NUM">1</field></block></value></block></value></block></value><statement name="DO0"><block type="change_layer" id="KSyLP!BGdssVoOQF,DrU"><field name="layersNames">selection ok</field></block></statement><next><block type="controls_if" id="=VgnAl84eC8CW|}.d1-("><value name="IF0"><block type="logic_operation" id="qvME;=zE3mEV:ZWMID!H"><field name="OP">AND</field><value name="A"><block type="current_point_check" id="x7WWIS:(w?yEaUIi16;["><field name="pointsNames">Thermoplastic</field></block></value><value name="B"><block type="logic_compare" id="qBJ1+R|=:SS^Autz~u*#"><field name="OP">EQ</field><value name="A"><block type="singleVar" id="t@L^zQ-mC~0u8:sgsvcB"><field name="varName">shell_selec</field></block></value><value name="B"><block type="math_number" id="xLSCfHJkgk]*n}MvKx%;"><field name="NUM">1</field></block></value></block></value></block></value><statement name="DO0"><block type="change_layer" id="5)o,#fDs%Hx96oLn:O{!"><field name="layersNames">selection ok</field></block></statement><next><block type="controls_if" id="=K2hOXDY33|SHMVy,]YH"><value name="IF0"><block type="logic_operation" id="`COh9yFD8}.~xOy/xC#T"><field name="OP">AND</field><value name="A"><block type="current_point_check" id="]mYB8:7p*Le6g8R,p[Tf"><field name="pointsNames">polycarbonate -fiberglass</field></block></value><value name="B"><block type="logic_compare" id="Ui_cjlf:35GcX@-vb,@Z"><field name="OP">EQ</field><value name="A"><block type="singleVar" id="@W:vAljMcvZA,vdkv/i;"><field name="varName">shell_selec</field></block></value><value name="B"><block type="math_number" id="?Ow+j%ChtF~X)(~f`bOi"><field name="NUM">1</field></block></value></block></value></block></value><statement name="DO0"><block type="change_layer" id="KFH}*E;AZng4,s@9c+|}"><field name="layersNames">selection ok</field></block></statement><next><block type="controls_if" id="JmxF[LWfRd3~9vA)BWQ("><value name="IF0"><block type="logic_operation" id="?TUJ2fUrR#3~v86M[EAb"><field name="OP">AND</field><value name="A"><block type="current_point_check" id="X%@oVW*D+FFbJ+^7l}MP"><field name="pointsNames">full-face</field></block></value><value name="B"><block type="logic_compare" id="bMEgDT}*#f44,(S;@u6?"><field name="OP">EQ</field><value name="A"><block type="singleVar" id="`7,lK3OfGZSTB6vu)U|w"><field name="varName">helmet_selec</field></block></value><value name="B"><block type="math_number" id="y%hhb:+%A5E^YgqqHiGt"><field name="NUM">1</field></block></value></block></value></block></value><statement name="DO0"><block type="change_layer" id="wUiz-1~OkuUSDv/IrsKe"><field name="layersNames">selection ok</field></block></statement><next><block type="controls_if" id="pdsboQ*iK((,)zWQxB]p"><value name="IF0"><block type="logic_operation" id="14:oD*Y.+(HTNy84jFUG"><field name="OP">AND</field><value name="A"><block type="current_point_check" id="3|qJ0vnWX?fP9I_L#*n="><field name="pointsNames">modular</field></block></value><value name="B"><block type="logic_compare" id=".YmUfjLj}`|dwnY|I@mo"><field name="OP">EQ</field><value name="A"><block type="singleVar" id="S?fT5(;!bwJ@BYS96Ba;"><field name="varName">helmet_selec</field></block></value><value name="B"><block type="math_number" id="j867nD|V^Wm@A8?D|GV("><field name="NUM">1</field></block></value></block></value></block></value><statement name="DO0"><block type="change_layer" id="{lxI(?j!j1,/()aYd6=Y"><field name="layersNames">selection ok</field></block></statement><next><block type="controls_if" id="vot=}rAY#S7b+`?!@v{5"><value name="IF0"><block type="logic_operation" id="Xi0;+3n1eg/_mhmX*hzN"><field name="OP">AND</field><value name="A"><block type="current_point_check" id="H2bjRXYCE.lD=xt%i*{%"><field name="pointsNames"> flip up </field></block></value><value name="B"><block type="logic_compare" id="{IrG^YZ?swslusk)74=^"><field name="OP">EQ</field><value name="A"><block type="singleVar" id="1cXz7jD/WYh6ijVYrhI4"><field name="varName">helmet_selec</field></block></value><value name="B"><block type="math_number" id="DAsMVDKqRP|Y6X=N}(-O"><field name="NUM">1</field></block></value></block></value></block></value><statement name="DO0"><block type="change_layer" id="oe}4Mnkz5n.g5Jpw5:e("><field name="layersNames">selection ok</field></block></statement><next><block type="controls_if" id="N01Em;QP}xU8!HZR`=WG"><value name="IF0"><block type="logic_operation" id="xTRYKFLB9fpR+3KO-_~9"><field name="OP">AND</field><value name="A"><block type="current_point_check" id="2hL(TdsotDUs#j=LMxs0"><field name="pointsNames">non removable padding</field></block></value><value name="B"><block type="logic_compare" id="?HJ%=~?y#olaS+Nflh6v"><field name="OP">EQ</field><value name="A"><block type="singleVar" id="Pbu|)afk?}Xa6cM!d^)z"><field name="varName">padding_selec</field></block></value><value name="B"><block type="math_number" id=")OZK}H:%l]0guV1+r]Yr"><field name="NUM">1</field></block></value></block></value></block></value><statement name="DO0"><block type="change_layer" id="N,UwYr9Q_dd.cdn1Od]g"><field name="layersNames">selection ok</field></block></statement><next><block type="controls_if" id="]BE{qCUcQp{{sSoO0r5!"><value name="IF0"><block type="logic_operation" id="H]#=YrQ#t!JH[hDb)SR^"><field name="OP">AND</field><value name="A"><block type="current_point_check" id=")GXZlg3((kLFeS7p543s"><field name="pointsNames"> removable + changeable </field></block></value><value name="B"><block type="logic_compare" id="w[l):o~q?|7;[z=l{=?~"><field name="OP">EQ</field><value name="A"><block type="singleVar" id="M4TG0R;0xVf,|Ubkj@pr"><field name="varName">padding_selec</field></block></value><value name="B"><block type="math_number" id="^w{X82?6=8N5_aR}k+%?"><field name="NUM">1</field></block></value></block></value></block></value><statement name="DO0"><block type="change_layer" id="G;TQWoHp3IV.7I^kspug"><field name="layersNames">selection ok</field></block></statement><next><block type="controls_if" id="%[:HR}aJ3kNvL};rb7E4"><value name="IF0"><block type="logic_operation" id="[X](NOJqPJxs-Vx^]vRV"><field name="OP">AND</field><value name="A"><block type="current_point_check" id="XlqG_*gw-fhiIP2!4D7Q"><field name="pointsNames">removable padding</field></block></value><value name="B"><block type="logic_compare" id="g_kp{3*YKFOJ5/ce:73f"><field name="OP">EQ</field><value name="A"><block type="singleVar" id="D~8u2e(i5y(E)rk6FILH"><field name="varName">padding_selec</field></block></value><value name="B"><block type="math_number" id="r;}Nl7Hpx60!h~/7E~{6"><field name="NUM">1</field></block></value></block></value></block></value><statement name="DO0"><block type="change_layer" id="wSw7qB!wCfq18`x@~U-+"><field name="layersNames">selection ok</field></block></statement><next><block type="controls_if" id="BULW#.5dD%rNLK@a;r=;"><value name="IF0"><block type="logic_operation" id="?@^2!d)D]=n7-I2wj+37"><field name="OP">AND</field><value name="A"><block type="current_point_check" id="#1JX)D[w)/@g!QJ:^dmF"><field name="pointsNames">sun roof</field></block></value><value name="B"><block type="logic_compare" id="))y37@3w-Nx@QW3rJ?=)"><field name="OP">EQ</field><value name="A"><block type="singleVar" id="O4_%Q1Z~b`3Zd*5JlY|n"><field name="varName">sun_selec</field></block></value><value name="B"><block type="math_number" id="%z0+GR@=iXzfl(=D=*_#"><field name="NUM">1</field></block></value></block></value></block></value><statement name="DO0"><block type="change_layer" id=")t_#X8oq-n[SMC}E8zjL"><field name="layersNames">selection ok</field></block></statement><next><block type="controls_if" id="4OPziM^li9r!vP!}FsIf"><value name="IF0"><block type="logic_operation" id="196RQf!1xXMx?|f`rI0s"><field name="OP">AND</field><value name="A"><block type="current_point_check" id="IW-tOBv,O{N/?%rc7+zs"><field name="pointsNames">tinted visor</field></block></value><value name="B"><block type="logic_compare" id="OOv0{:6GPkMy0Cq{G}e|"><field name="OP">EQ</field><value name="A"><block type="singleVar" id="kO:]a+_?l!F67=JDXeWr"><field name="varName">sun_selec</field></block></value><value name="B"><block type="math_number" id="!9O}rcCxGIl:5WG3*cn|"><field name="NUM">1</field></block></value></block></value></block></value><statement name="DO0"><block type="change_layer" id="[G8CR18yK`p*dE5Sa=sx"><field name="layersNames">selection ok</field></block></statement><next><block type="controls_if" id="@-C:_.@@K,#NyPF9RH_K"><value name="IF0"><block type="logic_operation" id="@Sxum7)!nkyq`Y=*L]K/"><field name="OP">AND</field><value name="A"><block type="current_point_check" id="8;~kxPkdzed-1)=n_lK^"><field name="pointsNames">integrated sun visor</field></block></value><value name="B"><block type="logic_compare" id="4{6%rTi#{^R)Gp3~^NH*"><field name="OP">EQ</field><value name="A"><block type="singleVar" id="LM(gS|qukeJsccW_8+|B"><field name="varName">sun_selec</field></block></value><value name="B"><block type="math_number" id="od3u29ha_gkf7rKDPHlT"><field name="NUM">1</field></block></value></block></value></block></value><statement name="DO0"><block type="change_layer" id="huQ+6KU]:JiJ:PA1L=hW"><field name="layersNames">selection ok</field></block></statement><next><block type="controls_if" id="7^B#XPy8*bTfCCK^HW8C"><value name="IF0"><block type="logic_operation" id="!{UwqquFf8Tg^[H(d6+~"><field name="OP">AND</field><value name="A"><block type="current_point_check" id="w+hLc)a}V#h~i,Tk91=d"><field name="pointsNames"> Bluetooth microphone + speaker</field></block></value><value name="B"><block type="logic_compare" id="{CNpR.XR4uZBB(rAGtvO"><field name="OP">EQ</field><value name="A"><block type="singleVar" id="cG.m~fXMN2{}[Gd/MKio"><field name="varName">gadgets_selec</field></block></value><value name="B"><block type="math_number" id="V=cbh`9FAy~haYmg+M`;"><field name="NUM">1</field></block></value></block></value></block></value><statement name="DO0"><block type="change_layer" id="OpZ*4*RktOZFbkrk6+YO"><field name="layersNames">selection ok</field></block></statement><next><block type="controls_if" id="Q}:NI615/P%4{JM|rchS"><value name="IF0"><block type="logic_operation" id="J|ZcIp`ayoWkvxn]@+28"><field name="OP">AND</field><value name="A"><block type="current_point_check" id="fmK`J]su8*aiq?wwy)`%"><field name="pointsNames"> heads up display</field></block></value><value name="B"><block type="logic_compare" id="5hI/(TRsm%tpxh):1S6x"><field name="OP">EQ</field><value name="A"><block type="singleVar" id="_UI`{;b[C=~}Ua#,^Uuo"><field name="varName">gadgets_selec</field></block></value><value name="B"><block type="math_number" id=".y?eaRZ9.S`7nn6Hj=m%"><field name="NUM">1</field></block></value></block></value></block></value><statement name="DO0"><block type="change_layer" id="3nP7|5rL,hT/2wZ_Xc*g"><field name="layersNames">selection ok</field></block></statement><next><block type="controls_if" id="WS6N(?3S?(?GQQ!7bRp3"><value name="IF0"><block type="logic_operation" id="jt6(Sx+b7`=I`O(+k;e*"><field name="OP">AND</field><value name="A"><block type="current_point_check" id="/}bQ98DI%7.g8zm}Z@{D"><field name="pointsNames">nothing (no additional gadgets )</field></block></value><value name="B"><block type="logic_compare" id="~j3HmeHE~2/.cb`Tel7Y"><field name="OP">EQ</field><value name="A"><block type="singleVar" id="v{E3=UO2=9]|/gc)#Fvr"><field name="varName">gadgets_selec</field></block></value><value name="B"><block type="math_number" id="y!oduXEM5V{TWK6)^rqi"><field name="NUM">1</field></block></value></block></value></block></value><statement name="DO0"><block type="change_layer" id="bk6Di]ABb}s4#ZqydHZ:"><field name="layersNames">selection ok</field></block></statement><next><block type="controls_if" id="@92_KOrd/FZ`l^bV-}@4"><value name="IF0"><block type="logic_operation" id=")u2gq0,FIJU*fH2E-=MS"><field name="OP">AND</field><value name="A"><block type="current_point_check" id="cgP2ESxnXo,X(K9!sp=V"><field name="pointsNames">black only</field></block></value><value name="B"><block type="logic_compare" id="a1#:=NU_;CcoU:PVbjkc"><field name="OP">EQ</field><value name="A"><block type="singleVar" id="b-k,+DttOH%@~;rNIE)%"><field name="varName">color_selec</field></block></value><value name="B"><block type="math_number" id="j2OW,)Njo|V(5l}Dbc_J"><field name="NUM">1</field></block></value></block></value></block></value><statement name="DO0"><block type="change_layer" id="e^:OjhfnP.siJ{mrD7sT"><field name="layersNames">selection ok</field></block></statement><next><block type="controls_if" id=".ARvH]t!D.sbEONCh]7Y"><value name="IF0"><block type="logic_operation" id="Q-.B5uo3WV],W_t{eO[4"><field name="OP">AND</field><value name="A"><block type="current_point_check" id="r9UgX:sBolGZ~x%-68HH"><field name="pointsNames">black – gray – white</field></block></value><value name="B"><block type="logic_compare" id="nz/q-!4BjQ5b:`|0`%D4"><field name="OP">EQ</field><value name="A"><block type="singleVar" id="7GBO8m*yF[h;Zfv50)y6"><field name="varName">color_selec</field></block></value><value name="B"><block type="math_number" id="h?#mL9BiI,muw{[cu?Bq"><field name="NUM">1</field></block></value></block></value></block></value><statement name="DO0"><block type="change_layer" id="_,:f#.hNCWV)vWZWe.ZE"><field name="layersNames">selection ok</field></block></statement><next><block type="controls_if" id="jIUvUE-`O?eGuX7C/ppe"><value name="IF0"><block type="logic_operation" id=";AISZ?X{UmBh+V]Euc/R"><field name="OP">AND</field><value name="A"><block type="current_point_check" id="@dg=fXXb2kn-6|Yj=[AM"><field name="pointsNames">all colors + special designs</field></block></value><value name="B"><block type="logic_compare" id="izAlQP5(W#f|nbVv:4lU"><field name="OP">EQ</field><value name="A"><block type="singleVar" id="Lzc;ar~=1k26+K}%(kFQ"><field name="varName">color_selec</field></block></value><value name="B"><block type="math_number" id="~}`r]e_LG%AP(/Yby|8Y"><field name="NUM">1</field></block></value></block></value></block></value><statement name="DO0"><block type="change_layer" id="x!Xzw?c*i5|I*4a2Bs.%"><field name="layersNames">selection ok</field></block></statement></block></next></block></next></block></next></block></next></block></next></block></next></block></next></block></next></block></next></block></next></block></next></block></next></block></next></block></next></block></next></block></next></block></next></block><block type="controls_if" id=",iOn-..HLVpci7#ZN=Fk" x="1342" y="-178"><value name="IF0"><block type="logic_operation" id="ImoZ)%;83wrvNguo(nRI"><field name="OP">AND</field><value name="A"><block type="current_point_check" id="Dd?~9khD{n_%jTEm7=QE"><field name="pointsNames">Kevlar/aramid/carbon</field></block></value><value name="B"><block type="logic_compare" id="2!V1s)[awp3XCpT_0+Dp"><field name="OP">GT</field><value name="A"><block type="singleVar" id="2mY;jIeOdl).R955_0s4"><field name="varName">shell_selec</field></block></value><value name="B"><block type="math_number" id="1S?[]DgHJ.;-bkWfh}xY"><field name="NUM">1</field></block></value></block></value></block></value><statement name="DO0"><block type="change_layer" id="EwsA^!0yWqP@*AsQwU[}"><field name="layersNames">selection made</field></block></statement><next><block type="controls_if" id="mU3+-mwjVL~va]QhS}DG"><value name="IF0"><block type="logic_operation" id="T5FhJvdS(7U6:yHNJxDn"><field name="OP">AND</field><value name="A"><block type="current_point_check" id="pMQ3jR@];2tC(j}bGMAM"><field name="pointsNames">Thermoplastic</field></block></value><value name="B"><block type="logic_compare" id="Z{jj-/kA[_aPE-|`tM+0"><field name="OP">GT</field><value name="A"><block type="singleVar" id="81g/vUM|~^@1!,g?vl=p"><field name="varName">shell_selec</field></block></value><value name="B"><block type="math_number" id="~?9Vq|ExdAss^D6sk^h@"><field name="NUM">1</field></block></value></block></value></block></value><statement name="DO0"><block type="change_layer" id="]=rU[N#e2?w7=wsDcrs4"><field name="layersNames">selection made</field></block></statement><next><block type="controls_if" id="Ut(yU[=2cZDniEr`TjZh"><value name="IF0"><block type="logic_operation" id="W];XfpQ8BE0c6JwAm%n."><field name="OP">AND</field><value name="A"><block type="current_point_check" id="925p([sz;R.q)3L!Z6yr"><field name="pointsNames">polycarbonate -fiberglass</field></block></value><value name="B"><block type="logic_compare" id="j,M3mL-T@Y?%Yh-NHpA7"><field name="OP">GT</field><value name="A"><block type="singleVar" id="ZA0vafhpAUn=0?T#yS!+"><field name="varName">shell_selec</field></block></value><value name="B"><block type="math_number" id="|m*N%8xl-ZVEQ.Vd|@j~"><field name="NUM">1</field></block></value></block></value></block></value><statement name="DO0"><block type="change_layer" id="v,9xg{mNSgTaK,qLpC]/"><field name="layersNames">selection made</field></block></statement><next><block type="controls_if" id="FZa!q7QVxKV!X#uA@zyV"><value name="IF0"><block type="logic_operation" id="*dKgX_;zSX`H4tQXC9my"><field name="OP">AND</field><value name="A"><block type="current_point_check" id="O~;:PqQWDD{R,Q!PX0i:"><field name="pointsNames">full-face</field></block></value><value name="B"><block type="logic_compare" id="S1?WYEGYboZtD4|}.=?A"><field name="OP">GT</field><value name="A"><block type="singleVar" id="@E(g;*@CiHXyB_08r9?l"><field name="varName">helmet_selec</field></block></value><value name="B"><block type="math_number" id="Srx+=%5*CPT9;oXEzBzf"><field name="NUM">1</field></block></value></block></value></block></value><statement name="DO0"><block type="change_layer" id="ZCDOcx_Z,Mvinb3H/_0r"><field name="layersNames">selection made</field></block></statement><next><block type="controls_if" id="BBogdrJe1D,WA-(!=Z}0"><value name="IF0"><block type="logic_operation" id="/`h:cr}FGL,iUN@IZlMD"><field name="OP">AND</field><value name="A"><block type="current_point_check" id="KdvH?h,vI);!kV[WyCeJ"><field name="pointsNames">modular</field></block></value><value name="B"><block type="logic_compare" id="FyvuQ#}Ow1}%xdL-i=!L"><field name="OP">GT</field><value name="A"><block type="singleVar" id="6G)Xfo}*LQ![x!Y~26PY"><field name="varName">helmet_selec</field></block></value><value name="B"><block type="math_number" id="kNI.bC.J%3n0L.EIubtR"><field name="NUM">1</field></block></value></block></value></block></value><statement name="DO0"><block type="change_layer" id="XqQ,_5e338ILioCIhm=="><field name="layersNames">selection made</field></block></statement><next><block type="controls_if" id="5e_?!;BK347URX*@akl^"><value name="IF0"><block type="logic_operation" id="~EQX1?}zQTH;g0z|=kV3"><field name="OP">AND</field><value name="A"><block type="current_point_check" id="U^.EAEbY^S}B|yLMy=`-"><field name="pointsNames"> flip up </field></block></value><value name="B"><block type="logic_compare" id="5D:{!7!D70P?C-0qxv{9"><field name="OP">GT</field><value name="A"><block type="singleVar" id="Viqo0Tg[r=mWd]@/PUa4"><field name="varName">helmet_selec</field></block></value><value name="B"><block type="math_number" id="QP5/!ONL7{+GCXd*2TL*"><field name="NUM">1</field></block></value></block></value></block></value><statement name="DO0"><block type="change_layer" id="4N.,RzFjR^+Iaf:{-}fy"><field name="layersNames">selection made</field></block></statement><next><block type="controls_if" id="n1w}ghUe4G?Ixr:PPu0)"><value name="IF0"><block type="logic_operation" id="^ayPS.xshFD=F#xe!#:~"><field name="OP">AND</field><value name="A"><block type="current_point_check" id="qH6-T7f+?[ZipUyRRU?1"><field name="pointsNames">non removable padding</field></block></value><value name="B"><block type="logic_compare" id="JF*9!6Qr`N+%,Pa)*E;l"><field name="OP">GT</field><value name="A"><block type="singleVar" id="DM/,{d0Mu:ic3)DB:rH^"><field name="varName">padding_selec</field></block></value><value name="B"><block type="math_number" id="OU7dTi5hNll{1u**(]Nd"><field name="NUM">1</field></block></value></block></value></block></value><statement name="DO0"><block type="change_layer" id="vU0}j)_b?;ve*r34+)L*"><field name="layersNames">selection made</field></block></statement><next><block type="controls_if" id="D3.n+twEq2|tYZ;]u{JT"><value name="IF0"><block type="logic_operation" id="Kgcr2d,1T)s1ob!X22pH"><field name="OP">AND</field><value name="A"><block type="current_point_check" id="TMYc#h_|JmcD(,3wjBbA"><field name="pointsNames"> removable + changeable </field></block></value><value name="B"><block type="logic_compare" id="+.a%+_+LMB-Ae.bPW*wO"><field name="OP">GT</field><value name="A"><block type="singleVar" id="{VGYsub(SE?2.fQ0W,R_"><field name="varName">padding_selec</field></block></value><value name="B"><block type="math_number" id="g~7WY]mn/jZ@QS.a{rMp"><field name="NUM">1</field></block></value></block></value></block></value><statement name="DO0"><block type="change_layer" id="]]5NzA;v3/iH9`x5x(nP"><field name="layersNames">selection made</field></block></statement><next><block type="controls_if" id="b?-Y33U~qJ+a+T(ZB,Ik"><value name="IF0"><block type="logic_operation" id="hVW:XdM0yM-I4s!#j66r"><field name="OP">AND</field><value name="A"><block type="current_point_check" id="%+mjDNXBRX6;9pBBFS2y"><field name="pointsNames">removable padding</field></block></value><value name="B"><block type="logic_compare" id="Xb#6!JHm2-lxRCleY5|="><field name="OP">GT</field><value name="A"><block type="singleVar" id="?G,FAJElyGFPR+zZ,H!`"><field name="varName">padding_selec</field></block></value><value name="B"><block type="math_number" id="dHCbxFF2zPjM!O#y8EAp"><field name="NUM">1</field></block></value></block></value></block></value><statement name="DO0"><block type="change_layer" id="^o:1Sw@p]7IL1g9dKj%n"><field name="layersNames">selection made</field></block></statement><next><block type="controls_if" id="(jeIW=qA[)pt3m}L21Bb"><value name="IF0"><block type="logic_operation" id="Eb3EAj{5{s7ubsMuVz[N"><field name="OP">AND</field><value name="A"><block type="current_point_check" id="giG/ER8@AjCV6p6DG/D_"><field name="pointsNames">sun roof</field></block></value><value name="B"><block type="logic_compare" id="BEc~2^@xcRZ0q^3pxdkO"><field name="OP">GT</field><value name="A"><block type="singleVar" id="cmM1~h7KVRCa2mJ3JNJg"><field name="varName">sun_selec</field></block></value><value name="B"><block type="math_number" id="sfa/J:9im?:,H4={bo5L"><field name="NUM">1</field></block></value></block></value></block></value><statement name="DO0"><block type="change_layer" id="5KS:hHJ!_3y3;[mpfs{y"><field name="layersNames">selection made</field></block></statement><next><block type="controls_if" id="26.Q6iz~2b~iDz/gNZR@"><value name="IF0"><block type="logic_operation" id="Bk~ZoLW(iuMJ0XWM_DqQ"><field name="OP">AND</field><value name="A"><block type="current_point_check" id="~8bgM(Lln@?pNp*?bT@_"><field name="pointsNames">integrated sun visor</field></block></value><value name="B"><block type="logic_compare" id="HebL=-@@iP)-Iea(-uG@"><field name="OP">GT</field><value name="A"><block type="singleVar" id="h-G954[hZ:-3N4Yrj3_b"><field name="varName">sun_selec</field></block></value><value name="B"><block type="math_number" id="tOgz8xFezy441)^r@E8L"><field name="NUM">1</field></block></value></block></value></block></value><statement name="DO0"><block type="change_layer" id="NJ8%NZ);F(9r)DzW[x+("><field name="layersNames">selection made</field></block></statement><next><block type="controls_if" id="M3QpAS@Ow33K:]|juyF4"><value name="IF0"><block type="logic_operation" id="iYm7r6xFHj/Rw:m3o)%("><field name="OP">AND</field><value name="A"><block type="current_point_check" id=")yZ^=-cTC3M|Q-7in^?a"><field name="pointsNames">tinted visor</field></block></value><value name="B"><block type="logic_compare" id="092({Ez8:ikTT[EC1C6("><field name="OP">GT</field><value name="A"><block type="singleVar" id=".NXJh^uiGcc%a/jO(c5["><field name="varName">sun_selec</field></block></value><value name="B"><block type="math_number" id=":qTan1~;B`4M2(K6SvK,"><field name="NUM">1</field></block></value></block></value></block></value><statement name="DO0"><block type="change_layer" id="Z(tR/9G.%Nh`;b=0(E50"><field name="layersNames">selection made</field></block></statement><next><block type="controls_if" id="lp}RxmU;op@40LL@kkd6"><value name="IF0"><block type="logic_operation" id="OvjqEfs`4_[zn,%~9_yZ"><field name="OP">AND</field><value name="A"><block type="current_point_check" id="ejlOhM_hdJ9?nwFrWFL5"><field name="pointsNames"> Bluetooth microphone + speaker</field></block></value><value name="B"><block type="logic_compare" id="r`Q7*5%pq6aSnKw@5qQb"><field name="OP">GT</field><value name="A"><block type="singleVar" id="Eobz:;WCiG+ah08?2=[p"><field name="varName">gadgets_selec</field></block></value><value name="B"><block type="math_number" id="Sv^]E32S]ZH|SsKVD0HJ"><field name="NUM">1</field></block></value></block></value></block></value><statement name="DO0"><block type="change_layer" id="-1/sI:KGg@p+PDTUIHT?"><field name="layersNames">selection made</field></block></statement><next><block type="controls_if" id="%qczNz2{XyGzrZy5v.t3"><value name="IF0"><block type="logic_operation" id="pq?,_nXT%WV}L*9q[sZT"><field name="OP">AND</field><value name="A"><block type="current_point_check" id="u_2):uy]34!@!N{l7elN"><field name="pointsNames"> heads up display</field></block></value><value name="B"><block type="logic_compare" id="IbAK+lhUh7KC:JYK6znA"><field name="OP">GT</field><value name="A"><block type="singleVar" id="x/T,/=stoQ8rd1G0;~#b"><field name="varName">gadgets_selec</field></block></value><value name="B"><block type="math_number" id="+gb=|}KvVL+jsj~o_1T2"><field name="NUM">1</field></block></value></block></value></block></value><statement name="DO0"><block type="change_layer" id=":J0qyQ3]OX{+_R2xzvim"><field name="layersNames">selection made</field></block></statement><next><block type="controls_if" id="AqwgS0LGofo]l_tR,h.-"><value name="IF0"><block type="logic_operation" id="fs:U@fBYQGcZG.z3?5Eg"><field name="OP">AND</field><value name="A"><block type="current_point_check" id=".VTGv|Z2ffZ0Mi}K,{*h"><field name="pointsNames">nothing (no additional gadgets )</field></block></value><value name="B"><block type="logic_compare" id="Ulk2_*y.4J;S=hXJ7%?0"><field name="OP">GT</field><value name="A"><block type="singleVar" id="W.4g[zF+Oe(Gk(r}b1cQ"><field name="varName">gadgets_selec</field></block></value><value name="B"><block type="math_number" id="HKrI[3E{}OF~I40(`ckr"><field name="NUM">1</field></block></value></block></value></block></value><statement name="DO0"><block type="change_layer" id="-:l7GM0jNx)MmXhx5U%e"><field name="layersNames">selection made</field></block></statement><next><block type="controls_if" id=":1N@p7%qPUypMxCho6H6"><value name="IF0"><block type="logic_operation" id="RNu;k#^ks_Rg#cM0QN-7"><field name="OP">AND</field><value name="A"><block type="current_point_check" id="m4|*v]S#{sBP(;^c41E["><field name="pointsNames">black – gray – white</field></block></value><value name="B"><block type="logic_compare" id="~_(CLOtgz}D(!z:o@tSy"><field name="OP">GT</field><value name="A"><block type="singleVar" id="K*eCxQM8,`dIJhBgbLxx"><field name="varName">color_selec</field></block></value><value name="B"><block type="math_number" id="[pjMxN8SvADVp38/snhi"><field name="NUM">1</field></block></value></block></value></block></value><statement name="DO0"><block type="change_layer" id="hWU4n|t2qvB7RCIX#tDB"><field name="layersNames">selection made</field></block></statement><next><block type="controls_if" id=".9}q8=k!z{:qQ{-.d+7V"><value name="IF0"><block type="logic_operation" id="M.%K#a`+J(hd~%sU94b_"><field name="OP">AND</field><value name="A"><block type="current_point_check" id="uRA2y%UBBW=SidM:wtR?"><field name="pointsNames">black only</field></block></value><value name="B"><block type="logic_compare" id="8IiSP~|5Yg?lmH0yqsAa"><field name="OP">GT</field><value name="A"><block type="singleVar" id="?`7pR*Szk[jw!6aHJjn?"><field name="varName">color_selec</field></block></value><value name="B"><block type="math_number" id="5@PJlUWG:WzMbGQR|kP#"><field name="NUM">1</field></block></value></block></value></block></value><statement name="DO0"><block type="change_layer" id="(Fm.Yj0Ti1Kub1l@ClD="><field name="layersNames">selection made</field></block></statement><next><block type="controls_if" id="%Q_9n+R@R+v!U:z*AHkY"><value name="IF0"><block type="logic_operation" id="x|oxh8B*Q~jMcx,1:.0]"><field name="OP">AND</field><value name="A"><block type="current_point_check" id="cPSHkc47dhf-0%Ed|kAs"><field name="pointsNames">all colors + special designs</field></block></value><value name="B"><block type="logic_compare" id="VdKj![wGYH5N*4Xt)Rei"><field name="OP">GT</field><value name="A"><block type="singleVar" id="[F8@8nE@rOJMtb-j#P%L"><field name="varName">color_selec</field></block></value><value name="B"><block type="math_number" id="v)Iva6[L:h`W1sVj)6!k"><field name="NUM">1</field></block></value></block></value></block></value><statement name="DO0"><block type="change_layer" id="S6l0PZv`#5.XEle@Vpj#"><field name="layersNames">selection made</field></block></statement></block></next></block></next></block></next></block></next></block></next></block></next></block></next></block></next></block></next></block></next></block></next></block></next></block></next></block></next></block></next></block></next></block></next></block></xml>