[{"id":34,"description":"Ξεκούραση στο πάρκο","values":{"Covid_Risk":{"type":"rand","from":"5","to":"10"},"Physical":"-10","Fun":"20","Social":"25","Money":"-5"},"imguri":"","layers":"Main","isDummy":false,"latlng":{"lat":58.25175129584881,"lng":84.58769679302817}},{"id":37,"description":"Βόλτα με έναν/μια φίλο/η","values":{"Covid_Risk":{"type":"rand","from":"5","to":"15"},"Physical":"20","Fun":"20","Social":"30","Money":"-5"},"imguri":"","layers":"Main","isDummy":false,"latlng":{"lat":144.10701445374355,"lng":218.896362835828}},{"id":40,"description":"Ποδόσφαιρο","values":{"Covid_Risk":{"type":"rand","from":"10","to":"30"},"Physical":"40","Fun":"40","Social":"40","Money":"-10"},"imguri":"","layers":"Main","isDummy":false,"latlng":{"lat":88.80175593102297,"lng":908.2910362124821}},{"id":43,"description":"Τράπεζα","values":{"Covid_Risk":{"type":"rand","from":"30","to":"35"},"Physical":"5","Fun":"-30","Social":"8","Money":"50"},"imguri":"","layers":"Main","isDummy":false,"latlng":{"lat":299.1227384781101,"lng":207.0990436645581}},{"id":46,"description":"Μανάβικο","values":{"Covid_Risk":{"type":"rand","from":"15","to":"25"},"Physical":"10","Fun":"-25","Social":"15","Money":"-30"},"imguri":"","layers":"Main","isDummy":false,"latlng":{"lat":287.97036784921085,"lng":812.093197111319}},{"id":49,"description":"Σούπερ Μάρκετ","values":{"Covid_Risk":{"type":"rand","from":"30","to":"35"},"Physical":"15","Fun":"-20","Social":"23","Money":"-20"},"imguri":"","layers":"Main","isDummy":false,"latlng":{"lat":349.53317062571864,"lng":676.1254973987377}},{"id":52,"description":"Σπίτι","values":{"Covid_Risk":{"type":"plus","num":"-2"},"Physical":"-5","Fun":"-5","Social":"-8","Money":"2"},"imguri":"","layers":"Main","isDummy":false,"latlng":{"lat":388.4196552951656,"lng":433.99692112296384}},{"id":55,"description":"Πολυκατάστημα","values":{"Covid_Risk":{"type":"rand","from":"30","to":"35"},"Physical":"10","Fun":"50","Social":"50","Money":"-40"},"imguri":"","layers":"Main","isDummy":false,"latlng":{"lat":312.0541758058143,"lng":38.174810523567345}},{"id":58,"description":"Τρέξιμο","values":{"Covid_Risk":{"type":"rand","from":"-15","to":"-20"},"Physical":"50","Fun":"10","Social":"-25","Money":"-10"},"imguri":"","layers":"Main","isDummy":false,"latlng":{"lat":183.0040242801865,"lng":463.1431700157562}},{"id":61,"description":"Τηλεκπαίδευση","values":{"Covid_Risk":{"type":"rand","from":"-20","to":"-25"},"Physical":"-35","Fun":"-30","Social":"10","Money":"60"},"imguri":"","layers":"bedroom","isDummy":false,"latlng":{"lat":187.82601780405926,"lng":216.46910749308748}},{"id":62,"description":"Ύπνος","values":{"Covid_Risk":{"type":"rand","from":"-15","to":"-20"},"Physical":"-25","Fun":"-20","Social":"-20","Money":"0"},"imguri":"","layers":"bedroom","isDummy":false,"latlng":{"lat":180.4144974587105,"lng":514.7003460211807}},{"id":63,"description":"Διάβασμα","values":{"Covid_Risk":{"type":"rand","from":"-15","to":"-20"},"Physical":"-20","Fun":"5","Social":"-15","Money":"-4"},"imguri":"","layers":"bedroom","isDummy":false,"latlng":{"lat":267.3876240541532,"lng":803.9302608412628}},{"id":64,"description":"Ταινία/Σειρά","values":{"Covid_Risk":{"type":"rand","from":"-15","to":"-20"},"Physical":"-30","Fun":"30","Social":"-10","Money":"-10"},"imguri":"","layers":"bedroom","isDummy":false,"latlng":{"lat":166.5995231867167,"lng":76.260328002384}},{"id":65,"description":"Βίντεο-κλίση με φίλους","values":{"Covid_Risk":{"type":"rand","from":"-20","to":"-25"},"Physical":"-25","Fun":"25","Social":"30","Money":"-6"},"imguri":"","layers":"bedroom","isDummy":false,"latlng":{"lat":239.40581596998385,"lng":97.19956710985139}},{"id":66,"description":"Γυμναστική","values":{"Covid_Risk":{"type":"rand","from":"-20","to":"-25"},"Physical":"30","Fun":"15","Social":"-10","Money":"-6"},"imguri":"","layers":"bedroom","isDummy":false,"latlng":{"lat":73.84306232181375,"lng":613.5659246764467}},{"id":67,"description":"Έξοδος από το σπίτι","values":{"Covid_Risk":{"type":"plus","num":"5"},"Physical":"2","Fun":"5","Social":"5","Money":"-2"},"imguri":"","layers":"bedroom","isDummy":false,"latlng":{"lat":263.2331417305815,"lng":354.12380839265217}},{"id":68,"description":"Καραντίνα 14 μέρες","values":{"Covid_Risk":{"type":"plus","num":"-80"},"Physical":"-60","Fun":"-40","Social":"-30","Money":"-50"},"imguri":"","layers":"bedroom","isDummy":false,"latlng":{"lat":268.1101394835969,"lng":561.6775014196878}},{"id":69,"description":"Πάρτυ γενεθλίων","values":{"Covid_Risk":{"type":"rand","from":"25","to":"65"},"Physical":"15","Fun":"35","Social":"61","Money":"-10"},"imguri":"","layers":"Main","isDummy":false,"latlng":{"lat":387.42582650783606,"lng":133.16209343440636}},{"id":72,"description":"Online Παιχνίδια","values":{"Covid_Risk":{"type":"rand","from":"-15","to":"-20"},"Physical":"-30","Fun":"30","Social":"-15","Money":"-40"},"imguri":"","layers":"bedroom","isDummy":false,"latlng":{"lat":200.79896291944448,"lng":77.14152388146726}}]