[{"id":32,"description":"WATER","values":{"Pleasure":"-8","Health":"7","Healthiness":"25% of apples value","Body_Weight":"-2","Fattening":"Minus two Kg"},"imguri":"","layers":"Main","isDummy":false,"latlng":{"lat":322.563838173005,"lng":851.8805419755527}},{"id":35,"description":"EGGS","values":{"Pleasure":"-10","Health":"14","Healthiness":"50% of lemons value","Body_Weight":"1.2","Fattening":"3/5 of chocolate value"},"imguri":"","layers":"Main","isDummy":false,"latlng":{"lat":303.2249300464949,"lng":578.8084106419778}},{"id":38,"description":"SODA","values":{"Pleasure":"25","Health":"-18","Healthiness":"9/4 of jam value","Body_Weight":"3.6","Fattening":"6/5 of milk value"},"imguri":"","layers":"Main","isDummy":false,"latlng":{"lat":201.2645720445431,"lng":742.3444152408265}},{"id":41,"description":"CHEESE","values":{"Pleasure":"-10","Health":"17","Healthiness":"68% of juice value","Body_Weight":"2","Fattening":"75% of milk value"},"imguri":"","layers":"Main","isDummy":false,"latlng":{"lat":318.0207950410761,"lng":662.7147644003728}},{"id":44,"description":"BISQUITS","values":{"Pleasure":"40","Health":"-16","Healthiness":"twice the value of jam","Body_Weight":"1.8","Fattening":"0,9 times the chocolate value"},"imguri":"","layers":"Main","isDummy":false,"latlng":{"lat":97.27778735391317,"lng":454.8888941617969}},{"id":47,"description":"LEMONS","values":{"Pleasure":"-34","Health":"28","Healthiness":"Twenty Eight ","Body_Weight":"-1","Fattening":"1/4 of water value"},"imguri":"","layers":"Main","isDummy":false,"latlng":{"lat":80.2698127244992,"lng":830.2508300671602}},{"id":50,"description":"JUICE","values":{"Pleasure":"-24","Health":"25","Healthiness":"Twenty Five ","Body_Weight":"2.7","Fattening":"0,9 times the milk value"},"imguri":"","layers":"Main","isDummy":false,"latlng":{"lat":216.4407809923512,"lng":663.1786987335856}},{"id":53,"description":"MILK","values":{"Pleasure":"-10","Health":"11","Healthiness":"44% of juice value","Body_Weight":"3","Fattening":"Three Kg"},"imguri":"","layers":"Main","isDummy":false,"latlng":{"lat":340.40418497950077,"lng":544.439743106794}},{"id":56,"description":"CHIPS","values":{"Pleasure":"30","Health":"-24","Healthiness":"3/2 of chocolate value","Body_Weight":"4.5","Fattening":"150% of milk value"},"imguri":"","layers":"Main","isDummy":false,"latlng":{"lat":116.05796117089245,"lng":568.3702880916076}},{"id":59,"description":"BREAD","values":{"Pleasure":"-20","Health":"10","Healthiness":"5/8 of yogurt value","Body_Weight":"2.4","Fattening":"0,6  times the mayo value"},"imguri":"","layers":"Main","isDummy":false,"latlng":{"lat":237.15542941088597,"lng":408.5446594164117}},{"id":62,"description":"CAKE","values":{"Pleasure":"50","Health":"-16","Healthiness":"8/17 of donuts value","Body_Weight":"2.8","Fattening":"7/5 of chocolate value"},"imguri":"","layers":"Main","isDummy":false,"latlng":{"lat":110.33967520698094,"lng":248.20015257367695}},{"id":65,"description":"BROKOLI","values":{"Pleasure":"-20","Health":"30","Healthiness":"15/8 of yogurt value","Body_Weight":"-3","Fattening":"3/2 of water value"},"imguri":"","layers":"Main","isDummy":false,"latlng":{"lat":357.85550613317633,"lng":267.2001678406617}},{"id":68,"description":"BANANAS","values":{"Pleasure":"-20","Health":"24","Healthiness":"3/2 of yogurt value","Body_Weight":"0.8","Fattening":"2/5 of chocolate value"},"imguri":"","layers":"Main","isDummy":false,"latlng":{"lat":205.98867935283377,"lng":884.621118158768}},{"id":71,"description":"APPLES","values":{"Pleasure":"-30","Health":"28","Healthiness":"175% of yogurt value","Body_Weight":"-2","Fattening":"0,6 times the lettuce value"},"imguri":"","layers":"Main","isDummy":false,"latlng":{"lat":231.82484314641232,"lng":821.2637817595357}},{"id":74,"description":"BEEF STEAK","values":{"Pleasure":"40","Health":"-11","Healthiness":"Minus eleven","Body_Weight":"1.5","Fattening":"37,5% of mayo value"},"imguri":"","layers":"Main","isDummy":false,"latlng":{"lat":351.9403426606536,"lng":382.27664185000276}},{"id":77,"description":"BACON","values":{"Pleasure":"20","Health":"-32","Healthiness":"twice the cake value","Body_Weight":"3.5","Fattening":"87,5% of mayo value"},"imguri":"","layers":"Main","isDummy":false,"latlng":{"lat":313.4814049586777,"lng":445.3659912167956}},{"id":80,"description":"YOGURT","values":{"Pleasure":"-10","Health":"16","Healthiness":"Sixteen","Body_Weight":"1","Fattening":"One Kg"},"imguri":"","layers":"Main","isDummy":false,"latlng":{"lat":328.4668082647091,"lng":745.8891967931158}},{"id":83,"description":"DONUTS","values":{"Pleasure":"50","Health":"-34","Healthiness":"Minus thirty four","Body_Weight":"3.4","Fattening":"170% of chocolate value"},"imguri":"","layers":"Main","isDummy":false,"latlng":{"lat":119.51142282631228,"lng":127.67268829000635}},{"id":86,"description":"POTATOES","values":{"Pleasure":"-20","Health":"12","Healthiness":"75% of yogurt value","Body_Weight":"3.4","Fattening":"85% of mayo value"},"imguri":"","layers":"Main","isDummy":false,"latlng":{"lat":80.07291866683809,"lng":633.1443237350882}},{"id":89,"description":"LETTUCE","values":{"Pleasure":"-25","Health":"34","Healthiness":"136% of juice's points","Body_Weight":"-3","Fattening":"Minus Three Kg"},"imguri":"","layers":"Main","isDummy":false,"latlng":{"lat":75.53231090126283,"lng":731.3531616602977}},{"id":92,"description":"MAYO","values":{"Pleasure":"12","Health":"-12","Healthiness":"3/2 of jam value","Body_Weight":"4","Fattening":"Four Kg"},"imguri":"","layers":"Main","isDummy":false,"latlng":{"lat":362.0928247735104,"lng":117.11942749047796}},{"id":95,"description":"HONEY","values":{"Pleasure":"5","Health":"8","Healthiness":"2/7 of lemons value","Body_Weight":"1.6","Fattening":"4/5 of chocolate value"},"imguri":"","layers":"Main","isDummy":false,"latlng":{"lat":234.98357255692895,"lng":313.55755004084824}},{"id":98,"description":"TIN FISH","values":{"Pleasure":"10","Health":"-22","Healthiness":"11/4 of jam value","Body_Weight":"-3","Fattening":"1.5 times the water value"},"imguri":"","layers":"Main","isDummy":false,"latlng":{"lat":230.54567371130332,"lng":543.89779054274}},{"id":101,"description":"JAM","values":{"Pleasure":"6","Health":"-8","Healthiness":"Minus eight","Body_Weight":"1.5","Fattening":"3/8 of mayo value"},"imguri":"","layers":"Main","isDummy":false,"latlng":{"lat":217.52799329870615,"lng":233.20018310764647}},{"id":104,"description":"CHOCOLATE","values":{"Pleasure":"40","Health":"-16","Healthiness":"50% of jam value","Body_Weight":"2","Fattening":"Two Kg"},"imguri":"","layers":"Main","isDummy":false,"latlng":{"lat":124.7332117549519,"lng":370.1022399912292}}]