<xml xmlns="http://www.w3.org/1999/xhtml"><block type="controls_if" id="Xe0w.xW.d77{;P;:GGlt" x="-379" y="-1161"><value name="IF0"><block type="logic_compare" id="FUBIg%[kIs,;]yJb9@@U"><field name="OP">LT</field><value name="A"><block type="singleVar" id="=Czq#5%0vwq4ZLRI|w0Z"><field name="varName">Pleasure</field></block></value><value name="B"><block type="math_number" id="KKFz~n;gObYl#,|0sT*U"><field name="NUM">0</field></block></value></block></value><statement name="DO0"><block type="popup" id="S,N,Fx{=*tTD10srhKZI"><field name="popuptext">You hate the foods you eat. Try again!</field><next><block type="sound" id="PSvP,/B~nBBEOL+Tno}!"><field name="NAME">lose</field><next><block type="gameover" id="21?(fL`Cwx15z9S};KoB"></block></next></block></next></block></statement><next><block type="controls_if" id="uZX5]3ZTXdnNm~,_VW^G"><value name="IF0"><block type="logic_compare" id=";ul)@GN6do3~MTf,?EXg"><field name="OP">LT</field><value name="A"><block type="singleVar" id="wr4Ng+)pj8H-2s5|f0wu"><field name="varName">Health</field></block></value><value name="B"><block type="math_number" id="zv0m9v#k`JaW@d@az-[]"><field name="NUM">0</field></block></value></block></value><statement name="DO0"><block type="popup" id="%3oM07MmlU9XGD;5]CSN"><field name="popuptext">You did not take care of your health! Try again!</field><next><block type="sound" id="of-h:bpCz}x#NxX/mX^V"><field name="NAME">lose</field><next><block type="gameover" id="1xA-s-j1q`jR8rx]#VwB"></block></next></block></next></block></statement><next><block type="controls_if" id="DwO8JdPYV;){0iGUZC`!"><value name="IF0"><block type="logic_compare" id="S}@.YMB5|-:L4-mxR.pc"><field name="OP">GTE</field><value name="A"><block type="singleVar" id="R}U8[V5~b%y-5WEHJw6_"><field name="varName">Body_Weight</field></block></value><value name="B"><block type="math_number" id="adAPDg46Y`}f-Pr3ySlm"><field name="NUM">80</field></block></value></block></value><statement name="DO0"><block type="popup" id="Z[/XfYj@n(G9zuvtc)|s"><field name="popuptext">You are overweighted! You should eat foods with less calories</field><next><block type="sound" id="3+VfXR.urL~Dz|Wwey=~"><field name="NAME">lose</field><next><block type="gameover" id="nWpf1a+GRyAaiv,al3L@"></block></next></block></next></block></statement><next><block type="controls_if" id="%#qydaODoQsIJFz=61r6"><value name="IF0"><block type="logic_compare" id="uKcly!q}a3L.8;sQdQVq"><field name="OP">LTE</field><value name="A"><block type="singleVar" id="O9n]|.Lash{f_VZTvr[|"><field name="varName">Body_Weight</field></block></value><value name="B"><block type="math_number" id="hzH?5E:EZ45iT3Ki*3!?"><field name="NUM">55</field></block></value></block></value><statement name="DO0"><block type="popup" id="?cr!Zg^ZWg5#^-a`;#Rn"><field name="popuptext">You are underweighted! Try again</field><next><block type="sound" id="Zjc!nb[#]IPZO.P-84ef"><field name="NAME">lose</field><next><block type="gameover" id="zCOR,Q}EM1DjAwx1?SU+"></block></next></block></next></block></statement></block></next></block></next></block></next></block></xml>