<xml xmlns="http://www.w3.org/1999/xhtml"><block type="controls_if" id="p3ZSU(E`AglIB1o]9kAX" x="-66" y="-41"><value name="IF0"><block type="logic_compare" id="zd4T[B`tPGgv51RmyBY@"><field name="OP">LTE</field><value name="A"><block type="singleVar" id="?,(|K7`;I4NM@,`d1o-v"><field name="varName">Pleasure</field></block></value><value name="B"><block type="math_number" id="re78Sk@|R9m]FcX]c1Vp"><field name="NUM">20</field></block></value></block></value><statement name="DO0"><block type="popup" id="Z?URb{WdC@Z(ddERH|G)"><field name="popuptext">You don't like the foods you eat. Watch out!</field></block></statement><next><block type="controls_if" id="7Yqm)_~9_d-Z_N{1Z%M4"><value name="IF0"><block type="logic_operation" id="5;2c1J(x.,^.ZAOL:8GN"><field name="OP">AND</field><value name="A"><block type="logic_compare" id="q_ooFtA3foWiIgCWyH)9"><field name="OP">LTE</field><value name="A"><block type="singleVar" id=",},RLQw1w;V=*^s9e./J"><field name="varName">Health</field></block></value><value name="B"><block type="math_number" id="^-iKvb@[{hlT`]6(qZ0w"><field name="NUM">15</field></block></value></block></value><value name="B"><block type="logic_compare" id="bShl}1!mA:Tpv6!D6Sz3"><field name="OP">GTE</field><value name="A"><block type="singleVar" id="0t02!I`PIZ:l6_})U0Rx"><field name="varName">Health</field></block></value><value name="B"><block type="math_number" id="S3y1;9mBt.TAu(NGfCD["><field name="NUM">10</field></block></value></block></value></block></value><statement name="DO0"><block type="popup" id="l,=nea1|jRlWjm5xVs)f"><field name="popuptext">Your health is really really bad!! Watch out what you eat</field></block></statement></block></next></block></xml>