<xml xmlns="http://www.w3.org/1999/xhtml"><block type="initialvalues" id="7%pi|u/wU`(M`t7@0~7Z" x="247" y="147"><statement name="Initial Values"><block type="initialValue" id="enK}%1ZBnqNKi+2neSQa"><field name="varName">Pleasure</field><value name="varVal"><block type="math_number" id="FD/:X_Hv4AJ@fbVydur4"><field name="NUM">30</field></block></value><next><block type="initialValue" id="5NsuKgZk5Hi/md(GHDa0"><field name="varName">Health</field><value name="varVal"><block type="math_number" id="3@A{OJvhP{OGrL3!GnMU"><field name="NUM">30</field></block></value><next><block type="initialValue" id="=gBjtkYUnpnzFlE^)9}m"><field name="varName">Body_Weight</field><value name="varVal"><block type="math_number" id="n;lP:/7+.5Hl@c7Q+X9f"><field name="NUM">65</field></block></value></block></next></block></next></block></statement></block></xml>