[{"id":"27","description":"πλυντήριο πιάτων","values":["1300","60","0.2","78000"],"imguri":"","latlng":{"lat":-12.5,"lng":-156.5}},{"id":"30","description":"ηλ. κουζίνα","values":["2000","60","0.3","120000"],"imguri":"","latlng":{"lat":10.5,"lng":-134}},{"id":"33","description":"λάμπα κουζίνας","values":["100","360","0.12","36000"],"imguri":"","latlng":{"lat":33.5,"lng":-114}},{"id":"36","description":"τηλεόραση Plasma 42ιντσών","values":["300","720","0.6","216000"],"imguri":"","latlng":{"lat":98,"lng":25}},{"id":"39","description":"πλυντήριο ρούχων","values":["500","60","0.08","30000"],"imguri":"","latlng":{"lat":80.5,"lng":82}},{"id":"42","description":"λάμπα μπάνιου","values":["100","360","0.12","36000"],"imguri":"","latlng":{"lat":-2,"lng":95.5}},{"id":"45","description":"σίδερο ρούχων","values":["2400","60","0.2","144000"],"imguri":"","latlng":{"lat":-47.5,"lng":109}},{"id":"48","description":"πιστολάκι","values":["2000","15","0.08","30000"],"imguri":"","latlng":{"lat":-109,"lng":55}},{"id":"51","description":"λάμπα δωματίου","values":["100","360","0.12","36000"],"imguri":"","latlng":{"lat":-44,"lng":15.5}},{"id":"54","description":"λάμπα καθιστικού","values":["100","360","0.12","36000"],"imguri":"","latlng":{"lat":-21.5,"lng":-23.5}},{"id":"57","description":"φούρνος μικροκυμάτων","values":["800","5","0.01","4000"],"imguri":"","latlng":{"lat":56.5,"lng":-70.5}},{"id":"60","description":"laptop","values":["250","60","0.03","15000"],"imguri":"","latlng":{"lat":-86.5,"lng":54}},{"id":"63","description":"θερμοσίφωνας 80 λίτρων","values":["4000","60","0.33","240000"],"imguri":"","latlng":{"lat":59,"lng":71.5}}]