<xml xmlns="http://www.w3.org/1999/xhtml"><block type="text_print" id="DPWMna3+q{*XS!?WQNcM" x="551" y="252"><value name="TEXT"><shadow type="text" id="oCHj.d.H/qtW44UR5@lU"><field name="TEXT">abc</field></shadow><block type="text_join" id="Nz8/|JeJM{u_57Ci8toy"><mutation items="2"></mutation><value name="ADD1"><block type="current_point_check" id="HP]O/4eFarx)RK_sU=zI"><field name="pointsNames">πλυντήριο πιάτων</field></block></value></block></value></block><block type="controls_if" id="oUgd{3K~U[F@#aF]}ygA" x="374" y="336"><value name="IF0"><block type="logic_compare" id="~a@gT-aydG21O-1G.sjK"><field name="OP">GTE</field><value name="A"><block type="singleVar" id="RTuC:_mI#d@k69q|ly)+"><field name="varName">Ισχύς</field></block></value><value name="B"><block type="math_number" id="qIM#58w_X12vI;dXPueD"><field name="NUM">2200</field></block></value></block></value><statement name="DO0"><block type="popup" id="[Q+z*@b?dHC7[R=3+,rX"><field name="popuptext">Προσοχή! Χρησιμοποιείς πολλές συσκευές μαζί ή κάποια πολύ ενεργοβόρα. Η ασφάλεια κοντεύει να πέσει!</field></block></statement></block><block type="controls_if" id="ZsF5gM((V4iGS;./b6i7" x="377" y="486"><value name="IF0"><block type="current_point_check" id="Kh0,F,r)wnEqFNfh^mB("><field name="pointsNames">πλυντήριο πιάτων</field></block></value><statement name="DO0"><block type="sound" id="9IyLKfFuf3MqEI0a[J?7"><field name="NAME">drums</field></block></statement><next><block type="controls_if" id="4YJRA!mt50LhqX2ri+.J"><value name="IF0"><block type="current_point_check" id="A/HP,1Of?ZY|P8}y*,H+"><field name="pointsNames">ηλ. κουζίνα</field></block></value><statement name="DO0"><block type="sound" id="xcaA#-_4w(z_[]Mrt%.}"><field name="NAME">drums</field></block></statement><next><block type="controls_if" id="p9i57S;EF*I}n9EhE_mj"><value name="IF0"><block type="current_point_check" id="hVP5?;*Frf@3]JvOjr=j"><field name="pointsNames">λάμπα κουζίνας</field></block></value><statement name="DO0"><block type="sound" id="1iNQ{l_Ru?H}#8YgftaF"><field name="NAME">drums</field></block></statement><next><block type="controls_if" id="TIw,O=oM.DTv7M6)C~_%"><value name="IF0"><block type="current_point_check" id="A%pK..@Cl@.+fz)Ve|e0"><field name="pointsNames">τηλεόραση Plasma 42ιντσών</field></block></value><statement name="DO0"><block type="sound" id="dMeTc1}m4FVe7,|9S~C("><field name="NAME">drums</field></block></statement><next><block type="controls_if" id="/`B9m]r[68sLOi],(V0f"><value name="IF0"><block type="current_point_check" id="2O/x7rzMAw!?0uEVd~7h"><field name="pointsNames">πλυντήριο ρούχων</field></block></value><statement name="DO0"><block type="sound" id="GEwR?NpTkob:TyF[:ET-"><field name="NAME">drums</field></block></statement><next><block type="controls_if" id="k{iIIdvuoYdk}cI.y_[_"><value name="IF0"><block type="current_point_check" id="htf#a4wD^D|^4L~aXm*q"><field name="pointsNames">λάμπα μπάνιου</field></block></value><statement name="DO0"><block type="sound" id="yr9cqMm9xNz{|KCqU-eK"><field name="NAME">drums</field></block></statement><next><block type="controls_if" id="r3ig0tA6y~+=,AWjNX:/"><value name="IF0"><block type="current_point_check" id="xjX2ZT`Q?3.o9mu!?~k4"><field name="pointsNames">σίδερο ρούχων</field></block></value><statement name="DO0"><block type="sound" id="y!o(!%Cjh/UkP|X%Mh3b"><field name="NAME">drums</field></block></statement><next><block type="controls_if" id="EOY[kcOQ062[C`g%*R6!"><value name="IF0"><block type="current_point_check" id="/zlI2%Ub+/{`ot4q2c3N"><field name="pointsNames">πιστολάκι</field></block></value><statement name="DO0"><block type="sound" id="0xTKF/uZx!bzz+2Y-~XW"><field name="NAME">drums</field></block></statement><next><block type="controls_if" id="Vi,YP1N:0/?tueraC4JX"><value name="IF0"><block type="current_point_check" id="h=17]jp1_k_!{5c2,r;d"><field name="pointsNames">λάμπα δωματίου</field></block></value><statement name="DO0"><block type="sound" id="mDlU4L.vA2Oo~J,3o-e("><field name="NAME">drums</field></block></statement><next><block type="controls_if" id="Ainkl9@lQeypx4]FDQ15"><value name="IF0"><block type="current_point_check" id="SViKJ0G2wKdFKbJ@%+S("><field name="pointsNames">λάμπα καθιστικού</field></block></value><statement name="DO0"><block type="sound" id="A!-;w^Tzo+g%exNY{Vx`"><field name="NAME">drums</field></block></statement><next><block type="controls_if" id="!D1:z#n@M4z%*sTJQw]r"><value name="IF0"><block type="current_point_check" id="0zRtA!%HhH#+wLmGjFQB"><field name="pointsNames">φούρνος μικροκυμάτων</field></block></value><statement name="DO0"><block type="sound" id="JUh(ZB5.vN_o5zHUE_vl"><field name="NAME">drums</field></block></statement><next><block type="controls_if" id="PE3@m{;7bXnzqKG-V[36"><value name="IF0"><block type="current_point_check" id="l:ozOT*EIi+Vsjge5j0Z"><field name="pointsNames">laptop</field></block></value><statement name="DO0"><block type="sound" id="1DdKaL@~b#c.`%/qre!9"><field name="NAME">drums</field></block></statement><next><block type="controls_if" id="m=+Dg8Hh2?%Gly^wMXt%"><value name="IF0"><block type="current_point_check" id="GGl2=Il{gsVwua;s;rv-"><field name="pointsNames">θερμοσίφωνας 80 λίτρων</field></block></value><statement name="DO0"><block type="sound" id="[%[I:j.5M3HDtf@CBr(G"><field name="NAME">drums</field></block></statement></block></next></block></next></block></next></block></next></block></next></block></next></block></next></block></next></block></next></block></next></block></next></block></next></block></xml>