<xml xmlns="http://www.w3.org/1999/xhtml"><block type="controls_if" id="oUgd{3K~U[F@#aF]}ygA" x="323" y="228"><value name="IF0"><block type="logic_compare" id="~a@gT-aydG21O-1G.sjK"><field name="OP">GTE</field><value name="A"><block type="singleVar" id="RTuC:_mI#d@k69q|ly)+"><field name="varName">Ισχύς</field></block></value><value name="B"><block type="math_number" id="qIM#58w_X12vI;dXPueD"><field name="NUM">3520</field></block></value></block></value><statement name="DO0"><block type="popup" id="[XMzb=tiZEwjnqR(]mUV"><field name="popuptext">Έπεσε η ασφάλεια... Γιατί άφησες ανοιχτές όλες τις συσκευές? Τροποποίησε το παιχνίδι ώστε να κλείνεις όσες δε χρειάζεσαι! Έλεγξε μήπως έχεις κάποια πολύ ενεργοβόρα συσκευή ή ασφάλεια με μικρή ισχύ!</field><next><block type="sound" id="HX[*ricI1!Pkl{lK+jKZ"><field name="NAME">lose2</field><next><block type="gameover" id="MLR/6i}9oB6st5-+BGN}"></block></next></block></next></block></statement></block></xml>