[{"id":37,"description":"Φούρνος","values":["0","0","0","4"," Κάθε φορά που μπαίνω μέσα στον φούρνο του κυρίου Νίκου θέλω να τα φάω όλα! "],"imguri":"","layers":"Main","latlng":{"lat":60.5,"lng":-5}},{"id":40,"description":"Fast food","values":["0","0","0","6","Μμμ και μόνο που θα δω τα burgers θα πεινάσω! Γρήγορη και φτηνή επιλογή!"],"imguri":"","layers":"Main","latlng":{"lat":1.5,"lng":-49}},{"id":43,"description":"Σπίτι της γιαγιας","values":["0","15","0","7","Κάθε φορά που πηγαίνω στο σπίτι της γιαγιάς, μου ανοίγει η όρεξη!"],"imguri":"","layers":"Main","latlng":{"lat":-77.5,"lng":76}},{"id":46,"description":"Ιταλικό εστιατόριο","values":["0","0","0","5","Πιάτα με άρωμα ιταλίας. Λίγο αρκιβό όμως"],"imguri":"","layers":"Main","latlng":{"lat":94.5,"lng":14}},{"id":49,"description":"Μακαρονάδα","values":["3","-10","1","-4",""],"imguri":"","layers":"Menu","latlng":{"lat":49,"lng":-106.5}},{"id":50,"description":"Σαλάτα","values":["-3","-6","3","-2",""],"imguri":"","layers":"Menu","latlng":{"lat":43.5,"lng":-37.5}},{"id":51,"description":"Πίτσα","values":["5","-12","-3","-5",""],"imguri":"","layers":"Menu","latlng":{"lat":28.5,"lng":-109.5}},{"id":52,"description":"Αναψυκτικό","values":["4","-1","-4","2",""],"imguri":"","layers":"Menu","latlng":{"lat":43,"lng":96}},{"id":53,"description":"Τούρτα","values":["5","-10","-4","-3",""],"imguri":"","layers":"Bakery","latlng":{"lat":-42.5,"lng":76.5},"isDummy":false},{"id":54,"description":"Μαύρη σοκολάτα","values":["2","-5","1","-1",""],"imguri":"","layers":"Bakery","latlng":{"lat":-90.5,"lng":71.5},"isDummy":false},{"id":55,"description":"Μπισκότα","values":["3","-4","-2","-2",""],"imguri":"","layers":"Bakery","latlng":{"lat":-11,"lng":-119},"isDummy":false},{"id":56,"description":"Burger","values":["6","-8","-4","-4",""],"imguri":"","layers":"Menu","latlng":{"lat":6,"lng":-109}},{"id":57,"description":"Πατάτες τηγανιτές","values":["4","-3","-5","-2",""],"imguri":"","layers":"Menu","latlng":{"lat":44.5,"lng":17.5}},{"id":58,"description":"Τυρόπτια","values":["3","-2","-2","-1",""],"imguri":"","layers":"Bakery","latlng":{"lat":54,"lng":-50},"isDummy":false},{"id":59,"description":"Σάντουιτς","values":["2","-6","-1","-3",""],"imguri":"","layers":"Bakery","latlng":{"lat":-75,"lng":-110.5},"isDummy":false},{"id":60,"description":"Ψησταριά","values":["0","0","0","7","Και μόνο η μυρωδιά από την ψησταριά μου ανοίγει την όρεξη"],"imguri":"","layers":"Main","latlng":{"lat":-43,"lng":48.5}},{"id":63,"description":"Σουβλάκι με γύρο","values":["4","-2","-3","-3",""],"imguri":"","layers":"Menu","latlng":{"lat":22,"lng":20}},{"id":64,"description":"Κοτόπουλο μερίδα","values":["2","-7","1","-4",""],"imguri":"","layers":"Menu","latlng":{"lat":-5.5,"lng":8.5}},{"id":65,"description":"Μπιφτέκια","values":["4","-8","1","-5",""],"imguri":"","layers":"Menu","latlng":{"lat":13.5,"lng":-44.5}},{"id":66,"description":"Μπάμιες","values":["-10","0","6","-2",""],"imguri":"","layers":"grandmother","latlng":{"lat":30.916664123535156,"lng":82.03333282470703}},{"id":67,"description":"Ψάρι","values":["-7","0","4","-2",""],"imguri":"","layers":"grandmother","latlng":{"lat":22,"lng":146.5}},{"id":68,"description":"Χόρτα","values":["-8","0","5","-1",""],"imguri":"","layers":"grandmother","isDummy":false,"latlng":{"lat":20.416664123535156,"lng":-169.96666717529297}},{"id":69,"description":"Έξοδος","values":["0","0","0","0","Καιρός να φύγω από αυτό το εστιατόριο!"],"imguri":"","layers":"Menu","isDummy":true,"latlng":{"lat":-70.234375,"lng":104.53125}},{"id":70,"description":"Έξοδος","values":["0","0","0","0","Ώρα να φύγω από τη γιαγιά!"],"imguri":"","layers":"grandmother","isDummy":true,"latlng":{"lat":-76.234375,"lng":111.03125}},{"id":71,"description":"Έξοδος","values":["0","0","0","0","Φεύγω από τον φούρνο. Θα πάω και αλλού να φάω!"],"imguri":"","layers":"Bakery","isDummy":true,"latlng":{"lat":-7.5,"lng":119.5}}]