[{"name":"Description","type":"text","visibility":"visible"},{"name":"Info","type":"url","step":".1","visibility":"visible"},{"name":"Light","type":"number","visibility":"visible"},{"name":"Waterproof","type":"number","step":".1"},{"name":"Thermo_insulation","type":"number","step":".1"},{"name":"Stable_in_wind_and_different_soils","type":"number","step":".1"},{"name":"Small_packaging","type":"number","visibility":"visible"},{"name":"Price","type":"number","step":".1"},{"name":"Budget","type":"number","step":".1","visibility":"visible"},{"name":"Rods_Selections","type":"number","step":".1","visibility":"hidden"},{"name":"Fabric_Selection","type":"number","step":".1","visibility":"hidden"},{"name":"Insulation_Selection","type":"number","step":".1","visibility":"hidden"},{"name":"Bag_Selection","type":"number","step":".1","visibility":"hidden"},{"name":"Pegs_Selection","type":"number","step":".1","visibility":"hidden"}]