[{"id":50,"description":"External Fabric","values":{"Info":"","Light":"0","Waterproof":"0","Thermo_insulation":"0","Stable_in_wind_and_different_soils":"0","Small_packaging":"0","Price":"0","Budget":"0","Rods_Selections":"0","Fabric_Selection":"0","Insulation_Selection":"0","Bag_Selection":"0","Pegs_Selection":"0"},"imguri":"","layers":"Main","isDummy":true,"latlng":{"lat":251.85000000000002,"lng":805.7937848970985}},{"id":53,"description":"Rods","values":{"Info":"https://allcampingstuff.com/tent-pole-material-types/","Light":"0","Waterproof":"0","Thermo_insulation":"0","Stable_in_wind_and_different_soils":"0","Small_packaging":"0","Price":"0","Budget":"0","Rods_Selections":"0","Fabric_Selection":"0","Insulation_Selection":"0","Bag_Selection":"0","Pegs_Selection":"0"},"imguri":"","layers":"Main","isDummy":true,"latlng":{"lat":355.35,"lng":770.4626195943952}},{"id":56,"description":"Thermo-insulating Layer","values":{"Info":"","Light":"0","Waterproof":"0","Thermo_insulation":"0","Stable_in_wind_and_different_soils":"0","Small_packaging":"0","Price":"0","Budget":"0","Rods_Selections":"0","Fabric_Selection":"0","Insulation_Selection":"0","Bag_Selection":"0","Pegs_Selection":"0"},"imguri":"","layers":"Main","isDummy":true,"latlng":{"lat":159.39000000000001,"lng":621.5996798576136}},{"id":59,"description":"Transfer Bag","values":{"Info":"","Light":"0","Waterproof":"0","Thermo_insulation":"0","Stable_in_wind_and_different_soils":"0","Small_packaging":"0","Price":"0","Budget":"0","Rods_Selections":"0","Fabric_Selection":"0","Insulation_Selection":"0","Bag_Selection":"0","Pegs_Selection":"0"},"imguri":"","layers":"Main","isDummy":true,"latlng":{"lat":75.89999999999999,"lng":339.61146825548957}},{"id":62,"description":"Stabilisation Pegs","values":{"Info":"https://www.outdoorgearlab.com/topics/camping-and-hiking/best-tent-stakes","Light":"0","Waterproof":"0","Thermo_insulation":"0","Stable_in_wind_and_different_soils":"0","Small_packaging":"0","Price":"0","Budget":"0","Rods_Selections":"0","Fabric_Selection":"0","Insulation_Selection":"0","Bag_Selection":"0","Pegs_Selection":"0"},"imguri":"","layers":"Main","isDummy":true,"latlng":{"lat":38.64,"lng":852.0268687342771}},{"id":65,"description":"END GAME","values":{"Info":"","Light":"0","Waterproof":"0","Thermo_insulation":"0","Stable_in_wind_and_different_soils":"0","Small_packaging":"0","Price":"0","Budget":"0","Rods_Selections":"0","Fabric_Selection":"0","Insulation_Selection":"0","Bag_Selection":"0","Pegs_Selection":"0"},"imguri":"","layers":"Main","isDummy":false,"latlng":{"lat":40.71,"lng":50.84618316130979}},{"id":68,"description":"Aluminum folded rods","values":{"Info":"","Light":"-0.5","Waterproof":"0","Thermo_insulation":"0","Stable_in_wind_and_different_soils":"1.5","Small_packaging":"0.4","Price":"-0.2","Budget":"-8000","Rods_Selections":"1","Fabric_Selection":"0","Insulation_Selection":"0","Bag_Selection":"0","Pegs_Selection":"0"},"imguri":"","layers":"2_Rods.jpg","isDummy":false,"latlng":{"lat":309.81,"lng":734.8047580032762}},{"id":69,"description":"Carbon Fiber telescopic rods","values":{"Info":"","Light":"-0.3","Waterproof":"0","Thermo_insulation":"0","Stable_in_wind_and_different_soils":"1.9","Small_packaging":"0.8","Price":"-0.4","Budget":"-10000","Rods_Selections":"1","Fabric_Selection":"0","Insulation_Selection":"0","Bag_Selection":"0","Pegs_Selection":"0"},"imguri":"","layers":"2_Rods.jpg","isDummy":false,"latlng":{"lat":166.98,"lng":570.7563779777814}},{"id":70,"description":"Glass Fiber folded rods","values":{"Info":"","Light":"-0.3","Waterproof":"0","Thermo_insulation":"0","Stable_in_wind_and_different_soils":"0.8","Small_packaging":"1","Price":"-0.1","Budget":"-6000","Rods_Selections":"1","Fabric_Selection":"0","Insulation_Selection":"0","Bag_Selection":"0","Pegs_Selection":"0"},"imguri":"","layers":"2_Rods.jpg","isDummy":false,"latlng":{"lat":308.43,"lng":279.14924658024063}},{"id":71,"description":"RODS INFO","values":{"Info":"","Light":"0","Waterproof":"0","Thermo_insulation":"0","Stable_in_wind_and_different_soils":"0","Small_packaging":"0","Price":"0","Budget":"0","Rods_Selections":"0","Fabric_Selection":"0","Insulation_Selection":"0","Bag_Selection":"0","Pegs_Selection":"0"},"imguri":"","layers":"2_Rods.jpg","isDummy":true,"latlng":{"lat":430.56,"lng":440.33425523534595}},{"id":72,"description":"BACK to Rods Selection","values":{"Info":"","Light":"0","Waterproof":"0","Thermo_insulation":"0","Stable_in_wind_and_different_soils":"0","Small_packaging":"0","Price":"0","Budget":"0","Rods_Selections":"0","Fabric_Selection":"0","Insulation_Selection":"0","Bag_Selection":"0","Pegs_Selection":"0"},"imguri":"","layers":"2_Rods_Info.jpg","isDummy":true,"latlng":{"lat":1.38,"lng":693.5361207423979}},{"id":73,"description":"Polyester Ripstop with PVC coating","values":{"Info":"","Light":"-0.5","Waterproof":"3","Thermo_insulation":"1","Stable_in_wind_and_different_soils":"1.1","Small_packaging":"0.5","Price":"-0.2","Budget":"-8000","Rods_Selections":"0","Fabric_Selection":"1","Insulation_Selection":"0","Bag_Selection":"0","Pegs_Selection":"0"},"imguri":"","layers":"1_External_Fabric.jpg","isDummy":false,"latlng":{"lat":280.14,"lng":206.2685931283584}},{"id":74,"description":"Cordura Nylon with Polyurethane coating","values":{"Info":"","Light":"-1.1","Waterproof":"5","Thermo_insulation":"2.5","Stable_in_wind_and_different_soils":"1.5","Small_packaging":"0.2","Price":"-0.8","Budget":"-12000","Rods_Selections":"0","Fabric_Selection":"1","Insulation_Selection":"0","Bag_Selection":"0","Pegs_Selection":"0"},"imguri":"","layers":"1_External_Fabric.jpg","isDummy":false,"latlng":{"lat":152.49,"lng":206.2625104230167}},{"id":75,"description":"Dyneema Composite Fabric","values":{"Info":"","Light":"-0.3","Waterproof":"5","Thermo_insulation":"1.5","Stable_in_wind_and_different_soils":"1.9","Small_packaging":"0.3","Price":"-1.1","Budget":"-14000","Rods_Selections":"0","Fabric_Selection":"1","Insulation_Selection":"0","Bag_Selection":"0","Pegs_Selection":"0"},"imguri":"","layers":"1_External_Fabric.jpg","isDummy":false,"latlng":{"lat":321.54,"lng":739.5773637629782}},{"id":76,"description":"EXTERNAL FABRIC INFO","values":{"Info":"","Light":"0","Waterproof":"0","Thermo_insulation":"0","Stable_in_wind_and_different_soils":"0","Small_packaging":"0","Price":"0","Budget":"0","Rods_Selections":"0","Fabric_Selection":"0","Insulation_Selection":"0","Bag_Selection":"0","Pegs_Selection":"0"},"imguri":"","layers":"1_External_Fabric.jpg","isDummy":true,"latlng":{"lat":419.52,"lng":673.4112049835244}},{"id":77,"description":"BACK to MAIN screen (F)","values":{"Info":"","Light":"0","Waterproof":"0","Thermo_insulation":"0","Stable_in_wind_and_different_soils":"0","Small_packaging":"0","Price":"0","Budget":"0","Rods_Selections":"0","Fabric_Selection":"0","Insulation_Selection":"0","Bag_Selection":"0","Pegs_Selection":"0"},"imguri":"","layers":"1_External_Fabric.jpg","isDummy":true,"latlng":{"lat":41.4,"lng":685.8415575555933}},{"id":78,"description":"No Thermo-insulating Layer","values":{"Info":"","Light":"0","Waterproof":"0","Thermo_insulation":"0","Stable_in_wind_and_different_soils":"0","Small_packaging":"1.5","Price":"0","Budget":"0","Rods_Selections":"0","Fabric_Selection":"0","Insulation_Selection":"1","Bag_Selection":"0","Pegs_Selection":"0"},"imguri":"","layers":"3_Thermo-insulating_layer.jpg","isDummy":false,"latlng":{"lat":140.07,"lng":218.72263623702185}},{"id":79,"description":"Detachable layer of fleece fabric (Sherpa)","values":{"Info":"https://www.reference.com/world-view/sherpa-fleece-made-327ace77ea52ed04","Light":"-0.5","Waterproof":"0","Thermo_insulation":"1.5","Stable_in_wind_and_different_soils":"0","Small_packaging":"1.2","Price":"-0.2","Budget":"-6000","Rods_Selections":"0","Fabric_Selection":"0","Insulation_Selection":"1","Bag_Selection":"0","Pegs_Selection":"0"},"imguri":"","layers":"3_Thermo-insulating_layer.jpg","isDummy":false,"latlng":{"lat":322.23,"lng":100.70717553006085}},{"id":80,"description":"Multi-layer Sandwich Fabric filled with non-woven thick layer","values":{"Info":"https://www.textileschool.com/5348/multi-layer-fabrics-the-art-of-weaving-several-layers-in-a-fabric/","Light":"-0.8","Waterproof":"0","Thermo_insulation":"2","Stable_in_wind_and_different_soils":"0","Small_packaging":"0.9","Price":"-0.8","Budget":"-10000","Rods_Selections":"0","Fabric_Selection":"0","Insulation_Selection":"1","Bag_Selection":"0","Pegs_Selection":"0"},"imguri":"","layers":"3_Thermo-insulating_layer.jpg","isDummy":false,"latlng":{"lat":323.61,"lng":589.9396423086481}},{"id":81,"description":"Inflatable internal layer","values":{"Info":"https://en.wikipedia.org/wiki/Air-supported_structure","Light":"-1.1","Waterproof":"0","Thermo_insulation":"2.5","Stable_in_wind_and_different_soils":"0","Small_packaging":"0.9","Price":"-1","Budget":"-14000","Rods_Selections":"0","Fabric_Selection":"0","Insulation_Selection":"1","Bag_Selection":"0","Pegs_Selection":"0"},"imguri":"","layers":"3_Thermo-insulating_layer.jpg","isDummy":false,"latlng":{"lat":135.24,"lng":772.215548972001}},{"id":82,"description":"Plastic Pegs","values":{"Info":"https://www.tentworld.com.au/buy-sale/supa-peg-225mm-yellow-sand-peg-polycarbonate","Light":"-0.1","Waterproof":"0","Thermo_insulation":"0","Stable_in_wind_and_different_soils":"0.3","Small_packaging":"0.2","Price":"-0.1","Budget":"-6000","Rods_Selections":"0","Fabric_Selection":"0","Insulation_Selection":"0","Bag_Selection":"0","Pegs_Selection":"1"},"imguri":"","layers":"4_Pegs.jpg","isDummy":false,"latlng":{"lat":308.43,"lng":126.61966108313081}},{"id":83,"description":"Iron","values":{"Info":"https://www.goodcampingtents.com/tent-pegs/","Light":"-0.6","Waterproof":"0","Thermo_insulation":"0","Stable_in_wind_and_different_soils":"0.8","Small_packaging":"0.3","Price":"-0.1","Budget":"-8000","Rods_Selections":"0","Fabric_Selection":"0","Insulation_Selection":"0","Bag_Selection":"0","Pegs_Selection":"1"},"imguri":"","layers":"4_Pegs.jpg","isDummy":false,"latlng":{"lat":309.12,"lng":873.8759010559792}},{"id":84,"description":"Stainless Steel","values":{"Info":"https://www.outdoorgearlab.com/topics/camping-and-hiking/best-tent-stakes","Light":"-0.7","Waterproof":"0","Thermo_insulation":"0","Stable_in_wind_and_different_soils":"1","Small_packaging":"0.3","Price":"-0.4","Budget":"-12000","Rods_Selections":"0","Fabric_Selection":"0","Insulation_Selection":"0","Bag_Selection":"0","Pegs_Selection":"1"},"imguri":"","layers":"4_Pegs.jpg","isDummy":false,"latlng":{"lat":307.74,"lng":500.72661034321874}},{"id":85,"description":"Aluminum","values":{"Info":"https://www.outdoorgearlab.com/topics/camping-and-hiking/best-tent-stakes","Light":"-0.2","Waterproof":"0","Thermo_insulation":"0","Stable_in_wind_and_different_soils":"0.8","Small_packaging":"0.2","Price":"-0.2","Budget":"-10000","Rods_Selections":"0","Fabric_Selection":"0","Insulation_Selection":"0","Bag_Selection":"0","Pegs_Selection":"1"},"imguri":"","layers":"4_Pegs.jpg","isDummy":false,"latlng":{"lat":117.3,"lng":240.81025016373852}},{"id":86,"description":"Carbon Fiber","values":{"Info":"https://zpacks.com/products/carbon-fiber-stake","Light":"-0.1","Waterproof":"0","Thermo_insulation":"0","Stable_in_wind_and_different_soils":"1","Small_packaging":"0.4","Price":"-0.5","Budget":"-14000","Rods_Selections":"0","Fabric_Selection":"0","Insulation_Selection":"0","Bag_Selection":"0","Pegs_Selection":"1"},"imguri":"","layers":"4_Pegs.jpg","isDummy":false,"latlng":{"lat":111.78,"lng":431.65962353416563}},{"id":87,"description":"Titanium","values":{"Info":"https://giantpygmy.net/shop/index.php?id_product=60&controller=product&search_query=clamcleat+pegs&results=3","Light":"-0.1","Waterproof":"0","Thermo_insulation":"0","Stable_in_wind_and_different_soils":"1.3","Small_packaging":"0.5","Price":"-0.6","Budget":"-16000","Rods_Selections":"0","Fabric_Selection":"0","Insulation_Selection":"0","Bag_Selection":"0","Pegs_Selection":"1"},"imguri":"","layers":"4_Pegs.jpg","isDummy":false,"latlng":{"lat":146.28,"lng":827.8244134790338}},{"id":88,"description":"BACK to MAIN screen (P)","values":{"Info":"","Light":"0","Waterproof":"0","Thermo_insulation":"0","Stable_in_wind_and_different_soils":"0","Small_packaging":"0","Price":"","Budget":"0","Rods_Selections":"0","Fabric_Selection":"0","Insulation_Selection":"0","Bag_Selection":"0","Pegs_Selection":"0"},"imguri":"","layers":"4_Pegs.jpg","isDummy":true,"latlng":{"lat":8.280000000000001,"lng":738.6168239341731}},{"id":89,"description":"Classic open-top Bag (pouch)","values":{"Info":"","Light":"-0.1","Waterproof":"0","Thermo_insulation":"0","Stable_in_wind_and_different_soils":"0","Small_packaging":"0.9","Price":"-0.1","Budget":"-2900","Rods_Selections":"0","Fabric_Selection":"0","Insulation_Selection":"0","Bag_Selection":"1","Pegs_Selection":"0"},"imguri":"","layers":"5_Transfer_bags.jpg","isDummy":false,"latlng":{"lat":237.36,"lng":110.09903884637423}},{"id":90,"description":"Bag with volume compressing belts","values":{"Info":"","Light":"-0.2","Waterproof":"0","Thermo_insulation":"0","Stable_in_wind_and_different_soils":"0","Small_packaging":"1.5","Price":"-0.5","Budget":"-7900","Rods_Selections":"0","Fabric_Selection":"0","Insulation_Selection":"0","Bag_Selection":"1","Pegs_Selection":"0"},"imguri":"","layers":"5_Transfer_bags.jpg","isDummy":false,"latlng":{"lat":339.48,"lng":608.1857372049182}},{"id":91,"description":"BACK to MAIN screen (R)","values":{"Info":"","Light":"0","Waterproof":"0","Thermo_insulation":"0","Stable_in_wind_and_different_soils":"0","Small_packaging":"0","Price":"0","Budget":"0","Rods_Selections":"0","Fabric_Selection":"0","Insulation_Selection":"0","Bag_Selection":"0","Pegs_Selection":"0"},"imguri":"","layers":"2_Rods.jpg","isDummy":true,"latlng":{"lat":48.300000000000004,"lng":821.1291273497899}},{"id":92,"description":"BACK to MAIN screen (SA)","values":{"Info":"","Light":"0","Waterproof":"0","Thermo_insulation":"0","Stable_in_wind_and_different_soils":"0","Small_packaging":"0","Price":"0","Budget":"0","Rods_Selections":"0","Fabric_Selection":"0","Insulation_Selection":"0","Bag_Selection":"0","Pegs_Selection":"0"},"imguri":"","layers":"selection_ok.jpg","isDummy":false,"latlng":{"lat":89.7,"lng":740.5452668666705}},{"id":93,"description":"BACK to MAIN screen (SM)","values":{"Info":"","Light":"0","Waterproof":"0","Thermo_insulation":"0","Stable_in_wind_and_different_soils":"0","Small_packaging":"0","Price":"0","Budget":"0","Rods_Selections":"0","Fabric_Selection":"0","Insulation_Selection":"0","Bag_Selection":"0","Pegs_Selection":"0"},"imguri":"","layers":"Selection_made.jpg","isDummy":true,"latlng":{"lat":124.89,"lng":745.5387708729958}},{"id":94,"description":"BACK to Fabric Selection","values":{"Info":"","Light":"0","Waterproof":"0","Thermo_insulation":"0","Stable_in_wind_and_different_soils":"0","Small_packaging":"0","Price":"0","Budget":"0","Rods_Selections":"0","Fabric_Selection":"0","Insulation_Selection":"0","Bag_Selection":"0","Pegs_Selection":"0"},"imguri":"","layers":"1_Fabric_Info.jpg","isDummy":true,"latlng":{"lat":180.08999999999997,"lng":768.3778716501911}},{"id":95,"description":"BACK to MAIN screen (I)","values":{"Info":"","Light":"0","Waterproof":"0","Thermo_insulation":"0","Stable_in_wind_and_different_soils":"0","Small_packaging":"0","Price":"0","Budget":"0","Rods_Selections":"0","Fabric_Selection":"0","Insulation_Selection":"0","Bag_Selection":"0","Pegs_Selection":"0"},"imguri":"","layers":"3_Thermo-insulating_layer.jpg","isDummy":true,"latlng":{"lat":28.29,"lng":640.7413256782469}},{"id":96,"description":"BACK to MAIN screen (B)","values":{"Info":"","Light":"0","Waterproof":"0","Thermo_insulation":"0","Stable_in_wind_and_different_soils":"0","Small_packaging":"0","Price":"0","Budget":"0","Rods_Selections":"0","Fabric_Selection":"0","Insulation_Selection":"0","Bag_Selection":"0","Pegs_Selection":"0"},"imguri":"","layers":"5_Transfer_bags.jpg","isDummy":true,"latlng":{"lat":57.27,"lng":655.3392675454618}}]