[{"name":"Light","type":"number","value":5},{"name":"Waterproof","type":"number","value":0},{"name":"Thermo_insulation","type":"number","value":0},{"name":"Stable_in_wind_and_different_soils","type":"number","value":0},{"name":"Small_packaging","type":"number","value":0},{"name":"Price","type":"number","value":5},{"name":"Budget","type":"number","value":35000},{"name":"Rods_Selections","type":"number","value":0},{"name":"Fabric_Selection","type":"number","value":0},{"name":"Insulation_Selection","type":"number","value":0},{"name":"Bag_Selection","type":"number","value":0},{"name":"Pegs_Selection","type":"number","value":0}]