<xml xmlns="http://www.w3.org/1999/xhtml"><block type="initialvalues" id="7%pi|u/wU`(M`t7@0~7Z" x="51" y="32"><statement name="Initial Values"><block type="initialValue" id="id1"><field name="varName">Light</field><value name="varVal"><block type="math_number" id="var1"><field name="NUM">5</field></block></value><next><block type="initialValue" id="a)A{c*V04#{/^w2UErG{"><field name="varName">Small_pack</field><value name="varVal"><block type="math_number" id="c=2_.hOl:yEi2{r~Wbzk"><field name="NUM">0</field></block></value><next><block type="initialValue" id="8ssLI%g@n`c9P)YO(O#,"><field name="varName">Small_packaging</field><value name="varVal"><block type="math_number" id="yHCp4[8}W2UUHc#(*H63"><field name="NUM">0</field></block></value><next><block type="initialValue" id="L0t[C]7{fl0`sDmNR3lI"><field name="varName">Waterproof</field><value name="varVal"><block type="math_number" id="e5wVt)eF!_X|ylLZW]Sn"><field name="NUM">0</field></block></value><next><block type="initialValue" id="Sx:LCCfSa)juBC5jY=ns"><field name="varName">Thermo_insulation</field><value name="varVal"><block type="math_number" id="C6(DS+MRXX~{dZ-2zHX0"><field name="NUM">0</field></block></value><next><block type="initialValue" id="bt~_ui(Dc11b~cX:*n@A"><field name="varName">Stable_in_wind_and_different_soils</field><value name="varVal"><block type="math_number" id="yT3N4SDcG!`Xrld-Bw.*"><field name="NUM">0</field></block></value><next><block type="initialValue" id="M*RMJU_Cc07jl%M4Oisv"><field name="varName">Price</field><value name="varVal"><block type="math_number" id="e*/dSblXL(x`aVi86I0!"><field name="NUM">5</field></block></value><next><block type="initialValue" id="yWBt4|=`#5JPx!E1Xio="><field name="varName">Rods_Selections</field><value name="varVal"><block type="math_number" id="B.Fg2KFHVymB(eu56)H="><field name="NUM">0</field></block></value><next><block type="initialValue" id="-K15Kk|cok:PF%LP:Iy;"><field name="varName">Fabric_Selection</field><value name="varVal"><block type="math_number" id="qtC{VGg,_FonlR7cFUA5"><field name="NUM">0</field></block></value><next><block type="initialValue" id="7@YUCFmm[,b7-9!#Z9x9"><field name="varName">Insulation_Selection</field><value name="varVal"><block type="math_number" id=";C(*HUKVuq92M[Ncua5I"><field name="NUM">0</field></block></value><next><block type="initialValue" id="z|R,iBL[arPdUSK!s5ie"><field name="varName">Bag_Selection</field><value name="varVal"><block type="math_number" id="y|SdYkd5r.2@5|VswF!#"><field name="NUM">0</field></block></value><next><block type="initialValue" id="UH=5*Hj!Ri_%32%uP07q"><field name="varName">Pegs_Selection</field><value name="varVal"><block type="math_number" id="2dlbU]1?l[6N^}6H(oJ@"><field name="NUM">0</field></block></value><next><block type="initialValue" id="=~`3XVF(q%Qp/Q`5IjOC"><field name="varName">Budget</field><value name="varVal"><block type="math_number" id="qYGno,qz_EDFE1~eyBo7"><field name="NUM">35000</field></block></value></block></next></block></next></block></next></block></next></block></next></block></next></block></next></block></next></block></next></block></next></block></next></block></next></block></statement></block></xml>