<xml xmlns="http://www.w3.org/1999/xhtml"><block type="controls_if" id="R[E2p,3BLD/iutBc}2X2" x="-3369" y="-7968"><mutation elseif="3"></mutation><value name="IF0"><block type="logic_operation" id="dAvpBN~;Xf.e6LyROx,r"><field name="OP">AND</field><value name="A"><block type="current_point_check" id="5(w)z`Loh;W7pYeI4#S0"><field name="pointsNames">Rods</field></block></value><value name="B"><block type="logic_compare" id="XmOhGJ59MkRBt;Bx%YmP"><field name="OP">GTE</field><value name="A"><block type="singleVar" id="ECiiAUUA%5n%yvQ/dMfy"><field name="varName">Rods_Selections</field></block></value><value name="B"><block type="math_number" id="teuJxn,iky5:z8F~nNtI"><field name="NUM">1</field></block></value></block></value></block></value><statement name="DO0"><block type="sound" id=",BNyGvR4ii`h9{urr]7N"><field name="NAME">beep</field><next><block type="change_layer" id="+Gpn@7`0D0kaQrp;o^p8"><field name="layersNames">Selection_made.jpg</field></block></next></block></statement><value name="IF1"><block type="logic_operation" id="6|m8tOoeQYWj_JA3}Vd="><field name="OP">AND</field><value name="A"><block type="current_point_check" id="id?M|b[i=uW:,V4C^D.j"><field name="pointsNames">Rods</field></block></value><value name="B"><block type="logic_compare" id="O^EsUS=D/*nmq`MwpU21"><field name="OP">EQ</field><value name="A"><block type="singleVar" id="lti8-vjM`8a{2l:iU[Vf"><field name="varName">Rods_Selections</field></block></value><value name="B"><block type="math_number" id="(}pM]XEsd1SXg=Qj+mpj"><field name="NUM">0</field></block></value></block></value></block></value><statement name="DO1"><block type="change_layer" id=";H1v(m/1uz*4h%/uGRJ#"><field name="layersNames">2_Rods.jpg</field></block></statement><value name="IF2"><block type="logic_operation" id="70f.S.1_nOdOA.)@NvLc"><field name="OP">AND</field><value name="A"><block type="current_point_check" id="Jo5iQ`v+@iOE(3ZZxAir"><field name="pointsNames">External Fabric</field></block></value><value name="B"><block type="logic_compare" id="]/j:?Q%t_}i%f4xrP+.Y"><field name="OP">EQ</field><value name="A"><block type="singleVar" id="OWObOX2d4NR9@Ph{1%YY"><field name="varName">Fabric_Selection</field></block></value><value name="B"><block type="math_number" id="DxmtsKr_TpnvG[JyI:hr"><field name="NUM">0</field></block></value></block></value></block></value><statement name="DO2"><block type="change_layer" id="UI|iP}?f]vfD@@JCF~um"><field name="layersNames">1_External_Fabric.jpg</field></block></statement><value name="IF3"><block type="logic_operation" id="yoDtGqCzNv]G?C/|F,m5"><field name="OP">AND</field><value name="A"><block type="current_point_check" id="c%vpt)g)NAU6^=C0.y:@"><field name="pointsNames">External Fabric</field></block></value><value name="B"><block type="logic_compare" id="Me,im^1~M50)-Uqb^JVv"><field name="OP">GTE</field><value name="A"><block type="singleVar" id=";UF,DO~S;rIE=D.pC9(R"><field name="varName">Fabric_Selection</field></block></value><value name="B"><block type="math_number" id="73I=wxrd-M|te9y=7|tD"><field name="NUM">1</field></block></value></block></value></block></value><statement name="DO3"><block type="sound" id="+aSNCdHn!AShM4mzUKZ("><field name="NAME">beep</field><next><block type="change_layer" id="7-#]Y~{P(GP|z9PZG+n-"><field name="layersNames">Selection_made.jpg</field></block></next></block></statement><next><block type="controls_if" id=".WnOKlc2.hZb[~_Aky5U"><mutation elseif="1"></mutation><value name="IF0"><block type="logic_operation" id="HVD*DdcP.dqkOw29oG=b"><field name="OP">AND</field><value name="A"><block type="current_point_check" id="BQE?S7oFtBwXSvzvGg1s"><field name="pointsNames">Thermo-insulating Layer</field></block></value><value name="B"><block type="logic_compare" id="CVIt-YS:~DD[2,MC^s(7"><field name="OP">GTE</field><value name="A"><block type="singleVar" id="@3KkRIx*[Q?6PF0i0Zu7"><field name="varName">Insulation_Selection</field></block></value><value name="B"><block type="math_number" id="iW~Qti!dVv){uZI11c7b"><field name="NUM">1</field></block></value></block></value></block></value><statement name="DO0"><block type="sound" id="dRW)Ae!%1Gk!1TB{JRB`"><field name="NAME">beep</field><next><block type="change_layer" id="D.uwg/WZN{`i{49j:gF,"><field name="layersNames">Selection_made.jpg</field></block></next></block></statement><value name="IF1"><block type="logic_operation" id="YSs4rQ;(o:e0yE~p+nv{"><field name="OP">AND</field><value name="A"><block type="current_point_check" id="m6,}+jJL#Z|S{Gu;[B)e"><field name="pointsNames">Thermo-insulating Layer</field></block></value><value name="B"><block type="logic_compare" id="Nm{;)60w9Y;rAu)BuGo("><field name="OP">EQ</field><value name="A"><block type="singleVar" id="psb~RYl;-0sz]_q@;/mZ"><field name="varName">Insulation_Selection</field></block></value><value name="B"><block type="math_number" id="K.[VfSz,%qZb=ahGzhy^"><field name="NUM">0</field></block></value></block></value></block></value><statement name="DO1"><block type="change_layer" id="?0PDf@5qSES7`=NJG-3!"><field name="layersNames">3_Thermo-insulating_layer.jpg</field></block></statement><next><block type="controls_if" id="Pz8r%?b=j|DeTDiS7)Sh"><mutation elseif="1"></mutation><value name="IF0"><block type="logic_operation" id="VZiI*8p~70hblSKx|M,A"><field name="OP">AND</field><value name="A"><block type="current_point_check" id="5Zc?NJjKTcxn8Gough=;"><field name="pointsNames">Transfer Bag</field></block></value><value name="B"><block type="logic_compare" id="0SeE|ih(2udy:g0tQ,j%"><field name="OP">GTE</field><value name="A"><block type="singleVar" id="!9;s{1)6/bcES`AY1YV0"><field name="varName">Bag_Selection</field></block></value><value name="B"><block type="math_number" id=",8HRnc*3}_^%YKE`ZoT#"><field name="NUM">1</field></block></value></block></value></block></value><statement name="DO0"><block type="sound" id="XawH#UvZ7cl4Yx!6,B#~"><field name="NAME">beep</field><next><block type="change_layer" id="=DEy`tXE8HmH0w_]]|GL"><field name="layersNames">Selection_made.jpg</field></block></next></block></statement><value name="IF1"><block type="logic_operation" id="W?qxz-B/ZBcHi-*Mfa_d"><field name="OP">AND</field><value name="A"><block type="current_point_check" id="Pz9EQt_gNk;Ju_wTGsek"><field name="pointsNames">Transfer Bag</field></block></value><value name="B"><block type="logic_compare" id="{R0X;-HTBo9qx?fmP7l."><field name="OP">EQ</field><value name="A"><block type="singleVar" id="0z@-82n?{8j8~0yn,H7F"><field name="varName">Bag_Selection</field></block></value><value name="B"><block type="math_number" id="=Iwaw7sFy!gknRiU~jev"><field name="NUM">0</field></block></value></block></value></block></value><statement name="DO1"><block type="change_layer" id="atc%c:wD_|7P#o;,:7`Y"><field name="layersNames">5_Transfer_bags.jpg</field></block></statement><next><block type="controls_if" id="aIvlQz(YmEm=jqHqvv4E"><mutation elseif="1"></mutation><value name="IF0"><block type="logic_operation" id="}Htx5+b=t:bvqW-[`GwJ"><field name="OP">AND</field><value name="A"><block type="current_point_check" id="lqqalU^S=XL_hwECo_4f"><field name="pointsNames">Stabilisation Pegs</field></block></value><value name="B"><block type="logic_compare" id="e=1,.!u2sk@h:GC_eN9:"><field name="OP">GTE</field><value name="A"><block type="singleVar" id="rm+.AyW%(aH0!.4M2jkB"><field name="varName">Pegs_Selection</field></block></value><value name="B"><block type="math_number" id="W(E9E_}m?bu,{A3aP{~e"><field name="NUM">1</field></block></value></block></value></block></value><statement name="DO0"><block type="sound" id="X42mGBjx/S@nOX^D.o5."><field name="NAME">beep</field><next><block type="change_layer" id="dxt,6@!n~v}o60i#mYLe"><field name="layersNames">Selection_made.jpg</field></block></next></block></statement><value name="IF1"><block type="logic_operation" id="ze*p4Y7AV6|}s_WV:-y#"><field name="OP">AND</field><value name="A"><block type="current_point_check" id="M3TJvbt%Pi^GZBj1qR;A"><field name="pointsNames">Stabilisation Pegs</field></block></value><value name="B"><block type="logic_compare" id=",`{y+?^z_Z:jdg-e!xh3"><field name="OP">EQ</field><value name="A"><block type="singleVar" id="ReU*C.C[zoX@H5j+S/Y3"><field name="varName">Pegs_Selection</field></block></value><value name="B"><block type="math_number" id="L,xvlYX?)[eJhY^Yv`Eq"><field name="NUM">0</field></block></value></block></value></block></value><statement name="DO1"><block type="change_layer" id="G_F(Gm_x*:z0_]]3`)Sh"><field name="layersNames">4_Pegs.jpg</field></block></statement></block></next></block></next></block></next></block><block type="controls_if" id="3b/%wM%~LNUcfYziI)y|" x="-2328" y="-7977"><value name="IF0"><block type="current_point_check" id="dN~@Jbd56yU(`Ru+%wNg"><field name="pointsNames">RODS INFO</field></block></value><statement name="DO0"><block type="change_layer" id="dLSgMvJO?vwBM]?toi_@"><field name="layersNames">2_Rods_Info.jpg</field></block></statement><next><block type="controls_if" id="WTlPPpQ`L?Cg{Z~uyQ^F"><value name="IF0"><block type="current_point_check" id="xYGYN92I)t_)uO:K`p4B"><field name="pointsNames">BACK to Rods Selection</field></block></value><statement name="DO0"><block type="change_layer" id="jR1wFb4%p5M~pG9kNrp["><field name="layersNames">2_Rods.jpg</field></block></statement><next><block type="controls_if" id="l+[LwB:0=Mu#:A0EV=3["><value name="IF0"><block type="current_point_check" id="uP(Z`cWkdPi`fj2[Z7|G"><field name="pointsNames">BACK to MAIN screen (R)</field></block></value><statement name="DO0"><block type="change_layer" id="^B7c2%`D,q!rJ*y`^l@9"><field name="layersNames">Main</field></block></statement><next><block type="controls_if" id="8_J#jJ?}%ZK;PZHXr`w:"><value name="IF0"><block type="logic_operation" id="*`[V*MhEhfjc[3lAOmEV"><field name="OP">AND</field><value name="A"><block type="current_point_check" id="stZ3NXw7w^6`+zK5Gf`u"><field name="pointsNames">Aluminum folded rods</field></block></value><value name="B"><block type="logic_compare" id="A}5#Tzd*;0j+d}2on{i/"><field name="OP">GTE</field><value name="A"><block type="singleVar" id=":PQ+N;|(t4{MW(W+ncls"><field name="varName">Rods_Selections</field></block></value><value name="B"><block type="math_number" id="iaA+T[?NG6bS4du:@vBF"><field name="NUM">1</field></block></value></block></value></block></value><statement name="DO0"><block type="sound" id="HPJtLdnb3{G_Nk}xC4(Z"><field name="NAME">beep</field><next><block type="change_layer" id="UN`)J!VTYzQt7ni3bGu)"><field name="layersNames">selection_ok.jpg</field></block></next></block></statement><next><block type="controls_if" id="NBLo`7CVa8EpgNGEUTW!"><value name="IF0"><block type="logic_operation" id="Xcv=F2@*kX#g)rf89NY0"><field name="OP">AND</field><value name="A"><block type="current_point_check" id="b!Y^W!-aK70SIVy%um2L"><field name="pointsNames">Carbon Fiber telescopic rods</field></block></value><value name="B"><block type="logic_compare" id="Lc`/]4U(X^cg+(vx8qdL"><field name="OP">GTE</field><value name="A"><block type="singleVar" id="v:7mPNm+Qf}047rny9`U"><field name="varName">Rods_Selections</field></block></value><value name="B"><block type="math_number" id="V0Q]o6_GAV5Jc[Ej6.qe"><field name="NUM">1</field></block></value></block></value></block></value><statement name="DO0"><block type="sound" id="%hh=5a?gs;}16g9_*oG,"><field name="NAME">beep</field><next><block type="change_layer" id=".m8kKmKwr*jZQseBP|`O"><field name="layersNames">selection_ok.jpg</field></block></next></block></statement><next><block type="controls_if" id="vi3x9@H%/wQ,o!4bU7!J"><value name="IF0"><block type="logic_operation" id="vS@u~j]o~VGa+Lo{cf{3"><field name="OP">AND</field><value name="A"><block type="current_point_check" id="~_C:b|LLP;gnmMV}#}65"><field name="pointsNames">Glass Fiber folded rods</field></block></value><value name="B"><block type="logic_compare" id="7b=U@Hf1|OvwCNQ3hu)s"><field name="OP">GTE</field><value name="A"><block type="singleVar" id="q+u_zo7*|4,ZqGv2:TFG"><field name="varName">Rods_Selections</field></block></value><value name="B"><block type="math_number" id="~:MR+r.J_@#Fv(;f2tvl"><field name="NUM">1</field></block></value></block></value></block></value><statement name="DO0"><block type="sound" id="w{tpv.9QOlPw/*.M%P=W"><field name="NAME">beep</field><next><block type="change_layer" id="T1tcNqrQL_xvVy{Tzcm~"><field name="layersNames">selection_ok.jpg</field></block></next></block></statement></block></next></block></next></block></next></block></next></block></next></block><block type="controls_if" id="t@0N)?vE:9uk0A~Sx*]p" x="-2330" y="-7403"><value name="IF0"><block type="current_point_check" id="=nv5,p_spZ-ZI7xc[zkj"><field name="pointsNames">EXTERNAL FABRIC INFO</field></block></value><statement name="DO0"><block type="change_layer" id="3IfEH:XtcCS-HBcUyOpx"><field name="layersNames">1_Fabric_Info.jpg</field></block></statement><next><block type="controls_if" id="pWc2Mqo;H7A@es|!@oow"><value name="IF0"><block type="current_point_check" id="1b3lRAMnbR4`(ND=)`z("><field name="pointsNames">BACK to Fabric Selection</field></block></value><statement name="DO0"><block type="change_layer" id="Tn[qjH`dRIv`!mvU;a{K"><field name="layersNames">1_External_Fabric.jpg</field></block></statement><next><block type="controls_if" id="%rj:uH1%3yswjExH?WD~"><value name="IF0"><block type="current_point_check" id="/3koaC;%ppK5dpdM={2)"><field name="pointsNames">BACK to MAIN screen (F)</field></block></value><statement name="DO0"><block type="change_layer" id="psC;.US,)?(T9[M%PL#o"><field name="layersNames">Main</field></block></statement><next><block type="controls_if" id="{Gr-Y4YEc=tFDgl}z(P@"><value name="IF0"><block type="logic_operation" id="Y)r(bsa!6pFLCPJB:mOI"><field name="OP">AND</field><value name="A"><block type="current_point_check" id="L7=!*(Xd2x4UY:R}?h}U"><field name="pointsNames">Polyester Ripstop with PVC coating</field></block></value><value name="B"><block type="logic_compare" id="im`Tp5@?I{1hy60jAT]W"><field name="OP">GTE</field><value name="A"><block type="singleVar" id="XZ2xyc.LT?[oQmA693M9"><field name="varName">Fabric_Selection</field></block></value><value name="B"><block type="math_number" id="Rruq=7aQ*vZTtuF5WZsr"><field name="NUM">1</field></block></value></block></value></block></value><statement name="DO0"><block type="sound" id="CJ8in{?RJZj-NLiQSZxh"><field name="NAME">beep</field><next><block type="change_layer" id="G`g@2`.Jjno4d`U77`c?"><field name="layersNames">selection_ok.jpg</field></block></next></block></statement><next><block type="controls_if" id="P,hd97Onwj;,*#~)eXj)"><value name="IF0"><block type="logic_operation" id="5yBzk,uTP@8i{pa8,bUM"><field name="OP">AND</field><value name="A"><block type="current_point_check" id="6A+kjGvizNYmkpQowZ7#"><field name="pointsNames">Cordura Nylon with Polyurethane coating</field></block></value><value name="B"><block type="logic_compare" id="hmv1%m@@Vzuw@GEy@{~="><field name="OP">GTE</field><value name="A"><block type="singleVar" id="?B(R(8CYB@kJwt0C{3D_"><field name="varName">Fabric_Selection</field></block></value><value name="B"><block type="math_number" id="I{2!fxY/u|Os2r!?B9zc"><field name="NUM">1</field></block></value></block></value></block></value><statement name="DO0"><block type="sound" id="c_vja]Y?Nqz.n,7qj1Ji"><field name="NAME">beep</field><next><block type="change_layer" id=":_X)Gflg[=9S{hpxja1S"><field name="layersNames">selection_ok.jpg</field></block></next></block></statement><next><block type="controls_if" id="1s%@6r;,4(i2@q`kO^Dd"><value name="IF0"><block type="logic_operation" id="EM4d-[V;C`=pYWmF-C67"><field name="OP">AND</field><value name="A"><block type="current_point_check" id="h662|@DyXVY=U;+M*bn8"><field name="pointsNames">Dyneema Composite Fabric</field></block></value><value name="B"><block type="logic_compare" id=".8*6bem6LD)Tn:^e2WTJ"><field name="OP">GTE</field><value name="A"><block type="singleVar" id="_rcEr-kck0,!;}I,=*Ib"><field name="varName">Fabric_Selection</field></block></value><value name="B"><block type="math_number" id="Hj)U%~QK#tHzX_~Z_`lw"><field name="NUM">1</field></block></value></block></value></block></value><statement name="DO0"><block type="sound" id="JZru6rfjs7u*A9Oi3!ZE"><field name="NAME">beep</field><next><block type="change_layer" id="alG`hhLT=-EQybCAg~f;"><field name="layersNames">selection_ok.jpg</field></block></next></block></statement></block></next></block></next></block></next></block></next></block></next></block><block type="controls_if" id="rD21p?T2M9Jr^jQveN*`" x="-3345" y="-6957"><value name="IF0"><block type="current_point_check" id="mG4G.CE`~8Qje|SnF3f#"><field name="pointsNames">BACK to MAIN screen (SA)</field></block></value><statement name="DO0"><block type="change_layer" id="nK:En{M%-+UAQ:=EvIMS"><field name="layersNames">Main</field></block></statement><next><block type="controls_if" id="f49r=xxdhbW6,{pTE0/5"><value name="IF0"><block type="current_point_check" id="I|AScD?j)RsP;)_4K7qv"><field name="pointsNames">BACK to MAIN screen (SM)</field></block></value><statement name="DO0"><block type="change_layer" id=";g7?3qVOKQIL~)kbM}YZ"><field name="layersNames">Main</field></block></statement></block></next></block><block type="controls_if" id="V[=d@.I5p};-V5TDcVaq" x="-2332" y="-6805"><value name="IF0"><block type="current_point_check" id="@?_]PbZ3y/1V^1(n.qW,"><field name="pointsNames">THERMO-INSULATION INFO</field></block></value><statement name="DO0"><block type="change_layer" id="%sdFD3?cszEU5I^qRa6X"><field name="layersNames">3_Thermo-insulating_Info.jpg</field></block></statement><next><block type="controls_if" id="Lzwk8;cJ?f7E2Kg^,;9)"><value name="IF0"><block type="current_point_check" id="v7%+M:3H(z`ovwY4!l3L"><field name="pointsNames">BACK to Thermo-insulation Selection</field></block></value><statement name="DO0"><block type="change_layer" id="W0CgY!E(AbZKd8x.-oTk"><field name="layersNames">3_Thermo-insulating_layer.jpg</field></block></statement><next><block type="controls_if" id="sgapv#F3f,@RN}|doxrI"><value name="IF0"><block type="current_point_check" id="Vcfgo(N_/{m@F3p.00j3"><field name="pointsNames">BACK to MAIN screen (I)</field></block></value><statement name="DO0"><block type="change_layer" id="R12.*`[[avncK0~MIhRN"><field name="layersNames">Main</field></block></statement><next><block type="controls_if" id="O~o5!v@VSh{#iJq}H65p"><value name="IF0"><block type="logic_operation" id="wFCejm_b-WU6ZMRgV5D!"><field name="OP">AND</field><value name="A"><block type="current_point_check" id="@Lu)IS!q!NEql|_aa]XE"><field name="pointsNames">No Thermo-insulating Layer</field></block></value><value name="B"><block type="logic_compare" id="}vPRg?c1:LBslw2wrUN3"><field name="OP">GTE</field><value name="A"><block type="singleVar" id="@#r9ryNzerUNutK#Kn]u"><field name="varName">Insulation_Selection</field></block></value><value name="B"><block type="math_number" id="oIpF2aRmLRY%?S,+?,|u"><field name="NUM">1</field></block></value></block></value></block></value><statement name="DO0"><block type="sound" id="OLl@.iRkFFF6ePI35oxL"><field name="NAME">beep</field><next><block type="change_layer" id="?7G)]aD#[KNtRV1{0x{%"><field name="layersNames">selection_ok.jpg</field></block></next></block></statement><next><block type="controls_if" id="qXnjN=~P.7O~Qy7l0TF/"><value name="IF0"><block type="logic_operation" id="5/}H_(ALk-S9w@v}8II("><field name="OP">AND</field><value name="A"><block type="current_point_check" id="]W#WZ2bl:+Dn@w)((6{w"><field name="pointsNames">Detachable layer of fleece fabric (Sherpa)</field></block></value><value name="B"><block type="logic_compare" id="`gz+:6GA2jU:id0vV;Wr"><field name="OP">GTE</field><value name="A"><block type="singleVar" id="t0]d+j/Ai*^g7{R6eg?5"><field name="varName">Insulation_Selection</field></block></value><value name="B"><block type="math_number" id="|_](}wm[@xK7]p7ge*OC"><field name="NUM">1</field></block></value></block></value></block></value><statement name="DO0"><block type="sound" id="i[2S7nC12J^R04VQ.rF{"><field name="NAME">beep</field><next><block type="change_layer" id="DA.AD3AVR2m(r~a:MKWS"><field name="layersNames">selection_ok.jpg</field></block></next></block></statement><next><block type="controls_if" id=")M2yHqYlhrZ,CcN}iJ#n"><value name="IF0"><block type="logic_operation" id="2rNX~]2S=nLh_*g~#ZB+"><field name="OP">AND</field><value name="A"><block type="current_point_check" id="gQt/C3OTJMTl/?@_2O9l"><field name="pointsNames">Multi-layer Sandwich Fabric filled with non-woven thick layer</field></block></value><value name="B"><block type="logic_compare" id="-##Q-(eNVNv;zEZoyP9A"><field name="OP">GTE</field><value name="A"><block type="singleVar" id="y8{(BvJzUQK32XaAt5*i"><field name="varName">Insulation_Selection</field></block></value><value name="B"><block type="math_number" id="YB!f@Q8[QEh]]_?aZ6}N"><field name="NUM">1</field></block></value></block></value></block></value><statement name="DO0"><block type="sound" id="u%hS#L2svS}mVn`@.H8U"><field name="NAME">beep</field><next><block type="change_layer" id="8!/(9I04}n%]O/V=D!o,"><field name="layersNames">selection_ok.jpg</field></block></next></block></statement><next><block type="controls_if" id="pR2vC9pHw9rk18?3Kr,P"><value name="IF0"><block type="logic_operation" id="r0TP)gny!19|xl3e=?#O"><field name="OP">AND</field><value name="A"><block type="current_point_check" id="nD_PMspPVd^7PnOSQu1E"><field name="pointsNames">Inflatable internal layer</field></block></value><value name="B"><block type="logic_compare" id="SLFc(!2;+dSsnz7~9-)_"><field name="OP">GTE</field><value name="A"><block type="singleVar" id="EM*n5N:k%:,:xBFEd#hj"><field name="varName">Insulation_Selection</field></block></value><value name="B"><block type="math_number" id="h.rL_BVG^G%iw}3lMH4v"><field name="NUM">1</field></block></value></block></value></block></value><statement name="DO0"><block type="sound" id="G!3-qIMsv,~o89ih7-p7"><field name="NAME">beep</field><next><block type="change_layer" id="RKT[BQ@od0rE2l8rqr,I"><field name="layersNames">selection_ok.jpg</field></block></next></block></statement></block></next></block></next></block></next></block></next></block></next></block></next></block><block type="controls_if" id="m7hNZ9hfcFe+J4~`EIMh" x="-4765" y="-6666"><value name="IF0"><block type="logic_compare" id="86)?R0LL0fU}.+.`[kSH"><field name="OP">EQ</field><value name="A"><block type="movescounter" id=".k+s5LYZIBTrf~SwKb~I"></block></value><value name="B"><block type="math_number" id="CiH+!|z(H:;nfCRTlA|j"><field name="NUM">5</field></block></value></block></value><statement name="DO0"><block type="controls_if" id="S?zmIafCyl8/*]OxE{Ix"><value name="IF0"><block type="logic_operation" id="L;Fia(D!(*yqD.VhtR-z"><field name="OP">OR</field><value name="A"><block type="logic_operation" id="A}gG:eLai4x?Rn[*n%3~"><field name="OP">OR</field><value name="A"><block type="logic_compare" id="%m%.^++#`u//BpL`{]ne"><field name="OP">GTE</field><value name="A"><block type="singleVar" id="qNs6Dq~c[OPLDfRq/3Kw"><field name="varName">Light</field></block></value><value name="B"><block type="math_number" id="vUoTxtao=.iBHh8I*-]#"><field name="NUM">3</field></block></value></block></value><value name="B"><block type="logic_compare" id="jIGaUHT58,u/X,)g~rLU"><field name="OP">GTE</field><value name="A"><block type="singleVar" id="I%-0hJ~xVJk;7y^aI34("><field name="varName">Waterproof</field></block></value><value name="B"><block type="math_number" id="%Tpn,Jy]/+KmX%Y@r?Lv"><field name="NUM">3</field></block></value></block></value></block></value><value name="B"><block type="logic_operation" id="XBgZRMvVlkqGqXt4Bt)4"><field name="OP">OR</field><value name="A"><block type="logic_operation" id="xa-u[M.,ELdK@.U}/+Cf"><field name="OP">OR</field><value name="A"><block type="logic_compare" id="GshdtEI1YP9sWYio%Heq"><field name="OP">GTE</field><value name="A"><block type="singleVar" id="mD]p~.LslaTdv,K:UbP;"><field name="varName">Thermo_insulation</field></block></value><value name="B"><block type="math_number" id="lvtgclFzFCN`_hYmt9i9"><field name="NUM">2</field></block></value></block></value><value name="B"><block type="logic_compare" id="|1|cZK1?9U33Ia;wrUd,"><field name="OP">GTE</field><value name="A"><block type="singleVar" id="gKxk^~f|R+EU{i`|V|c3"><field name="varName">Stable_in_wind_and_different_soils</field></block></value><value name="B"><block type="math_number" id="uqO]1S:nZ:^*q,0C]U.+"><field name="NUM">3</field></block></value></block></value></block></value><value name="B"><block type="logic_operation" id="=jT/MB?jVt`1*xN)-Si4"><field name="OP">OR</field><value name="A"><block type="logic_compare" id="e#~Y?cL74hA=M#4z%c|V"><field name="OP">GTE</field><value name="A"><block type="singleVar" id="?M6;b|Q8V%:ti1ygO6|A"><field name="varName">Small_packaging</field></block></value><value name="B"><block type="math_number" id="dt/y1|^_oi)%A.y~SdVC"><field name="NUM">3</field></block></value></block></value><value name="B"><block type="logic_compare" id="P:JH{irOv)fKnq[1o!pQ"><field name="OP">GTE</field><value name="A"><block type="singleVar" id=".^KBi^SB(4G*!x~5#BPX"><field name="varName">Price</field></block></value><value name="B"><block type="math_number" id="1nO0{iIOq]J{JUc)FI-^"><field name="NUM">4</field></block></value></block></value></block></value></block></value></block></value><statement name="DO0"><block type="popup" id="J@W(b?;6v]Y-oo`2wOkn"><field name="popuptext">GREAT!  YOUR DESIGN SO FAR IS :</field></block></statement><next><block type="controls_if" id="@N;y9BGY9w0#I].:I.vY"><value name="IF0"><block type="logic_compare" id="W@@@!;jFNrYjpF9y[Dyi"><field name="OP">GTE</field><value name="A"><block type="singleVar" id="UU@bRsFAEQgR)XEDkz56"><field name="varName">Light</field></block></value><value name="B"><block type="math_number" id="cgp^*F6J{:pF}PCBo,Qw"><field name="NUM">3</field></block></value></block></value><statement name="DO0"><block type="popup" id="~2{C`=e-7~K((%BJn5MB"><field name="popuptext">- light</field></block></statement><next><block type="controls_if" id="NF_mq*OX):dacFSf!?=d"><value name="IF0"><block type="logic_compare" id="Z)(C4y7a+Lp`9m(wY8Nz"><field name="OP">GTE</field><value name="A"><block type="singleVar" id="f15nm[`dX@T@C7v[ssil"><field name="varName">Waterproof</field></block></value><value name="B"><block type="math_number" id="+A=kO^Yodm-YX`E?MLk7"><field name="NUM">3</field></block></value></block></value><statement name="DO0"><block type="popup" id="uN_KxO;s[jo2-5/LrPyB"><field name="popuptext">- waterproof</field></block></statement><next><block type="controls_if" id="qYo]DdKztt9Kk3AjFJ@j"><value name="IF0"><block type="logic_compare" id="8lU59A2u5|,#^i_!=ZiP"><field name="OP">GTE</field><value name="A"><block type="singleVar" id="5M.}*tnRUt}UBduQtF6u"><field name="varName">Thermo_insulation</field></block></value><value name="B"><block type="math_number" id="J-%_)?993Vy0-zNuX^S)"><field name="NUM">2</field></block></value></block></value><statement name="DO0"><block type="popup" id=";juY}TKYxykr@_Y|[oV5"><field name="popuptext">- thermo-insulative</field></block></statement><next><block type="controls_if" id="S)O/FqnD1FSVP/+BVpn="><value name="IF0"><block type="logic_compare" id="Gi4.fFZrXk:[_B*l~C@2"><field name="OP">GTE</field><value name="A"><block type="singleVar" id="W~I45DGU1O}O?09NIaoJ"><field name="varName">Stable_in_wind_and_different_soils</field></block></value><value name="B"><block type="math_number" id="{vcIl;k!JXPEcpEf8!nG"><field name="NUM">3</field></block></value></block></value><statement name="DO0"><block type="popup" id="f(r`=NMabu-*QZuI2ssH"><field name="popuptext">- stable in wind and in different soils</field></block></statement><next><block type="controls_if" id="=gfWFf=hdkKsE=~@pR!E"><value name="IF0"><block type="logic_compare" id="*9+mHZR-hoOniP~T}+{W"><field name="OP">GTE</field><value name="A"><block type="singleVar" id="D]:h+(;5YCLJz`A23;mZ"><field name="varName">Small_packaging</field></block></value><value name="B"><block type="math_number" id="ZhS#1?8)a[ug,PPe=M6{"><field name="NUM">3</field></block></value></block></value><statement name="DO0"><block type="popup" id="yOa=~7=MoH=]ZQE.n(PO"><field name="popuptext">- small in packaging</field></block></statement><next><block type="controls_if" id="KZRVD0{sd}(2_/eJ[|p!"><value name="IF0"><block type="logic_compare" id="PO_Ubg%wI]#+w9Fq]2:1"><field name="OP">GTE</field><value name="A"><block type="singleVar" id="78cihGPta:jO/JL+hM7@"><field name="varName">Price</field></block></value><value name="B"><block type="math_number" id="n.E/-u!t-X5c.m9y[I%("><field name="NUM">4</field></block></value></block></value><statement name="DO0"><block type="popup" id="_i},`yRBTZFsCUO+fhiq"><field name="popuptext">- in good price</field></block></statement><next><block type="controls_if" id="(Y?O1x)q0;DN3]VNmEZ8"><value name="IF0"><block type="logic_operation" id="Z:BFa[4Kn=NGC(*ZX(Fw"><field name="OP">OR</field><value name="A"><block type="logic_operation" id="gPW`qa)y)g@jN.#ad#|p"><field name="OP">OR</field><value name="A"><block type="logic_compare" id="eFJuhVR+:mMG}L]3232y"><field name="OP">LT</field><value name="A"><block type="singleVar" id="-~FHFB4oC;z!!gqqo(IS"><field name="varName">Light</field></block></value><value name="B"><block type="math_number" id="h7iq4%0T*:Su1B5Fu1BU"><field name="NUM">3</field></block></value></block></value><value name="B"><block type="logic_compare" id="x)`a%RjZPU#v%[gh;5za"><field name="OP">LT</field><value name="A"><block type="singleVar" id="stmqf~C!:k;^}Vnfhkz{"><field name="varName">Waterproof</field></block></value><value name="B"><block type="math_number" id=":)tce.+t(f[6a(YuLrbw"><field name="NUM">3</field></block></value></block></value></block></value><value name="B"><block type="logic_operation" id="B.bsc{24BVQ`n_L9Xm,@"><field name="OP">OR</field><value name="A"><block type="logic_operation" id="L2[p{Bx?2?#Zj8=#:B%/"><field name="OP">OR</field><value name="A"><block type="logic_compare" id="Bs6C4zv6D9qPX.~f5l:6"><field name="OP">LT</field><value name="A"><block type="singleVar" id="i2n}98,R)]nW92{v*{!/"><field name="varName">Thermo_insulation</field></block></value><value name="B"><block type="math_number" id="d9IAducvV=u|V:bD(emB"><field name="NUM">2</field></block></value></block></value><value name="B"><block type="logic_compare" id="Y_+zR}DK^tXykZ8JHe%!"><field name="OP">LT</field><value name="A"><block type="singleVar" id="-zo;h}/f.t@U?b^~_r-E"><field name="varName">Stable_in_wind_and_different_soils</field></block></value><value name="B"><block type="math_number" id="l6hUL`@`_SV.(]Dv_[Fc"><field name="NUM">3</field></block></value></block></value></block></value><value name="B"><block type="logic_operation" id=",ZHAIORO|+`~%)w:m2(T"><field name="OP">OR</field><value name="A"><block type="logic_compare" id="x}w#q:u,;Xg%1`415)R+"><field name="OP">LT</field><value name="A"><block type="singleVar" id="`Y6Tod@*{[`.C!G/R)RY"><field name="varName">Small_packaging</field></block></value><value name="B"><block type="math_number" id="4ZD!oDucBCGMg9BRVYgi"><field name="NUM">3</field></block></value></block></value><value name="B"><block type="logic_compare" id="V}H)Fv}He(lft;F]6@hj"><field name="OP">LT</field><value name="A"><block type="singleVar" id="jt6VUoxxf835n2RU!mCf"><field name="varName">Price</field></block></value><value name="B"><block type="math_number" id="F~{p7u]Y/)5gQomT40Dp"><field name="NUM">4</field></block></value></block></value></block></value></block></value></block></value><statement name="DO0"><block type="popup" id="]{2(G/hx^EyPhUL)Uzav"><field name="popuptext">BUT YOU SHOULD MAKE IT MORE :</field><next><block type="controls_if" id="g`HZm-:c88I3jK|vvOfD"><value name="IF0"><block type="logic_compare" id="1+x--#V*8#!HL^PC[@l4"><field name="OP">LT</field><value name="A"><block type="singleVar" id="g9a,}zw#X60K0obQyb#k"><field name="varName">Light</field></block></value><value name="B"><block type="math_number" id="e0uT[fzFSJ|abXPlOiE#"><field name="NUM">3</field></block></value></block></value><statement name="DO0"><block type="popup" id="3kzJHGFisr0+SzHXy?Qt"><field name="popuptext">- light</field></block></statement><next><block type="controls_if" id="5g~Xer|qmQV5zdpPsveH"><value name="IF0"><block type="logic_compare" id="Wn6W6446;~KBA=AzBM*q"><field name="OP">LT</field><value name="A"><block type="singleVar" id="pbav]XI,n{1U!8![r-8i"><field name="varName">Waterproof</field></block></value><value name="B"><block type="math_number" id="r7NrVFGZUD0uJl(M=Ci["><field name="NUM">3</field></block></value></block></value><statement name="DO0"><block type="popup" id="4#EH;VidFu4H[v`#KQNg"><field name="popuptext">- waterproof</field></block></statement><next><block type="controls_if" id="a`{0jiI.gSu3i1)2FlZ7"><value name="IF0"><block type="logic_compare" id="-G-%ESPKC;!8romP4Goy"><field name="OP">LT</field><value name="A"><block type="singleVar" id="_AMG`^!2!Oi]n4?vtwRp"><field name="varName">Thermo_insulation</field></block></value><value name="B"><block type="math_number" id="1Woz[GxE~v}I/_;uFcHH"><field name="NUM">2</field></block></value></block></value><statement name="DO0"><block type="popup" id="YCPG`!Nn,Rbe1_8:2moD"><field name="popuptext">- thermo-insulative</field></block></statement><next><block type="controls_if" id="KYS[|qe7YUdqy?y[mugQ"><value name="IF0"><block type="logic_compare" id="7(jG%Ly#B8-ojbHN8Xo7"><field name="OP">LT</field><value name="A"><block type="singleVar" id="jNx!y7y|Hagmu9ytm?Nz"><field name="varName">Stable_in_wind_and_different_soils</field></block></value><value name="B"><block type="math_number" id="kKm)NrBJ+8(F-K}5RpLm"><field name="NUM">3</field></block></value></block></value><statement name="DO0"><block type="popup" id="j3;EGidk,^A+^:8HvaC/"><field name="popuptext">- stable in wind and in different soils</field></block></statement><next><block type="controls_if" id=";hKeOHiUCIi!8abFG)t?"><value name="IF0"><block type="logic_compare" id="Fsrc`]m!JE~@RGbZn5C7"><field name="OP">LT</field><value name="A"><block type="singleVar" id="gAJ;:mPf{baBJ40#q}lO"><field name="varName">Small_packaging</field></block></value><value name="B"><block type="math_number" id="*IV7)K+8?O(Gs{NN`*,m"><field name="NUM">3</field></block></value></block></value><statement name="DO0"><block type="popup" id="DjYqtY)If:P``i}psf45"><field name="popuptext">- small in Packaging</field></block></statement><next><block type="controls_if" id="/tDgXHu^L|M%0YyXpX)5"><value name="IF0"><block type="logic_compare" id="3_jc_|;|/#q-Mck{lGQs"><field name="OP">GTE</field><value name="A"><block type="singleVar" id="`8y6|];0|wDDj[i]|i@n"><field name="varName">Price</field></block></value><value name="B"><block type="math_number" id="GlOL-#[*YcuRscPVdRu*"><field name="NUM">4</field></block></value></block></value><statement name="DO0"><block type="popup" id="*Mvs1;9K@qbAft%=.^(."><field name="popuptext">- cheap</field></block></statement></block></next></block></next></block></next></block></next></block></next></block></next></block></statement></block></next></block></next></block></next></block></next></block></next></block></next></block></next></block></statement></block><block type="controls_if" id="~pH(V*WPjTo-kgJa3cd!" x="-2334" y="-6107"><value name="IF0"><block type="current_point_check" id="7+?7cj=_,mdiDO*`fkC,"><field name="pointsNames">Ext.Fabric Info</field></block></value><statement name="DO0"><block type="change_layer" id="j/jeCkix+e;`,kS-t;,K"><field name="layersNames">1_Fabric_Info.jpg</field></block></statement><next><block type="controls_if" id="PrI;)^V+o5o~P2oF.[ub"><value name="IF0"><block type="current_point_check" id="]83h@=-n/yv=I]|-?b91"><field name="pointsNames">BACK to Fabric Selection</field></block></value><statement name="DO0"><block type="change_layer" id="FIJ}*2,hnWNVK,tV=i}v"><field name="layersNames">1_External_Fabric.jpg</field></block></statement><next><block type="controls_if" id="S03y+:.s~urTid,]wa+L"><value name="IF0"><block type="current_point_check" id="q~QnQ0=ijDu0p%])S2,Y"><field name="pointsNames">BACK to MAIN screen (F)</field></block></value><statement name="DO0"><block type="change_layer" id="I.C:-M[m@)~Dp^*i^{KI"><field name="layersNames">Main</field></block></statement><next><block type="controls_if" id="m:0E@q,S67hkNzwBm}gd"><value name="IF0"><block type="logic_operation" id="uk`ypSv1-(ffiOa`M7C}"><field name="OP">AND</field><value name="A"><block type="current_point_check" id="OO9unM?fcFw;+=R(Z*[n"><field name="pointsNames">Polyester Ripstop with PVC coating</field></block></value><value name="B"><block type="logic_compare" id=":G-y3csRJsp:4THc*+*k"><field name="OP">GTE</field><value name="A"><block type="singleVar" id="7@-{;5W/9247N}Pfq2-@"><field name="varName">Fabric_Selection</field></block></value><value name="B"><block type="math_number" id="qqhROQBX,ZSVUx/{)=?7"><field name="NUM">1</field></block></value></block></value></block></value><statement name="DO0"><block type="sound" id="/x%,]qud9gNj[QK5G9cL"><field name="NAME">beep</field><next><block type="change_layer" id="k%a`UmuIW}G5S*dCiy-8"><field name="layersNames">selection_ok.jpg</field></block></next></block></statement><next><block type="controls_if" id="srh^b%YVFHc){dMAU_;n"><value name="IF0"><block type="logic_operation" id="5!IkiUV#,@LVY#lcW*DJ"><field name="OP">AND</field><value name="A"><block type="current_point_check" id="`aVvWIZ8N]mE5f|t75io"><field name="pointsNames">Cordura Nylon with Polyurethane coating</field></block></value><value name="B"><block type="logic_compare" id="Xr4S`IPC^X9PKC(FT5gJ"><field name="OP">GTE</field><value name="A"><block type="singleVar" id="4jM/fuyjimhDfvc(/e:v"><field name="varName">Fabric_Selection</field></block></value><value name="B"><block type="math_number" id="AY)w#7fKT/uCI+1S4c=k"><field name="NUM">1</field></block></value></block></value></block></value><statement name="DO0"><block type="sound" id="^3]Ge#8k[cg+6SY4Y*E5"><field name="NAME">beep</field><next><block type="change_layer" id="d^0grIlGXi_^a|ozo%1D"><field name="layersNames">selection_ok.jpg</field></block></next></block></statement><next><block type="controls_if" id="Stpm+H[LJQq;6@p]2r1Q"><value name="IF0"><block type="logic_operation" id="PJ~tyOA]IyY{7h;-p~sH"><field name="OP">AND</field><value name="A"><block type="current_point_check" id="CdcQeBzn{nqKP]7=[PFY"><field name="pointsNames">Dyneema Composite Fabric</field></block></value><value name="B"><block type="logic_compare" id="0[HtcQ(paS.W|CkDy^(F"><field name="OP">GTE</field><value name="A"><block type="singleVar" id="4YJ%JmisGucxmY6;ZXGx"><field name="varName">Fabric_Selection</field></block></value><value name="B"><block type="math_number" id=":zqb`J9S9Xj:K8VAH*/3"><field name="NUM">1</field></block></value></block></value></block></value><statement name="DO0"><block type="sound" id="U!L}7vvGcBI,UQo^/6-X"><field name="NAME">beep</field><next><block type="change_layer" id="LCMQ)P3qP1VzErZ5AWnS"><field name="layersNames">selection_ok.jpg</field></block></next></block></statement></block></next></block></next></block></next></block></next></block></next></block><block type="controls_if" id="BwS{L:-z-BaU=27;w6}4" x="-2343" y="-5496"><value name="IF0"><block type="current_point_check" id="B!Wr3xBq!7R%;pb?rM.5"><field name="pointsNames">PEGS INFO</field></block></value><statement name="DO0"><block type="change_layer" id="+_[,q3XN`F!)MttrH:*/"><field name="layersNames">4_Pegs_Info.jpg</field></block></statement><next><block type="controls_if" id="9b8Ljb~[|?b9bDL0k5T|"><value name="IF0"><block type="current_point_check" id="sfrG?@ah`MNN%tHH_%U6"><field name="pointsNames">BACK to Pegs Selection</field></block></value><statement name="DO0"><block type="change_layer" id="bSQpTuL)Lw;^aRcuhW`Q"><field name="layersNames">4_Pegs.jpg</field></block></statement><next><block type="controls_if" id="U9O/t{a(@v,hG?VQWIw_"><value name="IF0"><block type="current_point_check" id="U;fd1=-gBo|@TqRd|Z8r"><field name="pointsNames">BACK to MAIN screen (P)</field></block></value><statement name="DO0"><block type="change_layer" id="FOT3IPe-6-BzjZ[(vw*r"><field name="layersNames">Main</field></block></statement><next><block type="controls_if" id="eFH*X:x;yN(_{#`3}bv%"><value name="IF0"><block type="logic_operation" id=",X!_(:W,WQck0^@kdOOG"><field name="OP">AND</field><value name="A"><block type="current_point_check" id="FJKbUNoe[oPr/RX(nOqm"><field name="pointsNames">Plastic Pegs</field></block></value><value name="B"><block type="logic_compare" id="!}n^iuC(gFz,p0@{T}e["><field name="OP">GTE</field><value name="A"><block type="singleVar" id="VgZ7%nAH//+y.%A-3fN?"><field name="varName">Pegs_Selection</field></block></value><value name="B"><block type="math_number" id="]zi#T.,9E-1Qj47B^s@y"><field name="NUM">1</field></block></value></block></value></block></value><statement name="DO0"><block type="sound" id="FX^(km/nFD;TQ;6|B`pn"><field name="NAME">beep</field><next><block type="change_layer" id="YufBR3-hy#cIL4iHrQ~L"><field name="layersNames">selection_ok.jpg</field></block></next></block></statement><next><block type="controls_if" id="w9F03DSP(_pCRi;ZKQXD"><value name="IF0"><block type="logic_operation" id="4+jy[=@R@u~loRCw3L:U"><field name="OP">AND</field><value name="A"><block type="current_point_check" id=";1MLpdJHc4j]Aq,O?^jM"><field name="pointsNames">Iron</field></block></value><value name="B"><block type="logic_compare" id="j5^nfF?+sZu/UgVzYH3V"><field name="OP">GTE</field><value name="A"><block type="singleVar" id="~g_WA]gJ7wEd#G~%pIO-"><field name="varName">Pegs_Selection</field></block></value><value name="B"><block type="math_number" id="lEsW1~%SCkRIcMg/rT~H"><field name="NUM">1</field></block></value></block></value></block></value><statement name="DO0"><block type="sound" id="t^E)%r4ZF+i@nm`G5`sD"><field name="NAME">beep</field><next><block type="change_layer" id="(5o|crUCsCqVbVJdiw-8"><field name="layersNames">selection_ok.jpg</field></block></next></block></statement><next><block type="controls_if" id="I4/!WR5tAk)B~E.SNrDy"><value name="IF0"><block type="logic_operation" id="QK-(dseR1Z*C:yHcWK4L"><field name="OP">AND</field><value name="A"><block type="current_point_check" id="F86ggb]YOj^{-G3QVIH3"><field name="pointsNames">Stainless Steel</field></block></value><value name="B"><block type="logic_compare" id="[x.u)C`[cWCcA(A63MO^"><field name="OP">GTE</field><value name="A"><block type="singleVar" id="^PGne3AL%N:F]BB!:bh9"><field name="varName">Pegs_Selection</field></block></value><value name="B"><block type="math_number" id="nou8H6`C~I7hWgYF|lq;"><field name="NUM">1</field></block></value></block></value></block></value><statement name="DO0"><block type="sound" id="1F*S|c^P!kS^91ov?),#"><field name="NAME">beep</field><next><block type="change_layer" id="W{2HI31]y]/%SzzoFb[Z"><field name="layersNames">selection_ok.jpg</field></block></next></block></statement><next><block type="controls_if" id="NDHBr}C]Jd,;K;Vd}XVi"><value name="IF0"><block type="logic_operation" id="bsqa|-QDP7*Ui;]#R3go"><field name="OP">AND</field><value name="A"><block type="current_point_check" id="[EC1NyMk/(Gi9FD?i|Ch"><field name="pointsNames">Aluminum</field></block></value><value name="B"><block type="logic_compare" id="Cxt+*Lil#-EVCp^t+3i%"><field name="OP">GTE</field><value name="A"><block type="singleVar" id="7n|C+l*`3/QjH](7a@?)"><field name="varName">Pegs_Selection</field></block></value><value name="B"><block type="math_number" id=":Cv.J24^aF31lh9RAN}O"><field name="NUM">1</field></block></value></block></value></block></value><statement name="DO0"><block type="sound" id="LojZ;Pyj{*VOd+5QmP%}"><field name="NAME">beep</field><next><block type="change_layer" id="D+P!851/rp|5!*q%qcXy"><field name="layersNames">selection_ok.jpg</field></block></next></block></statement><next><block type="controls_if" id="*}xdGMx-%07SiMemT|[s"><value name="IF0"><block type="logic_operation" id="1op62HilVZB(azhX/bYl"><field name="OP">AND</field><value name="A"><block type="current_point_check" id="ZYo1*oqWV5(-]_:.4WYv"><field name="pointsNames">Carbon Fiber</field></block></value><value name="B"><block type="logic_compare" id=";|pHrVJDRDH3b@iZ]Mtv"><field name="OP">GTE</field><value name="A"><block type="singleVar" id="8FK#bnT_b^F_!tp!LCiQ"><field name="varName">Pegs_Selection</field></block></value><value name="B"><block type="math_number" id="%q`V3baI-7Vqo[r;Sv}q"><field name="NUM">1</field></block></value></block></value></block></value><statement name="DO0"><block type="sound" id="@_q1q6uMw;:c.x2Qy(0w"><field name="NAME">beep</field><next><block type="change_layer" id="ZFV=qpu[i{,pcqrryatR"><field name="layersNames">selection_ok.jpg</field></block></next></block></statement><next><block type="controls_if" id="YygA_-,BIFas%OR5D}S!"><value name="IF0"><block type="logic_operation" id="i@BGZ.t#bYVBmdf`+6Jz"><field name="OP">AND</field><value name="A"><block type="current_point_check" id="}Iqv#pNBUI|N|xs:OGLR"><field name="pointsNames">Titanium</field></block></value><value name="B"><block type="logic_compare" id="|ovcraGDi)fBJ8l)y09["><field name="OP">GTE</field><value name="A"><block type="singleVar" id="5y:4ksXXpkf5U:e-@FS5"><field name="varName">Pegs_Selection</field></block></value><value name="B"><block type="math_number" id=";aYs7BC1M%Ef1+K|=%4|"><field name="NUM">1</field></block></value></block></value></block></value><statement name="DO0"><block type="sound" id="-.L^1~AJ--E7M6Wgdwk]"><field name="NAME">beep</field><next><block type="change_layer" id="qQx|{0_RO~(7QS~OK#yO"><field name="layersNames">selection_ok.jpg</field></block></next></block></statement></block></next></block></next></block></next></block></next></block></next></block></next></block></next></block></next></block><block type="controls_if" id="WveJz!7|VfIp~D1_UL_b" x="-2343" y="-4568"><value name="IF0"><block type="current_point_check" id="ip+t2x6_LyyTvgb)lCYO"><field name="pointsNames">BACK to MAIN screen (B)</field></block></value><statement name="DO0"><block type="change_layer" id="YvKWnQ6hs:!#JZ9{wo`B"><field name="layersNames">Main</field></block></statement><next><block type="controls_if" id="8p/@{iB3#l)Qvt6,@KFy"><value name="IF0"><block type="logic_operation" id="{FlhLjwu6~vfB8*vr#8Z"><field name="OP">AND</field><value name="A"><block type="current_point_check" id="oi5eG02/jHIHk(T~t(O,"><field name="pointsNames">Classic open-top Bag (pouch)</field></block></value><value name="B"><block type="logic_compare" id="%aeBq2@hJRLbHc,)%#Ij"><field name="OP">GTE</field><value name="A"><block type="singleVar" id="vJE[fH;%EdX/vOd`vu`o"><field name="varName">Bag_Selection</field></block></value><value name="B"><block type="math_number" id="HQzL/XnUa+]TZ5KtX8qy"><field name="NUM">1</field></block></value></block></value></block></value><statement name="DO0"><block type="sound" id="R3Aq!!A7cH)gy/!`j}z?"><field name="NAME">beep</field><next><block type="change_layer" id="nZz)I**LZBMSAf.F6]sY"><field name="layersNames">selection_ok.jpg</field></block></next></block></statement><next><block type="controls_if" id="Ly+xd]{7k*4-fC#k40ID"><value name="IF0"><block type="logic_operation" id="0qa%J(b+T?HB]{mzYNAq"><field name="OP">AND</field><value name="A"><block type="current_point_check" id="I?ld^dLQ_|Etq-X}(cQ)"><field name="pointsNames">Bag with volume compressing belts</field></block></value><value name="B"><block type="logic_compare" id="f)e^3Usy`?qNdF?n;_Ha"><field name="OP">GTE</field><value name="A"><block type="singleVar" id=",_MUmRWKbP3u|TKEC0z@"><field name="varName">Bag_Selection</field></block></value><value name="B"><block type="math_number" id="rrZpkb).[ZZkc8WdLyk|"><field name="NUM">1</field></block></value></block></value></block></value><statement name="DO0"><block type="sound" id="S2}]?paT!a6KHiW:VH/K"><field name="NAME">beep</field><next><block type="change_layer" id="h^{VzwIHk^h??Tq[I@L?"><field name="layersNames">selection_ok.jpg</field></block></next></block></statement></block></next></block></next></block></xml>