<xml xmlns="http://www.w3.org/1999/xhtml"><block type="controls_if" id="oUgd{3K~U[F@#aF]}ygA" x="-600" y="478"><value name="IF0"><block type="current_point_check" id="_AuTY)RwU9N!XR_PP3+s"><field name="pointsNames">END GAME</field></block></value><statement name="DO0"><block type="change_layer" id="TYF{d)+9oiH#OvkhAKWy"><field name="layersNames">Main</field><next><block type="popup" id="[XMzb=tiZEwjnqR(]mUV"><field name="popuptext">Thank You! Bye!</field><next><block type="gameover" id="MLR/6i}9oB6st5-+BGN}"></block></next></block></next></block></statement><next><block type="controls_if" id="bnS}%9.IkaUS@+Uj2:zY"><value name="IF0"><block type="logic_compare" id="@djga@NJKHDsPa]51s=G"><field name="OP">LTE</field><value name="A"><block type="singleVar" id="X-+fx~je7(|v8A#PgR{M"><field name="varName">Budget</field></block></value><value name="B"><block type="math_number" id="kmk`!,wIr.)LmRg%9p@*"><field name="NUM">0</field></block></value></block></value><statement name="DO0"><block type="popup" id="S~SG7Oy/v4T=z._Z^vEE"><field name="popuptext">Unfortunately, you have exceeded your budget. Try again with different selections!</field><next><block type="gameover" id="Q#6(Jy@WJRH?```gk@g{"></block></next></block></statement></block></next></block><block type="controls_if" id="5PnAH45wwChZ*=I1N`Tl" x="-679" y="772"><value name="IF0"><block type="logic_compare" id="M~cxT*vleE0*`RoLjq^`"><field name="OP">EQ</field><value name="A"><block type="movescounter" id="K)DOeI9dV[e_~iZCS2Et"></block></value><value name="B"><block type="math_number" id="4Z7((f1M6-`70Ik9G2jq"><field name="NUM">9</field></block></value></block></value><statement name="DO0"><block type="text_print" id="]Xa(G~7z8}M:tOBO/V7c"><value name="TEXT"><shadow xmlns="" type="text" id="oCHj.d.H/qtW44UR5@lU"><field name="TEXT">abc</field></shadow><block type="text_join" id="Nz8/|JeJM{u_57Ci8toy"><mutation items="2"></mutation><value name="ADD0"><block type="text" id="?Qp^cFIDHvE0:3]A:%{e"><field name="TEXT">Light: </field></block></value><value name="ADD1"><block type="singleVar" id="^a{q/5pq%nqWJ.~MCMW{"><field name="varName">Light</field></block></value></block></value><next><block type="text_print" id="uE/uQF:alU6?!;l(0SZ}"><value name="TEXT"><shadow xmlns="" type="text" id="oCHj.d.H/qtW44UR5@lU"><field name="TEXT">abc</field></shadow><block type="text_join" id="1]1A5gIbE=)82!DbaWQ0"><mutation items="2"></mutation><value name="ADD0"><block type="text" id="n_WZ;X_Hzm?75Zd48g#8"><field name="TEXT">Waterproof: </field></block></value><value name="ADD1"><block type="singleVar" id="7XC3;h]q(pl/C,~3lNig"><field name="varName">Waterproof</field></block></value></block></value><next><block type="text_print" id="J}TSwON2{#^B2ZG`TT?S"><value name="TEXT"><shadow xmlns="" type="text" id="oCHj.d.H/qtW44UR5@lU"><field name="TEXT">abc</field></shadow><block type="text_join" id="Ni+;]u1OYt92K%-{c4]8"><mutation items="2"></mutation><value name="ADD0"><block type="text" id="(+ky!0AnJxv=9p=D_{XA"><field name="TEXT">Thermo-insulation: </field></block></value><value name="ADD1"><block type="singleVar" id="r(jKEza1lqfWY%Z),wqK"><field name="varName">Thermo_insulation</field></block></value></block></value><next><block type="text_print" id="^DM#qsc1llt^Dr3%uo7h"><value name="TEXT"><shadow xmlns="" type="text" id="oCHj.d.H/qtW44UR5@lU"><field name="TEXT">abc</field></shadow><block type="text_join" id="oxwI5YRL`PVir^g*J#nC"><mutation items="2"></mutation><value name="ADD0"><block type="text" id="5!kDo4i(^5MR6UfG7V8D"><field name="TEXT">Stable in wind and different soils: </field></block></value><value name="ADD1"><block type="singleVar" id="V@m6o:UgeKR~!ZLB_ex~"><field name="varName">Stable_in_wind_and_different_soils</field></block></value></block></value><next><block type="text_print" id="Uc4E|PJ=PpMJlBM9y#^-"><value name="TEXT"><shadow xmlns="" type="text" id="oCHj.d.H/qtW44UR5@lU"><field name="TEXT">abc</field></shadow><block type="text_join" id="uO--8mj(]}E)U)ZKx{Ls"><mutation items="2"></mutation><value name="ADD0"><block type="text" id="[1Y3_m(,,XV/+EE(rOpN"><field name="TEXT">Small packaging: </field></block></value><value name="ADD1"><block type="singleVar" id="W.Vr4XxZ|!PL=tQi/^[z"><field name="varName">Small_packaging</field></block></value></block></value><next><block type="text_print" id="LD9@=+JIXU/KV!#~#V]f"><value name="TEXT"><shadow xmlns="" type="text" id="oCHj.d.H/qtW44UR5@lU"><field name="TEXT">abc</field></shadow><block type="text_join" id=")BI/RY+V;r2`=-jmUAe3"><mutation items="2"></mutation><value name="ADD0"><block type="text" id="A?aH2!g}2z#{qev~e^~?"><field name="TEXT">Price: </field></block></value><value name="ADD1"><block type="singleVar" id="li{+9v~k`kw.4ud]Wz]x"><field name="varName">Price</field></block></value></block></value><next><block type="controls_if" id="q!Z#1NQfK?,5Ee/6Mg^["><mutation else="1"></mutation><value name="IF0"><block type="logic_operation" id="FSiflY.jjN/y}QcB`YqG"><field name="OP">AND</field><value name="A"><block type="logic_compare" id="E^Xj23hw,2..n%I[;|wL"><field name="OP">GTE</field><value name="A"><block type="singleVar" id="!]cg1@D:GQ09HC@O9EGV"><field name="varName">Light</field></block></value><value name="B"><block type="math_number" id="[)^3ogTe!hNe@i_*3Xo?"><field name="NUM">3</field></block></value></block></value><value name="B"><block type="logic_operation" id="AT-]h8^4Q|UE(*zi/OpO"><field name="OP">AND</field><value name="A"><block type="logic_compare" id="16.C@2|xn_|k(}[r%a*p"><field name="OP">GTE</field><value name="A"><block type="singleVar" id="4)FhQfv?fF_U@H4#lf02"><field name="varName">Waterproof</field></block></value><value name="B"><block type="math_number" id="q4:=l.P,hUxj1qCxJJD^"><field name="NUM">3</field></block></value></block></value><value name="B"><block type="logic_operation" id="}XB/1OZ5crte9si?9318"><field name="OP">AND</field><value name="A"><block type="logic_compare" id="1nb|t;YtL7=QsC;UmZnz"><field name="OP">GTE</field><value name="A"><block type="singleVar" id="F4Ryg4#4y[nRK#g2u01,"><field name="varName">Thermo_insulation</field></block></value><value name="B"><block type="math_number" id="==DWS-DQ.#-|?CN2GxN}"><field name="NUM">2</field></block></value></block></value><value name="B"><block type="logic_operation" id="~}267QK*]m,pb7`9:VBL"><field name="OP">AND</field><value name="A"><block type="logic_compare" id="K,tNa#b!iJ!njsCi8L|]"><field name="OP">GTE</field><value name="A"><block type="singleVar" id="M2RY6.s7N~W`,`7AA8%}"><field name="varName">Stable_in_wind_and_different_soils</field></block></value><value name="B"><block type="math_number" id="0chOekeZ+d;Dd_HgE.Ia"><field name="NUM">3</field></block></value></block></value><value name="B"><block type="logic_operation" id="%7HI?|E@69:TMdtv@/uG"><field name="OP">AND</field><value name="A"><block type="logic_compare" id="dzhG}f6E1yr79AE7dt9p"><field name="OP">GTE</field><value name="A"><block type="singleVar" id="rluIW@;ei?K-=qVU{0K/"><field name="varName">Price</field></block></value><value name="B"><block type="math_number" id="*9NRh`cry.NlW,2Q*EL;"><field name="NUM">4</field></block></value></block></value><value name="B"><block type="logic_compare" id=":S{eE-9b+y7?7`?Y(#~t"><field name="OP">GTE</field><value name="A"><block type="singleVar" id="DC*vb/U-O@aWF6-s89EU"><field name="varName">Small_packaging</field></block></value><value name="B"><block type="math_number" id="KTbfQ9#bc3){J4^TOKd#"><field name="NUM">3</field></block></value></block></value></block></value></block></value></block></value></block></value></block></value><statement name="DO0"><block type="change_layer" id="1_eHhJz2{tDi4(@?,r%E"><field name="layersNames">Main</field><next><block type="sound" id="6RWenTVE7mMK`Ug2Z=bQ"><field name="NAME">cheering</field><next><block type="popup" id="S.5aC1e4FbVt=d;dXthR"><field name="popuptext">Congratulations!!! You have designed a new tent that meets the needs of your customers and within your Budget!   Thank You!  Bye!</field></block></next></block></next></block></statement><statement name="ELSE"><block type="sound" id="![d`ZA7.}p4}xrU[e]oq"><field name="NAME">lose</field><next><block type="popup" id="Q(,duJ#qbq_SAt~cRgz5"><field name="popuptext">Unfortunately your design does not meet all the needs of your customers...   Try again!</field></block></next></block></statement><next><block type="gameover" id="%VUl9Ezin%`LO~qX3)b9"></block></next></block></next></block></next></block></next></block></next></block></next></block></next></block></statement></block></xml>