[{"id":32,"description":"Πάρκο","values":{"Υγεία":"1000","Περιβαλλοντική_Ηθική":"500","Διάθεση":"500","Δράση":"-100","Χρήματα":"-10"},"imguri":"","layers":"Main","isDummy":false,"latlng":{"lat":80.44168459256022,"lng":419.36692574577853}},{"id":35,"description":"Μπαρ","values":{"Υγεία":"-1000","Περιβαλλοντική_Ηθική":"-200","Διάθεση":"1000","Δράση":"-500","Χρήματα":"-40"},"imguri":"","layers":"Main","isDummy":false,"latlng":{"lat":295.2336885841764,"lng":498.99846773650717}},{"id":38,"description":"Fast Food","values":{"Υγεία":"-1000","Περιβαλλοντική_Ηθική":"-500","Διάθεση":"500","Δράση":"-500","Χρήματα":"-20"},"imguri":"","layers":"Main","isDummy":false,"latlng":{"lat":221.92913017132315,"lng":834.6297846131949}},{"id":41,"description":"Internet Cafe","values":{"Υγεία":"-500","Περιβαλλοντική_Ηθική":"-500","Διάθεση":"500","Δράση":"-100","Χρήματα":"-10"},"imguri":"","layers":"Main","isDummy":false,"latlng":{"lat":185.24386038698557,"lng":731.6030033951903}},{"id":44,"description":"SPA","values":{"Υγεία":"500","Περιβαλλοντική_Ηθική":"-500","Διάθεση":"1000","Δράση":"-500","Χρήματα":"-300"},"imguri":"","layers":"Main","isDummy":false,"latlng":{"lat":192.8335932561473,"lng":883.8175925925925}},{"id":47,"description":"Super Market","values":{"Υγεία":"500","Περιβαλλοντική_Ηθική":"-100","Διάθεση":"100","Δράση":"-100","Χρήματα":"-200"},"imguri":"","layers":"Main","isDummy":false,"latlng":{"lat":146.63031178803416,"lng":151.36634016078375}},{"id":50,"description":"Αγρότης","values":{"Υγεία":"-500","Περιβαλλοντική_Ηθική":"500","Διάθεση":"-500","Δράση":"100","Χρήματα":"800"},"imguri":"","layers":"Main","isDummy":false,"latlng":{"lat":392.16131327063056,"lng":717.6218144545203}},{"id":53,"description":"Ταξίδι με αεροπλάνο","values":{"Υγεία":"-1000","Περιβαλλοντική_Ηθική":"-1000","Διάθεση":"500","Δράση":"-500","Χρήματα":"-400"},"imguri":"","layers":"Main","isDummy":false,"latlng":{"lat":471.1140053275231,"lng":533.8887168631995}},{"id":56,"description":"Αθλητικό Κέντρο","values":{"Υγεία":"500","Περιβαλλοντική_Ηθική":"500","Διάθεση":"500","Δράση":"-100","Χρήματα":"-100"},"imguri":"","layers":"Main","isDummy":false,"latlng":{"lat":363.41657575008605,"lng":850.2601378884374}},{"id":59,"description":"Ακτιβισμός","values":{"Υγεία":"-500","Περιβαλλοντική_Ηθική":"1000","Διάθεση":"100","Δράση":"1000","Χρήματα":"-50"},"imguri":"","layers":"Main","isDummy":false,"latlng":{"lat":56.76354722583885,"lng":175.91525861803777}},{"id":62,"description":"Ανακύκλωση","values":{"Υγεία":"100","Περιβαλλοντική_Ηθική":"500","Διάθεση":"-500","Δράση":"500","Χρήματα":"10"},"imguri":"","layers":"Main","isDummy":false,"latlng":{"lat":95.5988839448508,"lng":307.51601334362635}},{"id":65,"description":"Αυτοκίνητο","values":{"Υγεία":"-1000","Περιβαλλοντική_Ηθική":"-500","Διάθεση":"500","Δράση":"-500","Χρήματα":"-70"},"imguri":"","layers":"Main","isDummy":false,"latlng":{"lat":322.0052907017716,"lng":229.9706597041058}},{"id":68,"description":"Πληροφορίες πολίτη","values":{"Υγεία":"-100","Περιβαλλοντική_Ηθική":"500","Διάθεση":"1000","Δράση":"100","Χρήματα":"-10"},"imguri":"","layers":"Main","isDummy":false,"latlng":{"lat":327.3936770519524,"lng":566.9087538101628}},{"id":71,"description":"Εκπαιδευτικό Κέντρο","values":{"Υγεία":"-500","Περιβαλλοντική_Ηθική":"500","Διάθεση":"100","Δράση":"-100","Χρήματα":"-50"},"imguri":"","layers":"Main","isDummy":false,"latlng":{"lat":327.347594171261,"lng":758.5647652448142}},{"id":74,"description":"Πωλητής","values":{"Υγεία":"-500","Περιβαλλοντική_Ηθική":"-100","Διάθεση":"-500","Δράση":"-100","Χρήματα":"1500"},"imguri":"","layers":"Main","isDummy":false,"latlng":{"lat":308.2755053222478,"lng":95.11951878873953}},{"id":77,"description":"Mall","values":{"Υγεία":"-100","Περιβαλλοντική_Ηθική":"-500","Διάθεση":"500","Δράση":"-500","Χρήματα":"-300"},"imguri":"","layers":"Main","isDummy":false,"latlng":{"lat":249.78314469994973,"lng":889.0750440896717}},{"id":80,"description":"Δουλεία σε μεγάλη εταιρεία","values":{"Υγεία":"-500","Περιβαλλοντική_Ηθική":"-500","Διάθεση":"-500","Δράση":"-100","Χρήματα":"1000"},"imguri":"","layers":"Main","isDummy":false,"latlng":{"lat":371.67203903260383,"lng":131.22117722907524}},{"id":83,"description":"Δουλειά σε μικρη εταιρεία","values":{"Υγεία":"-500","Περιβαλλοντική_Ηθική":"-100","Διάθεση":"-500","Δράση":"-100","Χρήματα":"750"},"imguri":"","layers":"Main","isDummy":false,"latlng":{"lat":234.72336412853,"lng":247.9240270886008}},{"id":86,"description":"Δουλεία σε δημόσια υπηρεσία","values":{"Υγεία":"-1000","Περιβαλλοντική_Ηθική":"-100","Διάθεση":"-500","Δράση":"-100","Χρήματα":"1200"},"imguri":"","layers":"Main","isDummy":false,"latlng":{"lat":53.700251570753345,"lng":573.7518827290239}},{"id":89,"description":"Εστιατόριο","values":{"Υγεία":"100","Περιβαλλοντική_Ηθική":"-100","Διάθεση":"500","Δράση":"-100","Χρήματα":"-80"},"imguri":"","layers":"Main","isDummy":false,"latlng":{"lat":157.02931744681385,"lng":304.32899944658243}},{"id":92,"description":"Θάλασσα","values":{"Υγεία":"100","Περιβαλλοντική_Ηθική":"1000","Διάθεση":"500","Δράση":"-500","Χρήματα":"-50"},"imguri":"","layers":"Main","isDummy":false,"latlng":{"lat":426.41756610922135,"lng":330.7375384644113}},{"id":95,"description":"Παράσταση","values":{"Υγεία":"-100","Περιβαλλοντική_Ηθική":"500","Διάθεση":"500","Δράση":"-500","Χρήματα":"-20"},"imguri":"","layers":"Main","isDummy":false,"latlng":{"lat":232.4578738301902,"lng":676.8840070976713}},{"id":98,"description":"Γιατρός","values":{"Υγεία":"1000","Περιβαλλοντική_Ηθική":"-100","Διάθεση":"-1000","Δράση":"-100","Χρήματα":"-60"},"imguri":"","layers":"Main","isDummy":false,"latlng":{"lat":231.96149605507347,"lng":505.720414460042}},{"id":101,"description":"Δενδροφύτευση","values":{"Υγεία":"500","Περιβαλλοντική_Ηθική":"500","Διάθεση":"-500","Δράση":"500","Χρήματα":"-10"},"imguri":"","layers":"Main","isDummy":false,"latlng":{"lat":295.5889609665698,"lng":936.6344456233691}},{"id":104,"description":"Μαγαζί τοπικών προϊόντων","values":{"Υγεία":"100","Περιβαλλοντική_Ηθική":"500","Διάθεση":"100","Δράση":"500","Χρήματα":"-100"},"imguri":"","layers":"Main","isDummy":false,"latlng":{"lat":184.96040923021462,"lng":512.152724186055}},{"id":107,"description":"Καφετέρια","values":{"Υγεία":"-100","Περιβαλλοντική_Ηθική":"-100","Διάθεση":"1000","Δράση":"-500","Χρήματα":"-10"},"imguri":"","layers":"Main","isDummy":false,"latlng":{"lat":220.82106388917026,"lng":87.5440942901877}},{"id":110,"description":"Λεωφορείο","values":{"Υγεία":"-500","Περιβαλλοντική_Ηθική":"500","Διάθεση":"-500","Δράση":"-500","Χρήματα":"-30"},"imguri":"","layers":"Main","isDummy":false,"latlng":{"lat":93.949597378214,"lng":979.7168323973809}},{"id":113,"description":"Μετρό","values":{"Υγεία":"-100","Περιβαλλοντική_Ηθική":"500","Διάθεση":"-100","Δράση":"-500","Χρήματα":"-45"},"imguri":"","layers":"Main","isDummy":false,"latlng":{"lat":226.8411214953271,"lng":995.7631419061765}},{"id":116,"description":"Μπόουλινγκ","values":{"Υγεία":"-500","Περιβαλλοντική_Ηθική":"-100","Διάθεση":"1000","Δράση":"-100","Χρήματα":"-15"},"imguri":"","layers":"Main","isDummy":false,"latlng":{"lat":273.4356281955496,"lng":388.6704810828724}},{"id":119,"description":"Ξεκούραση σπίτι","values":{"Υγεία":"500","Περιβαλλοντική_Ηθική":"-100","Διάθεση":"1000","Δράση":"-500","Χρήματα":"5"},"imguri":"","layers":"Main","isDummy":false,"latlng":{"lat":9.857398439202463,"lng":442.6830224109677}},{"id":122,"description":"Ταξίδι με πλοίο","values":{"Υγεία":"-500","Περιβαλλοντική_Ηθική":"500","Διάθεση":"100","Δράση":"-100","Χρήματα":"-80"},"imguri":"","layers":"Main","isDummy":false,"latlng":{"lat":428.6606069949411,"lng":142.115734134491}},{"id":125,"description":"Ποδήλατο","values":{"Υγεία":"500","Περιβαλλοντική_Ηθική":"1000","Διάθεση":"500","Δράση":"-100","Χρήματα":"-50"},"imguri":"","layers":"Main","isDummy":false,"latlng":{"lat":392.7114936096071,"lng":367.5613949859292}},{"id":128,"description":"Συμμετοχή σε περιβαλλοντική οργάνωση","values":{"Υγεία":"-100","Περιβαλλοντική_Ηθική":"1000","Διάθεση":"100","Δράση":"1000","Χρήματα":"-100"},"imguri":"","layers":"Main","isDummy":false,"latlng":{"lat":432.11298076837153,"lng":797.9374871138239}},{"id":131,"description":"Συμμετοχή σε λέσχη","values":{"Υγεία":"-100","Περιβαλλοντική_Ηθική":"1000","Διάθεση":"100","Δράση":"500","Χρήματα":"-50"},"imguri":"","layers":"Main","isDummy":false,"latlng":{"lat":16.995793148170144,"lng":241.90798349035083}},{"id":134,"description":"Συνεργασία με την τοπική διοίκηση","values":{"Υγεία":"-100","Περιβαλλοντική_Ηθική":"500","Διάθεση":"-500","Δράση":"500","Χρήματα":"50"},"imguri":"","layers":"Main","isDummy":false,"latlng":{"lat":369.65407519925554,"lng":427.7535353884622}},{"id":137,"description":"Τηλεόραση στο σπίτι","values":{"Υγεία":"-100","Περιβαλλοντική_Ηθική":"-500","Διάθεση":"500","Δράση":"-1000","Χρήματα":"-10"},"imguri":"","layers":"Main","isDummy":false,"latlng":{"lat":92.63757861117608,"lng":728.7268241817559}},{"id":140,"description":"Συνάντηση κατοίκων","values":{"Υγεία":"-100","Περιβαλλοντική_Ηθική":"1000","Διάθεση":"-100","Δράση":"1000","Χρήματα":"-10"},"imguri":"","layers":"Main","isDummy":false,"latlng":{"lat":282.53568935238917,"lng":622.4914629277471}},{"id":143,"description":"Τραμ","values":{"Υγεία":"-500","Περιβαλλοντική_Ηθική":"1000","Διάθεση":"-500","Δράση":"-100","Χρήματα":"-25"},"imguri":"","layers":"Main","isDummy":false,"latlng":{"lat":272.4327426143406,"lng":49.34607358539119}},{"id":146,"description":"Ύπνος στο σπίτι","values":{"Υγεία":"1000","Περιβαλλοντική_Ηθική":"-500","Διάθεση":"500","Δράση":"-1000","Χρήματα":"0"},"imguri":"","layers":"Main","isDummy":false,"latlng":{"lat":41.81470295135419,"lng":809.0114886241898}},{"id":149,"description":"Φροντίδα ζώων","values":{"Υγεία":"-100","Περιβαλλοντική_Ηθική":"1000","Διάθεση":"500","Δράση":"500","Χρήματα":"-150"},"imguri":"","layers":"Main","isDummy":false,"latlng":{"lat":104.53615577792269,"lng":466.21888302826295}}]