<xml xmlns="http://www.w3.org/1999/xhtml"><block type="controls_if" id="oUgd{3K~U[F@#aF]}ygA" x="20" y="-107"><value name="IF0"><block type="logic_compare" id="~a@gT-aydG21O-1G.sjK"><field name="OP">LT</field><value name="A"><block type="singleVar" id="RTuC:_mI#d@k69q|ly)+"><field name="varName">Υγεία</field></block></value><value name="B"><block type="math_number" id="qIM#58w_X12vI;dXPueD"><field name="NUM">-2000</field></block></value></block></value><statement name="DO0"><block type="popup" id="P`p^2fEZ+wCKHX;geg1y"><field name="popuptext">Έχασες! Είσαι πολύ άρρωστος/η</field><next><block type="gameover" id=",j4:WEi`vtU^ZRXMQ]eQ"></block></next></block></statement><next><block type="controls_if" id="HFS)ne_7#)3sw)OBwrr{"><value name="IF0"><block type="logic_compare" id="@3s0At?lf-UiZ=iVM.;v"><field name="OP">LTE</field><value name="A"><block type="singleVar" id="j*RL|qlN1bjE7+k+Lmf*"><field name="varName">Χρήματα</field></block></value><value name="B"><block type="math_number" id="Bo*:Y*/{bd/{^/+8(`3f"><field name="NUM">0</field></block></value></block></value><statement name="DO0"><block type="popup" id=".^z+POk7D=;.dQcf]+Yh"><field name="popuptext">Ξόδεψες όλα σου τα χρήματα! Τέλος παιχνιδιού</field><next><block type="gameover" id="*q3M?x*|3pHO;q`/2Mgs"></block></next></block></statement><next><block type="controls_if" id="6:@MvOz8wRIM?))rL+=K"><value name="IF0"><block type="logic_compare" id="r4N,LuV)U##!Rl%J,^V."><field name="OP">LTE</field><value name="A"><block type="singleVar" id="z{^OY4lHf5RzaJMXSc92"><field name="varName">Περιβαλλοντική_Ηθική</field></block></value><value name="B"><block type="math_number" id="@*B{ri7bC+5V(t)qh^If"><field name="NUM">-500</field></block></value></block></value><statement name="DO0"><block type="popup" id="o;ho[k:XI%O6OhOKt?H1"><field name="popuptext">Δεν ενδιαφέρεσαι καθόλου για το περιβάλλον. Λυπάμαι, έχασες</field><next><block type="gameover" id="b@NshTZIE[^5#*KDc6`X"></block></next></block></statement><next><block type="controls_if" id="{08wAYcbs;y?=?;dYnaY"><value name="IF0"><block type="logic_compare" id="b[*cxtH*KE6v*S].?cK5"><field name="OP">LTE</field><value name="A"><block type="singleVar" id="_aR(bMSI~Pgwg9eboTJ}"><field name="varName">Διάθεση</field></block></value><value name="B"><block type="math_number" id="9B8Mga!qCHML|}46HMs*"><field name="NUM">-1000</field></block></value></block></value><statement name="DO0"><block type="popup" id="x^.h^zQtI0VMK5|+VMvm"><field name="popuptext">Η διάθεσή σου είναι χάλια. Έχασες</field><next><block type="gameover" id="|k5KRoLL1e}J|SfHOg[#"></block></next></block></statement><next><block type="controls_if" id="a_KM_+D3y:_]LO9p[(BD"><value name="IF0"><block type="logic_compare" id="5TAJ*s8Z2qGHBdO3+Lao"><field name="OP">LTE</field><value name="A"><block type="singleVar" id="t37p-wn]4|;|F;)IKJD_"><field name="varName">Δράση</field></block></value><value name="B"><block type="math_number" id="x]JG0.}3Uqd|^lXUS;_m"><field name="NUM">-1000</field></block></value></block></value><statement name="DO0"><block type="popup" id="V]#gRdOTS7hH)zo%N@!@"><field name="popuptext">Δεν ενδιαφέρεσαι καθόλου για τους συμπολίτες σου. Έχασες</field><next><block type="gameover" id="GEqgr84GywUuRVw|j7CC"></block></next></block></statement></block></next></block></next></block></next></block></next></block></xml>