[{"id":34,"description":"Κατασκευές","values":{"Υπολογιστική_Σκέψη":"5","Χρόνος":"-5","Συνεργασία":{"type":"plus","num":"5"},"Δημιουργικότητα":"5"},"imguri":"","layers":"Main","isDummy":false,"latlng":{"lat":235.18257617735253,"lng":955.6653718269354}},{"id":37,"description":"Storytelling","values":{"Υπολογιστική_Σκέψη":"4","Χρόνος":"-4","Συνεργασία":{"type":"plus","num":"3"},"Δημιουργικότητα":"3"},"imguri":"","layers":"Main","isDummy":false,"latlng":{"lat":202.96545258288404,"lng":198.2146113961394}},{"id":40,"description":"Εξερευνώ γλώσσες","values":{"Υπολογιστική_Σκέψη":"-1","Χρόνος":"-2","Συνεργασία":{"type":"plus","num":"-4"},"Δημιουργικότητα":"-2"},"imguri":"","layers":"Main","isDummy":false,"latlng":{"lat":384.0971342473464,"lng":319.3668964633714}},{"id":43,"description":"Εικονική περιήγηση","values":{"Υπολογιστική_Σκέψη":"-3","Χρόνος":"-1","Συνεργασία":{"type":"plus","num":"-5"},"Δημιουργικότητα":"2"},"imguri":"","layers":"Main","isDummy":false,"latlng":{"lat":203.69468690399611,"lng":451.6245068016069}},{"id":46,"description":"MaLT2","values":{"Υπολογιστική_Σκέψη":"5","Χρόνος":"-4","Συνεργασία":{"type":"plus","num":"4"},"Δημιουργικότητα":"2"},"imguri":"","layers":"Υπολογιστής","isDummy":false,"latlng":{"lat":571.6650291737515,"lng":607.169785516679}},{"id":47,"description":"ChoiCo","values":{"Υπολογιστική_Σκέψη":"4","Χρόνος":"-3","Συνεργασία":{"type":"rand","from":"-3","to":"4"},"Δημιουργικότητα":"3"},"imguri":"","layers":"Υπολογιστής","isDummy":false,"latlng":{"lat":256.06355276867845,"lng":96.31715825759306}},{"id":48,"description":"Mind Map","values":{"Υπολογιστική_Σκέψη":"3","Χρόνος":"-2","Συνεργασία":{"type":"rand","from":"-4","to":"4"},"Δημιουργικότητα":"2"},"imguri":"","layers":"Υπολογιστής","isDummy":false,"latlng":{"lat":236.92715393025975,"lng":646.1909856418172}},{"id":49,"description":"Διαδραστικές Ασκήσεις","values":{"Υπολογιστική_Σκέψη":"-4","Χρόνος":"-1","Συνεργασία":{"type":"plus","num":"-5"},"Δημιουργικότητα":"-3"},"imguri":"","layers":"Υπολογιστής","isDummy":false,"latlng":{"lat":583.2442112034162,"lng":227.4636249993532}},{"id":50,"description":"Digital Activities","values":{"Υπολογιστική_Σκέψη":"0","Χρόνος":"0","Συνεργασία":{"type":"plus","num":"0"},"Δημιουργικότητα":"0"},"imguri":"","layers":"Main","isDummy":false,"latlng":{"lat":42.17028620948896,"lng":761.4786845526289}},{"id":53,"description":"Back to class","values":{"Υπολογιστική_Σκέψη":"0","Χρόνος":"0","Συνεργασία":{"type":"plus","num":"0"},"Δημιουργικότητα":"0"},"imguri":"","layers":"Υπολογιστής","isDummy":false,"latlng":{"lat":5.113214445845177,"lng":368.0214918375543}}]