<xml xmlns="http://www.w3.org/1999/xhtml"><block type="initialvalues" id="+-yi*_Y?Z)fc*+9YUyh," x="68" y="26"><statement name="Initial Values"><block type="initialValue" id="fm;5ts1_E#:1AxJ.T9(_"><field name="varName">Υπολογιστική_Σκέψη</field><value name="varVal"><block type="math_number" id="var2"><field name="NUM">2</field></block></value><next><block type="initialValue" id="W8P[6}rM{l0[%=r+(0;@"><field name="varName">Χρόνος</field><value name="varVal"><block type="math_number" id="yu[`m}xIDJ,c0G|J{By3"><field name="NUM">40</field></block></value><next><block type="initialValue" id="~0Z.U(?(H}x:1#(O-rd:"><field name="varName">Δημιουργικότητα</field><value name="varVal"><block type="math_number" id="d5:2X%B`1)DzeQJT13XU"><field name="NUM">2</field></block></value><next><block type="initialValue" id="#[2kmnHE#dE%+O`iXL*="><field name="varName">Συνεργασία</field><value name="varVal"><block type="math_number" id="]At92XCyU@{S%Rte)wma"><field name="NUM">2</field></block></value></block></next></block></next></block></next></block></statement></block></xml>