<xml xmlns="http://www.w3.org/1999/xhtml"><block type="controls_if" id="oUgd{3K~U[F@#aF]}ygA" x="135" y="59"><value name="IF0"><block type="logic_compare" id="~a@gT-aydG21O-1G.sjK"><field name="OP">LTE</field><value name="A"><block type="singleVar" id="RTuC:_mI#d@k69q|ly)+"><field name="varName">Χρόνος</field></block></value><value name="B"><block type="math_number" id="qIM#58w_X12vI;dXPueD"><field name="NUM">0</field></block></value></block></value><statement name="DO0"><block type="popup" id="/c5MOp_YMf/^sG)Cr__?"><field name="popuptext">Ο χρόνος σου τελείωσε!</field><next><block type="sound" id="1WOg%r4FTwE@)4`bKqK+"><field name="NAME">fail</field><next><block type="gameover" id="w*c`.^2u!S7c8lciV2bw"></block></next></block></next></block></statement><next><block type="controls_if" id="a(l?NobV6(vbS[G=!MSD"><value name="IF0"><block type="logic_compare" id=")#(wUQSJX%z[}})(@+cc"><field name="OP">LT</field><value name="A"><block type="singleVar" id="I^)RLXG|rIbk,Hu@{l,r"><field name="varName">Συνεργασία</field></block></value><value name="B"><block type="math_number" id="0i9Ad_~]n%_=X8=b+=qj"><field name="NUM">-10</field></block></value></block></value><statement name="DO0"><block type="popup" id="5^XDH}jzHv*ZZLF_?+9t"><field name="popuptext">Η ομαδική δουλειά σίγουρα θα σε βοηθούσε... Λυπάμαι!</field><next><block type="sound" id="`:GlX`^X}j!kUsIr,T;="><field name="NAME">space</field><next><block type="gameover" id="TZOgPoE8,-8i%7wsj=~t"></block></next></block></next></block></statement></block></next></block></xml>