<xml xmlns="http://www.w3.org/1999/xhtml"><block type="controls_if" id=")mt}.[4X;]U)oo#2FZhL" x="311" y="59"><value name="IF0"><block type="logic_compare" id="}U{T_o,v;1/{t/@5`]Fj"><field name="OP">LTE</field><value name="A"><block type="singleVar" id="sCQ2]Ew2R;X]bz9=nrT4"><field name="varName">Δημιουργικότητα</field></block></value><value name="B"><block type="math_number" id="d]8~t5W_F/g/+G}cu7;#"><field name="NUM">0</field></block></value></block></value><statement name="DO0"><block type="popup" id="bbNc`**xY4B6hB_FyFnn"><field name="popuptext">Μην ξεχνάς να αναπτύξεις τη φαντασία και τη δημιουργικότητά σου!</field></block></statement><next><block type="controls_if" id="i,Jh%~znNoDsu%-s:m.g"><value name="IF0"><block type="logic_compare" id="|{bON?V}NBzA;~6mHtfe"><field name="OP">LTE</field><value name="A"><block type="singleVar" id="(*,HC(MhYMRis_ToZAb0"><field name="varName">Συνεργασία</field></block></value><value name="B"><block type="math_number" id="ufIn9}z)H*m~h3%Ic|1T"><field name="NUM">0</field></block></value></block></value><statement name="DO0"><block type="popup" id="`W8?HsaX#=p?Sc-}?eeV"><field name="popuptext">Θα ήταν καλή ιδέα να συνεργαστείς με τους συμμαθητές σου!</field></block></statement><next><block type="controls_if" id="1KI4tPaCaZ%/npL(,.G:"><value name="IF0"><block type="logic_compare" id="bw?rdi4r7kA/q/ehbOhg"><field name="OP">LT</field><value name="A"><block type="singleVar" id="=?GzB@^9]e2w@)38}?g,"><field name="varName">Χρόνος</field></block></value><value name="B"><block type="math_number" id="LvP/ym7u-q*L_]0?Oq|9"><field name="NUM">5</field></block></value></block></value><statement name="DO0"><block type="popup" id="HO(~f]DHY|AO_nU%-Nu_"><field name="popuptext">Δεν έχεις πολύ ώρα στη διάθεσή σου!</field></block></statement><next><block type="controls_if" id="??gdjA.l%aINK@SA?i~C"><value name="IF0"><block type="current_point_check" id="MrWzCRC_]An-re[14otZ"><field name="pointsNames">Digital Activities</field></block></value><statement name="DO0"><block type="change_layer" id="(dUVNa4p,#:L;`7`M49z"><field name="layersNames">Υπολογιστής</field><next><block type="sound" id="n{TR^_{*Mz)~Se4P5?pj"><field name="NAME">space</field></block></next></block></statement><next><block type="controls_if" id="M|syUL_@9_x7Ia@v:9{R"><value name="IF0"><block type="current_point_check" id="Uyo_Gj]QMJ^VPpBnzYM;"><field name="pointsNames">Back to class</field></block></value><statement name="DO0"><block type="change_layer" id="sP`=07.=9a2#_jaWyU_z"><field name="layersNames">Main</field></block></statement></block></next></block></next></block></next></block></next></block></xml>