[{"id":32,"description":"Bicycle","values":{"Pleasure":"-1","Safety":"-3","Minutes_delayed":"10","Air_polution":"-3","Health":"1","Socialisation":"-3"},"imguri":"","layers":"Main","isDummy":false,"latlng":{"lat":99.87785529709916,"lng":39.99760444873999}},{"id":35,"description":"Car","values":{"Pleasure":"3","Safety":"-2","Minutes_delayed":"-15","Air_polution":"4","Health":"-2","Socialisation":"-1"},"imguri":"","layers":"Main","isDummy":false,"latlng":{"lat":81.39965846820111,"lng":2.7999347088203876}},{"id":38,"description":"Walk","values":{"Pleasure":"2","Safety":"2","Minutes_delayed":"15","Air_polution":"-4","Health":"2","Socialisation":"1"},"imguri":"","layers":"Main","isDummy":false,"latlng":{"lat":100.52319184943813,"lng":2.2003347174827184}},{"id":41,"description":"Bus","values":{"Pleasure":"-4","Safety":"-1","Minutes_delayed":"4","Air_polution":"2","Health":"-1","Socialisation":"3"},"imguri":"","layers":"Main","isDummy":false,"latlng":{"lat":-24.39967371419442,"lng":73.5998979324383}},{"id":44,"description":"Train","values":{"Pleasure":"-2","Safety":"2","Minutes_delayed":"-4","Air_polution":"2","Health":"1","Socialisation":"1"},"imguri":"","layers":"Main","isDummy":false,"latlng":{"lat":-43.42147688529636,"lng":-141.6006793149574}},{"id":47,"description":"Carpooling","values":{"Pleasure":"3","Safety":"-1","Minutes_delayed":"-2","Air_polution":"3","Health":"-2","Socialisation":"2"},"imguri":"","layers":"Main","isDummy":false,"latlng":{"lat":75.70234498461232,"lng":-120.00069344904895}},{"id":50,"description":"Kick Scooter","values":{"Pleasure":"2","Safety":"-3","Minutes_delayed":"5","Air_polution":"-3","Health":"-1","Socialisation":"-3"},"imguri":"","layers":"Main","isDummy":false,"latlng":{"lat":79.70204124994734,"lng":32.10547041747748}},{"id":53,"description":"Taxi","values":{"Pleasure":"-2","Safety":"1","Minutes_delayed":"-10","Air_polution":"3","Health":"1","Socialisation":"-2"},"imguri":"","layers":"Main","isDummy":false,"latlng":{"lat":16.717454733676206,"lng":41.299569719412034}}]