<xml xmlns="http://www.w3.org/1999/xhtml"><block type="controls_if" id="9dcQpj(gUgvXuJC`qcKV" x="132" y="20"><value name="IF0"><block type="logic_operation" id=":z-E`}_iAtyxW4t1n!_8"><field name="OP">AND</field><value name="A"><block type="logic_compare" id="rOj.|M1H`f|F6|FC*GOe"><field name="OP">LT</field><value name="A"><block type="singleVar" id="G%!LLf6a3W/!s={8jdDu"><field name="varName">Safety</field></block></value><value name="B"><block type="math_number" id="SIoe:(Hd.HZq_ZBdcZLb"><field name="NUM">5</field></block></value></block></value><value name="B"><block type="logic_compare" id="c(y}o(ESB[u]7FUDiZ(d"><field name="OP">GT</field><value name="A"><block type="singleVar" id="uLvh|Dpql)1)90G7gpKG"><field name="varName">Safety</field></block></value><value name="B"><block type="math_number" id="?VP!H=df,em6qgy;p8eV"><field name="NUM">2</field></block></value></block></value></block></value><statement name="DO0"><block type="popup" id="zcIRmPpu*E)Zzq)OFk]{"><field name="popuptext">You are not feeling safe</field></block></statement><next><block type="controls_if" id="QNwx#iI%e%dV8%H-kTn]"><value name="IF0"><block type="logic_compare" id="dd-zQbu.S^bYF*Ww-]L9"><field name="OP">GTE</field><value name="A"><block type="singleVar" id="Vp5/mM)a)yj!b%_CP3--"><field name="varName">Air_polution</field></block></value><value name="B"><block type="math_number" id="5D`KRmP|*y!!@xZUSoEX"><field name="NUM">9</field></block></value></block></value><statement name="DO0"><block type="popup" id="EmPZnb!3RJ!-/?@reIk{"><field name="popuptext">You are not feeling safe</field></block></statement><next><block type="controls_if" id="lQ)f:=a/KIOx493{P9.j"><value name="IF0"><block type="logic_operation" id="/6y6jh!~,VQKip3CDC(E"><field name="OP">AND</field><value name="A"><block type="logic_compare" id="W!CxRMlr.O=-YTwVU[8v"><field name="OP">GTE</field><value name="A"><block type="singleVar" id="~t7kScT2#1JPM[tLI=b{"><field name="varName">Minutes_delayed</field></block></value><value name="B"><block type="math_number" id="_o#bG/44ocZFBAV.+sK3"><field name="NUM">30</field></block></value></block></value><value name="B"><block type="logic_compare" id="A!IV~#*e:u4zZ!p9_?%)"><field name="OP">LTE</field><value name="A"><block type="singleVar" id="-YWY/iyHZq=M.9c9hzkc"><field name="varName">Minutes_delayed</field></block></value><value name="B"><block type="math_number" id="!1j(+e4O|z@JSpPi?2:8"><field name="NUM">35</field></block></value></block></value></block></value><statement name="DO0"><block type="popup" id="SD^RMke(+oKAUUj1n+DG"><field name="popuptext">You are usually late</field></block></statement><next><block type="controls_if" id="i|b{eAHO+~m2FmS`_i4["><value name="IF0"><block type="logic_compare" id="_gVdkWY/BN6(,u+{(Ccq"><field name="OP">LT</field><value name="A"><block type="singleVar" id=",yTNQ)*.*FRVc@vAK~x("><field name="varName">Health</field></block></value><value name="B"><block type="math_number" id="~R[iT{eqsNnqhOw6AM)c"><field name="NUM">5</field></block></value></block></value><statement name="DO0"><block type="popup" id="k.1MN{Ns}VA=bu==d#PC"><field name="popuptext">You are not in a very good health</field></block></statement></block></next></block></next></block></next></block></xml>