<xml xmlns="http://www.w3.org/1999/xhtml"><block type="initialvalues" id="7%pi|u/wU`(M`t7@0~7Z" x="88" y="88"><statement name="Initial Values"><block type="initialValue" id="id1"><field name="varName">Pleasure</field><value name="varVal"><block type="math_number" id="var1"><field name="NUM">10</field></block></value><next><block type="initialValue" id="id2"><field name="varName">Safety</field><value name="varVal"><block type="math_number" id="var2"><field name="NUM">10</field></block></value><next><block type="initialValue" id="a]]_;Fn9Gsn-~umaQ-NX"><field name="varName">Minutes_delayed</field><value name="varVal"><block type="math_number" id="{B`sLwRj0?A%eRKu48PE"><field name="NUM">0</field></block></value><next><block type="initialValue" id="h5zq%d).LksgVi7]yvQA"><field name="varName">Air_polution</field><value name="varVal"><block type="math_number" id="HU[jF_b``I*8.qK5N+.v"><field name="NUM">5</field></block></value><next><block type="initialValue" id="|*LtD9[6L:=`?M:TKkdG"><field name="varName">Health</field><value name="varVal"><block type="math_number" id="kW5%(QPG;5d5-+CCM+#t"><field name="NUM">10</field></block></value><next><block type="initialValue" id="IxTB;vyrVa*ufWY/2nVO"><field name="varName">Socialisation</field><value name="varVal"><block type="math_number" id="s,gOz):|14F/hY~h)R5x"><field name="NUM">10</field></block></value></block></next></block></next></block></next></block></next></block></next></block></statement></block></xml>