[{"id":32,"description":"Greek Salad","values":{"Profit":"7","Healthy_Food":"7","new_customers":{"type":"rand","from":"-2","to":"2"}},"imguri":"","layers":"Main","isDummy":false,"latlng":{"lat":231.13261732739252,"lng":130.7331608339175}},{"id":35,"description":"Hot Dog","values":{"Profit":"-5","Healthy_Food":"-4","new_customers":{"type":"rand","from":"-2","to":"4"}},"imguri":"","layers":"Main","isDummy":false,"latlng":{"lat":61.80300888104054,"lng":648.6630802487305}},{"id":38,"description":"Burger","values":{"Profit":"6","Healthy_Food":"-3","new_customers":{"type":"rand","from":"-2","to":"5"}},"imguri":"","layers":"Main","isDummy":false,"latlng":{"lat":123.7534116363651,"lng":891.2980059376367}},{"id":41,"description":"Toast","values":{"Profit":"2","Healthy_Food":"-1","new_customers":{"type":"rand","from":"-2","to":"1"}},"imguri":"","layers":"Main","isDummy":false,"latlng":{"lat":80.90885276205606,"lng":505.14878876811156}},{"id":44,"description":"Organic Soup","values":{"Profit":"-5","Healthy_Food":"4","new_customers":{"type":"rand","from":"-15","to":"10"}},"imguri":"","layers":"Main","isDummy":false,"latlng":{"lat":233.29123262574834,"lng":303.5418144025373}},{"id":47,"description":"Fresh Fish","values":{"Profit":"-8","Healthy_Food":"5","new_customers":{"type":"rand","from":"-4","to":"4"}},"imguri":"","layers":"Main","isDummy":false,"latlng":{"lat":214.4378895700019,"lng":529.5069878622766}},{"id":50,"description":"Ice cream","values":{"Profit":"2","Healthy_Food":"-1","new_customers":{"type":"rand","from":"-1","to":"3"}},"imguri":"","layers":"Main","isDummy":false,"latlng":{"lat":335.16814439896075,"lng":512.43996035625}},{"id":53,"description":"Carbonara","values":{"Profit":"6","Healthy_Food":"-2","new_customers":{"type":"rand","from":"-1","to":"3"}},"imguri":"","layers":"Main","isDummy":false,"latlng":{"lat":195.99915693756273,"lng":271.703054101683}},{"id":56,"description":"Organic Vegetables","values":{"Profit":"-20","Healthy_Food":"7","new_customers":{"type":"rand","from":"-12","to":"8"}},"imguri":"","layers":"Main","isDummy":false,"latlng":{"lat":339.40081738987135,"lng":239.01371535126273}},{"id":59,"description":"Organic Fruit","values":{"Profit":"-18","Healthy_Food":"3","new_customers":{"type":"rand","from":"-15","to":"17"}},"imguri":"","layers":"Main","isDummy":false,"latlng":{"lat":164.57389361081175,"lng":854.523009417951}},{"id":62,"description":"Canned Fruit","values":{"Profit":"12","Healthy_Food":"-5","new_customers":{"type":"rand","from":"-10","to":"8"}},"imguri":"","layers":"Main","isDummy":false,"latlng":{"lat":327.1721481866787,"lng":398.04314289657697}},{"id":65,"description":"Frosted Fish","values":{"Profit":"10","Healthy_Food":"-4","new_customers":{"type":"rand","from":"-20","to":"20"}},"imguri":"","layers":"Main","isDummy":false,"latlng":{"lat":228.99200052800492,"lng":875.8040128215384}},{"id":68,"description":"Sushi","values":{"Profit":"9","Healthy_Food":"1","new_customers":{"type":"rand","from":"-20","to":"20"}},"imguri":"","layers":"Main","isDummy":false,"latlng":{"lat":86.57794533957674,"lng":398.1090855879305}},{"id":71,"description":"French fries","values":{"Profit":"5","Healthy_Food":"-2","new_customers":{"type":"rand","from":"-1","to":"3"}},"imguri":"","layers":"Main","isDummy":false,"latlng":{"lat":37.518675669476956,"lng":864.2451752309959}},{"id":74,"description":"Beans","values":{"Profit":"6","Healthy_Food":"3","new_customers":{"type":"rand","from":"-18","to":"17"}},"imguri":"","layers":"Main","isDummy":false,"latlng":{"lat":222.24444125706577,"lng":675.8722267132508}},{"id":77,"description":"Pancakes","values":{"Profit":"4","Healthy_Food":"-4","new_customers":{"type":"rand","from":"-2","to":"4"}},"imguri":"","layers":"Main","isDummy":false,"latlng":{"lat":103.83782118602865,"lng":299.32599812839925}},{"id":80,"description":"Eggs with bacon","values":{"Profit":"3","Healthy_Food":"-3","new_customers":{"type":"rand","from":"-2","to":"3"}},"imguri":"","layers":"Main","isDummy":false,"latlng":{"lat":198.34547925612017,"lng":622.9339152475256}},{"id":83,"description":"Grilled Chicken","values":{"Profit":"10","Healthy_Food":"2","new_customers":{"type":"rand","from":"-15","to":"10"}},"imguri":"","layers":"Main","isDummy":false,"latlng":{"lat":197.09377343793764,"lng":775.4272161479098}},{"id":86,"description":"Donut","values":{"Profit":"6","Healthy_Food":"-5","new_customers":{"type":"rand","from":"-1","to":"6"}},"imguri":"","layers":"Main","isDummy":false,"latlng":{"lat":270.7904479163061,"lng":458.1553931864939}},{"id":89,"description":"Organic meat","values":{"Profit":"-20","Healthy_Food":"4","new_customers":{"type":"rand","from":"-10","to":"25"}},"imguri":"","layers":"Main","isDummy":false,"latlng":{"lat":140.28626372565978,"lng":731.7177456767669}},{"id":92,"description":"Briam","values":{"Profit":"6","Healthy_Food":"4","new_customers":{"type":"rand","from":"-8","to":"20"}},"imguri":"","layers":"Main","isDummy":false,"latlng":{"lat":175.63512507818302,"lng":111.50261991155311}},{"id":95,"description":"Musaka","values":{"Profit":"-5","Healthy_Food":"3","new_customers":{"type":"rand","from":"-15","to":"10"}},"imguri":"","layers":"Main","isDummy":false,"latlng":{"lat":137.81359487705825,"lng":627.7445843347463}}]