<xml xmlns="http://www.w3.org/1999/xhtml"><block type="initialvalues" id="7%pi|u/wU`(M`t7@0~7Z" x="373" y="72"><statement name="Initial Values"><block type="initialValue" id="oL-P+[lx5KDxFTp4OI(%"><field name="varName">Profit</field><value name="varVal"><block type="math_number" id="var2"><field name="NUM">25</field></block></value><next><block type="initialValue" id="m`aA{L+~Tz,R9r/?aZW_"><field name="varName">new_customers</field><value name="varVal"><block type="math_number" id="*%Nq0ISpCCLc32_gC1fS"><field name="NUM">8</field></block></value><next><block type="initialValue" id="%+,v0rV0@f;KLdeez^%m"><field name="varName">Healthy_Food</field><value name="varVal"><block type="math_number" id="I}g.~Wu:YnV1J@,JZLUN"><field name="NUM">20</field></block></value></block></next></block></next></block></statement></block></xml>