<xml xmlns="http://www.w3.org/1999/xhtml"><block type="controls_if" id="7zV6~_]m{4R1]7%:3tHy" x="-91" y="-21"><value name="IF0"><block type="logic_compare" id="A~H1e_aL1Ju.%yLj;HP#"><field name="OP">LTE</field><value name="A"><block type="singleVar" id="dEdbK:.vW04UvG}1SW9X"><field name="varName">Profit</field></block></value><value name="B"><block type="math_number" id="E@@ngpu2jmpCV/OL#MWN"><field name="NUM">20</field></block></value></block></value><statement name="DO0"><block type="popup" id="_nYOY,@J6{qtpkCQvR3_"><field name="popuptext">You don't earn enough money from your restaurant</field></block></statement><next><block type="controls_if" id="+q/t8dfx^`VLo6:|:)]P"><value name="IF0"><block type="logic_compare" id="E|pWU;q9,!Kk1uO=35;|"><field name="OP">LT</field><value name="A"><block type="singleVar" id="NYl?P4TU}Yg{d`YQW0lm"><field name="varName">Healthy_Food</field></block></value><value name="B"><block type="math_number" id="nA+n4yZ[:*vP,]nt!a0I"><field name="NUM">15</field></block></value></block></value><statement name="DO0"><block type="popup" id="+BZYqPh7yfT;S6j[XWV1"><field name="popuptext">The food you serve is not that healthy...</field><next><block type="controls_if" id="hlj?+rIV,~hw34]veDR#"><value name="IF0"><block type="logic_compare" id=",Q;ou6`QwRQ:9Ob~6oKq"><field name="OP">LT</field><value name="A"><block type="singleVar" id="Qmpq80twrtO2Nv}fF}ZQ"><field name="varName">Healthy_Food</field></block></value><value name="B"><block type="math_number" id="X|{^?{FY?^;TS6a-lmUd"><field name="NUM">5</field></block></value></block></value><statement name="DO0"><block type="popup" id="Y]VM45T^hrlBCFlG@QRP"><field name="popuptext">Be careful !!</field></block></statement></block></next></block></statement><next><block type="controls_if" id="Z)zc8_|Dr*X%]DgTP)dH"><value name="IF0"><block type="logic_operation" id="ooYil@G2EbQ`L27/!c{5"><field name="OP">AND</field><value name="A"><block type="logic_compare" id="Avg/aU0)VxN=hw%#SvAj"><field name="OP">LT</field><value name="A"><block type="singleVar" id="^.QZBNZ_n;gZEh)8j41/"><field name="varName">new_customers</field></block></value><value name="B"><block type="math_number" id="JnOx#WE;v6vAgTtx/ZpK"><field name="NUM">10</field></block></value></block></value><value name="B"><block type="logic_compare" id="wl;eT6rBx=kaooT|9{uL"><field name="OP">GT</field><value name="A"><block type="movescounter" id="`Mr^1-h]35XG;63h_eGv"></block></value><value name="B"><block type="math_number" id="BbKkn]*0/AfM;J]sFoIl"><field name="NUM">10</field></block></value></block></value></block></value><statement name="DO0"><block type="popup" id="7ACw~`DweTQWld)#m!OV"><field name="popuptext">You still have very few customers...</field></block></statement></block></next></block></next></block></xml>