<xml xmlns="http://www.w3.org/1999/xhtml"><block type="controls_if" id="oUgd{3K~U[F@#aF]}ygA" x="69" y="86"><value name="IF0"><block type="logic_compare" id="~a@gT-aydG21O-1G.sjK"><field name="OP">LTE</field><value name="A"><block type="singleVar" id="RTuC:_mI#d@k69q|ly)+"><field name="varName">Profit</field></block></value><value name="B"><block type="math_number" id="qIM#58w_X12vI;dXPueD"><field name="NUM">10</field></block></value></block></value><statement name="DO0"><block type="popup" id="[XMzb=tiZEwjnqR(]mUV"><field name="popuptext">You don't have enough Budget! Open the game log to see your progress</field><next><block type="sound" id="2iw4bwCqi/3m~jb^R4ob"><field name="NAME">lose2</field><next><block type="background" id="lc0}cP9FkF^DTc/q{W;g"><field name="background">http://cartoonmovement.typepad.com/.a/6a014e5f5d3c7c970c0176164d56ea970c-pi</field><next><block type="hide_all" id="86l+s/TSV_vI]i;_Oj7@"><next><block type="gameover" id="MLR/6i}9oB6st5-+BGN}"></block></next></block></next></block></next></block></next></block></statement><next><block type="controls_if" id="[9]#|]0D6lrnU{;t]D3W"><value name="IF0"><block type="logic_compare" id="x3;DNOn,O[C*FS]m{{zI"><field name="OP">LT</field><value name="A"><block type="singleVar" id="ZFFou;T45V`g9BFgwak{"><field name="varName">new_customers</field></block></value><value name="B"><block type="math_number" id=",XHP4?rwxgWIWq#Nd%lR"><field name="NUM">4</field></block></value></block></value><statement name="DO0"><block type="popup" id="eTzPc#L]!@#INy*NQBJt"><field name="popuptext">You don't have enough customers. Your restaurant is closed. Open the game log to see your progress</field><next><block type="sound" id="qf1yQg=zFf)W|iK|gD#O"><field name="NAME">lose2</field><next><block type="gameover" id="+=Pzs_ve}7j|],?3Jey5"></block></next></block></next></block></statement><next><block type="controls_if" id="Dfd~`[%,[0H.c`sVr{-_"><value name="IF0"><block type="logic_compare" id="{eh}XeGCV*Yt!qB|-?N|"><field name="OP">LT</field><value name="A"><block type="singleVar" id="ph]`gbF.pw[Zq!8f3d^l"><field name="varName">Healthy_Food</field></block></value><value name="B"><block type="math_number" id="kBX;05zM8R9Im.K=4-V-"><field name="NUM">10</field></block></value></block></value><statement name="DO0"><block type="background" id="J7nsybtFSaSr+*v;mkVE"><field name="background">http://cartoonmovement.typepad.com/.a/6a014e5f5d3c7c970c0176164d56ea970c-pi</field><next><block type="hide_all" id=")3OVq?/-qz}7/MkP#8`|"><next><block type="popup" id="?{Ejs7I)BZ{*^cKrdZB3"><field name="popuptext">I am sorry. The Health Control closed you down. Open the game log to see your progress</field><next><block type="sound" id="k?ML+-cNtW;e!r~TJG0t"><field name="NAME">lose</field><next><block type="gameover" id="@S]T?Z.9Jy|mcdmgpUQ9"></block></next></block></next></block></next></block></next></block></statement></block></next></block></next></block></xml>