[{"id":34,"description":"Rest at the Park","values":{"Covid_Risk":{"type":"rand","from":"5","to":"10"},"Physical":"-10","Social":"25","Money":"-5"},"imguri":"","layers":"Main","isDummy":false,"latlng":{"lat":52.91032773411873,"lng":81.14153136812702}},{"id":37,"description":"Walk with a friend","values":{"Covid_Risk":{"type":"rand","from":"5","to":"15"},"Physical":"20","Social":"30","Money":"-5"},"imguri":"","layers":"Main","isDummy":false,"latlng":{"lat":130.89304946058022,"lng":209.97836286844242}},{"id":40,"description":"Play Football","values":{"Covid_Risk":{"type":"rand","from":"10","to":"30"},"Physical":"40","Social":"40","Money":"-10"},"imguri":"","layers":"Main","isDummy":false,"latlng":{"lat":80.6590343664136,"lng":871.2865865890107}},{"id":43,"description":"Bank","values":{"Covid_Risk":{"type":"rand","from":"30","to":"35"},"Physical":"5","Social":"8","Money":"50"},"imguri":"","layers":"Main","isDummy":false,"latlng":{"lat":271.6945288944772,"lng":198.661675218965}},{"id":46,"description":"Local Store","values":{"Covid_Risk":{"type":"rand","from":"15","to":"25"},"Physical":"10","Social":"15","Money":"-30"},"imguri":"","layers":"Main","isDummy":false,"latlng":{"lat":261.5647804858749,"lng":779.0079187104875}},{"id":49,"description":"Super Market","values":{"Covid_Risk":{"type":"rand","from":"30","to":"35"},"Physical":"15","Social":"23","Money":"-20"},"imguri":"","layers":"Main","isDummy":false,"latlng":{"lat":317.4825511738794,"lng":648.5796438010113}},{"id":52,"description":"Enter Home","values":{"Covid_Risk":{"type":"plus","num":"-2"},"Physical":"-5","Social":"-8","Money":"2"},"imguri":"","layers":"Main","isDummy":false,"latlng":{"lat":352.80332012104145,"lng":416.3155650772135}},{"id":55,"description":"Shopping at the Mall","values":{"Covid_Risk":{"type":"rand","from":"30","to":"35"},"Physical":"10","Social":"50","Money":"-40"},"imguri":"","layers":"Main","isDummy":false,"latlng":{"lat":283.4402115883261,"lng":36.61954046519978}},{"id":58,"description":"Running","values":{"Covid_Risk":{"type":"rand","from":"-15","to":"-20"},"Physical":"50","Social":"-25","Money":"-10"},"imguri":"","layers":"Main","isDummy":false,"latlng":{"lat":166.22337845518672,"lng":444.27437420029946}},{"id":61,"description":"School from home","values":{"Covid_Risk":{"type":"rand","from":"-20","to":"-25"},"Physical":"-35","Social":"10","Money":"60"},"imguri":"","layers":"bedroom","isDummy":false,"latlng":{"lat":162.99683293405633,"lng":218.9149475080194}},{"id":62,"description":"Sleep","values":{"Covid_Risk":{"type":"rand","from":"-15","to":"-20"},"Physical":"-25","Social":"-20","Money":"0"},"imguri":"","layers":"bedroom","isDummy":false,"latlng":{"lat":163.8712995948495,"lng":493.7310726647623}},{"id":63,"description":"Read","values":{"Covid_Risk":{"type":"rand","from":"-15","to":"-20"},"Physical":"-20","Social":"-15","Money":"-4"},"imguri":"","layers":"bedroom","isDummy":false,"latlng":{"lat":232.81422316744366,"lng":797.1958251648955}},{"id":64,"description":"Movie/Series","values":{"Covid_Risk":{"type":"rand","from":"-15","to":"-20"},"Physical":"-30","Social":"-10","Money":"-10"},"imguri":"","layers":"bedroom","isDummy":false,"latlng":{"lat":151.32309632011467,"lng":73.15342575043502}},{"id":65,"description":"Videcall with a friend","values":{"Covid_Risk":{"type":"rand","from":"-20","to":"-25"},"Physical":"-25","Social":"30","Money":"-6"},"imguri":"","layers":"bedroom","isDummy":false,"latlng":{"lat":217.45337955751128,"lng":93.2395847461167}},{"id":66,"description":"Exercise","values":{"Covid_Risk":{"type":"rand","from":"-20","to":"-25"},"Physical":"30","Social":"-10","Money":"-6"},"imguri":"","layers":"bedroom","isDummy":false,"latlng":{"lat":51.721304221738876,"lng":678.5026062065222}},{"id":67,"description":"Exit home","values":{"Covid_Risk":{"type":"plus","num":"5"},"Physical":"2","Social":"5","Money":"-2"},"imguri":"","layers":"bedroom","isDummy":false,"latlng":{"lat":291.3839776934746,"lng":369.83425295878976}},{"id":68,"description":"Quarantine 14 days","values":{"Covid_Risk":{"type":"plus","num":"-80"},"Physical":"-60","Social":"-30","Money":"-50"},"imguri":"","layers":"bedroom","isDummy":false,"latlng":{"lat":245.45509353069286,"lng":568.1065368660416}},{"id":69,"description":"Birthday Party","values":{"Covid_Risk":{"type":"rand","from":"25","to":"65"},"Physical":"15","Social":"61","Money":"-10"},"imguri":"","layers":"Main","isDummy":false,"latlng":{"lat":351.9006209629999,"lng":127.73697110930091}},{"id":72,"description":"Online Games","values":{"Covid_Risk":{"type":"rand","from":"-15","to":"-20"},"Physical":"-30","Social":"-15","Money":"-40"},"imguri":"","layers":"bedroom","isDummy":false,"latlng":{"lat":182.38660126766152,"lng":73.99872105666675}}]