<xml xmlns="http://www.w3.org/1999/xhtml"><block type="controls_if" id="]J0SDzK1aAUDfAt3ms}/" x="150" y="102"><value name="IF0"><block type="logic_compare" id="*z7vF28hr^/XE?BaYz:F"><field name="OP">GTE</field><value name="A"><block type="singleVar" id="[A2cVjkNdo*zczH89hau"><field name="varName">Covid_Risk</field></block></value><value name="B"><block type="math_number" id="9k2!,7VHwfwfA+xm[X}a"><field name="NUM">75</field></block></value></block></value><statement name="DO0"><block type="sound" id="XGZ#KI51r;2%yXD(,w^_"><field name="NAME">space</field><next><block type="popup" id="([tNP+~+zj%is#~07!%6"><field name="popuptext">You got close to a confirmed Covid case. Please be careful!!</field></block></next></block></statement><next><block type="controls_if" id="DQ[~A[GMyZ#xs#m8]j!/"><value name="IF0"><block type="logic_compare" id="AYR%D6ejo9MoWJwmKM|f"><field name="OP">LTE</field><value name="A"><block type="singleVar" id="n`B%I!y.JTYxQ0+IFwly"><field name="varName">Money</field></block></value><value name="B"><block type="math_number" id="s#,2~)u15}A_VB#+ynnF"><field name="NUM">15</field></block></value></block></value><statement name="DO0"><block type="popup" id="40W@:eNT-%7!pNiPu26p"><field name="popuptext">You are running out of money...</field></block></statement><next><block type="controls_if" id=")*G,Bw615*G94?P/cB)c"><value name="IF0"><block type="logic_operation" id="g@Ce}a7u5CN%!(a#N;}E"><field name="OP">AND</field><value name="A"><block type="logic_compare" id="]D(fjP*,6TYQyTrothkp"><field name="OP">GT</field><value name="A"><block type="singleVar" id="GTRfh|euSW{L;F=LKc/J"><field name="varName">Covid_Risk</field></block></value><value name="B"><block type="math_number" id=";Ig^%;4HB*taJZ)B;C^I"><field name="NUM">60</field></block></value></block></value><value name="B"><block type="logic_compare" id="OB](~[THYJ[Wfv7v*G3["><field name="OP">GTE</field><value name="A"><block type="singleVar" id="`,3x^PAg|l]c[4J|?btN"><field name="varName">Social</field></block></value><value name="B"><block type="math_number" id="RKEl:8~`9]oiD||1d^Yp"><field name="NUM">80</field></block></value></block></value></block></value><statement name="DO0"><block type="popup" id="FiU9!(CCrH?yA5z)[Y{s"><field name="popuptext">I think you go out too much</field></block></statement><next><block type="controls_if" id="Dg^s1otiJo#lqd`i3!Xo"><value name="IF0"><block type="current_point_check" id="JgMHb!a~|p_:L#rL?G9,"><field name="pointsNames">Quarantine 14 days</field></block></value><statement name="DO0"><block type="sound" id="bElR3w%i:52!/+4gxmm#"><field name="NAME">heal</field><next><block type="popup" id="cLAdEWjapp_n^t[6+|gM"><field name="popuptext">You are safe again! Be more careful from now on. Quarantine sucks!</field></block></next></block></statement></block></next></block></next></block></next></block><block type="controls_if" id="oUgd{3K~U[F@#aF]}ygA" x="784" y="99"><value name="IF0"><block type="current_point_check" id="XJ:F|h^d}UudK-i#}S/e"><field name="pointsNames">Enter Home</field></block></value><statement name="DO0"><block type="sound" id=",WD_z%5rXw)Y|K1Hpm}1"><field name="NAME">door_open</field><next><block type="change_layer" id="CSi~x4-twW*`.]v9838K"><field name="layersNames">bedroom</field></block></next></block></statement><next><block type="controls_if" id="Tl}-s:0l,SXkMJZ.o|MQ"><value name="IF0"><block type="current_point_check" id="e(GO@s8tj#F(Q,i(ob,;"><field name="pointsNames">Exit home</field></block></value><statement name="DO0"><block type="sound" id="P_RJV6L(Zra`9Q5vf%/L"><field name="NAME">cheering</field><next><block type="change_layer" id="gtoQplf#2(ukO[MI,S*;"><field name="layersNames">Main</field></block></next></block></statement></block></next></block></xml>