[{"id":32,"description":"Χάρτινη Σακούλα","values":{"Κόστος":"0.20","Δυνατότητα_Επαναχρησιμοποίησης":"-3","Προσβασιμότητα":"3","Διαθέσιμα_χρήματα":"-0.20"},"imguri":"","layers":"Main","isDummy":false,"latlng":{"lat":422.09133531751814,"lng":158.4892653785848}},{"id":35,"description":"Χυμός σε Χάρτινη Συσκευασία","values":{"Κόστος":"3","Δυνατότητα_Επαναχρησιμοποίησης":"-3","Προσβασιμότητα":"5","Διαθέσιμα_χρήματα":"-3"},"imguri":"","layers":"Main","isDummy":false,"latlng":{"lat":293.6400632946206,"lng":116.44243469216713}},{"id":38,"description":"Γυάλινο Μπουκάλι","values":{"Κόστος":"2","Δυνατότητα_Επαναχρησιμοποίησης":"3","Προσβασιμότητα":"4","Διαθέσιμα_χρήματα":"-2"},"imguri":"","layers":"Main","isDummy":false,"latlng":{"lat":325.5264105455464,"lng":253.72123328251428}},{"id":41,"description":"Μάσκα μιας Χρήσης","values":{"Κόστος":"1","Δυνατότητα_Επαναχρησιμοποίησης":"-3","Προσβασιμότητα":"5","Διαθέσιμα_χρήματα":"-1"},"imguri":"","layers":"Main","isDummy":false,"latlng":{"lat":373.4713095791171,"lng":565.2817931951081}},{"id":44,"description":"Λάμπα Φθορισμού - Οικονομίας","values":{"Κόστος":"8","Δυνατότητα_Επαναχρησιμοποίησης":"2","Προσβασιμότητα":"-1","Διαθέσιμα_χρήματα":"-8"},"imguri":"","layers":"Main","isDummy":false,"latlng":{"lat":189.7342724926136,"lng":137.24617040481775}},{"id":47,"description":"Σιδερένια Μαχαιροπίρουνα","values":{"Κόστος":"10","Δυνατότητα_Επαναχρησιμοποίησης":"3","Προσβασιμότητα":"-1","Διαθέσιμα_χρήματα":"-10"},"imguri":"","layers":"Main","isDummy":false,"latlng":{"lat":6.415818192414065,"lng":530.0051818790748}},{"id":50,"description":"Περιτύλιγμα Φαγητού Eco","values":{"Κόστος":"6","Δυνατότητα_Επαναχρησιμοποίησης":"3","Προσβασιμότητα":"0.9","Διαθέσιμα_χρήματα":"-6"},"imguri":"","layers":"Main","isDummy":false,"latlng":{"lat":96.46082935764758,"lng":284.0644836561519}},{"id":53,"description":"Πλαστικά Καλαμάκια","values":{"Κόστος":"2.5","Δυνατότητα_Επαναχρησιμοποίησης":"-3","Προσβασιμότητα":"5","Διαθέσιμα_χρήματα":"-2.5"},"imguri":"","layers":"Main","isDummy":false,"latlng":{"lat":16.52870568253178,"lng":330.2302612313316}},{"id":56,"description":"Πλαστικό Μπουκάλι","values":{"Κόστος":"0.5","Δυνατότητα_Επαναχρησιμοποίησης":"1","Προσβασιμότητα":"5","Διαθέσιμα_χρήματα":"-0.5"},"imguri":"","layers":"Main","isDummy":false,"latlng":{"lat":53.76816995140051,"lng":387.8715822680836}},{"id":59,"description":"Μάσκα Πολλαπλών Χρήσεων","values":{"Κόστος":"4","Δυνατότητα_Επαναχρησιμοποίησης":"2","Προσβασιμότητα":"5","Διαθέσιμα_χρήματα":"-4"},"imguri":"","layers":"Main","isDummy":false,"latlng":{"lat":110.00299870946239,"lng":491.3822631778121}},{"id":62,"description":"Αλουμινόχαρτο","values":{"Κόστος":"2","Δυνατότητα_Επαναχρησιμοποίησης":"-3","Προσβασιμότητα":"4","Διαθέσιμα_χρήματα":"-2"},"imguri":"","layers":"Main","isDummy":false,"latlng":{"lat":348.8732282169699,"lng":532.2963256815688}},{"id":65,"description":"Κονσέρβα","values":{"Κόστος":"7","Δυνατότητα_Επαναχρησιμοποίησης":"-3","Προσβασιμότητα":"4","Διαθέσιμα_χρήματα":"-7"},"imguri":"","layers":"Main","isDummy":false,"latlng":{"lat":369.48628786478014,"lng":421.7636871523156}},{"id":68,"description":"Υφασμάτινη Σακούλα","values":{"Κόστος":"2","Δυνατότητα_Επαναχρησιμοποίησης":"2","Προσβασιμότητα":"2","Διαθέσιμα_χρήματα":"-2"},"imguri":"","layers":"Main","isDummy":false,"latlng":{"lat":59.888642387911204,"lng":75.01791382304043}},{"id":71,"description":"Μηχανή Καφέ","values":{"Κόστος":"15","Δυνατότητα_Επαναχρησιμοποίησης":"2","Προσβασιμότητα":"-2","Διαθέσιμα_χρήματα":"-15"},"imguri":"","layers":"Main","isDummy":false,"latlng":{"lat":221.5124672231443,"lng":615.4981504425404}},{"id":74,"description":"Μη Επαναφορτιζόμενες Μπαταρίες","values":{"Κόστος":"4","Δυνατότητα_Επαναχρησιμοποίησης":"-3","Προσβασιμότητα":"5","Διαθέσιμα_χρήματα":"-4"},"imguri":"","layers":"Main","isDummy":false,"latlng":{"lat":290.00299870946236,"lng":471.8461669770553}},{"id":77,"description":"Σιδερένιες Κρεμάστρες","values":{"Κόστος":"1","Δυνατότητα_Επαναχρησιμοποίησης":"2","Προσβασιμότητα":"4","Διαθέσιμα_χρήματα":"-1"},"imguri":"","layers":"Main","isDummy":false,"latlng":{"lat":248.07834128470483,"lng":60.46034088171518}},{"id":80,"description":"Ψηφιακή Κορνίζα","values":{"Κόστος":"13","Δυνατότητα_Επαναχρησιμοποίησης":"2","Προσβασιμότητα":"-3","Διαθέσιμα_χρήματα":"-13"},"imguri":"","layers":"Main","isDummy":false,"latlng":{"lat":438.63554233795367,"lng":594.5987793144138}},{"id":83,"description":"Ξύλινη Οδοντόβουρτσα","values":{"Κόστος":"6","Δυνατότητα_Επαναχρησιμοποίησης":"2","Προσβασιμότητα":"-1","Διαθέσιμα_χρήματα":"-6"},"imguri":"","layers":"Main","isDummy":false,"latlng":{"lat":235.5376712876212,"lng":327.7206191687932}},{"id":86,"description":"Πλαστικά Τάπερ","values":{"Κόστος":"3","Δυνατότητα_Επαναχρησιμοποίησης":"1","Προσβασιμότητα":"4","Διαθέσιμα_χρήματα":"-3"},"imguri":"","layers":"Main","isDummy":false,"latlng":{"lat":429.0045133258424,"lng":342.6975769011243}},{"id":89,"description":"Κεραμικό Φλιτζάνι","values":{"Κόστος":"8","Δυνατότητα_Επαναχρησιμοποίησης":"3","Προσβασιμότητα":"2","Διαθέσιμα_χρήματα":"-8"},"imguri":"","layers":"Main","isDummy":false,"latlng":{"lat":356.7199497190031,"lng":91.4397338784247}},{"id":92,"description":"bonus","values":{"Κόστος":"0","Δυνατότητα_Επαναχρησιμοποίησης":"0","Προσβασιμότητα":"0","Διαθέσιμα_χρήματα":"20"},"imguri":"","layers":"Main","isDummy":false,"latlng":{"lat":369.43982312976203,"lng":317.60734253006876}}]