<xml xmlns="http://www.w3.org/1999/xhtml"><block type="controls_if" id="oUgd{3K~U[F@#aF]}ygA" x="-101" y="-861"><value name="IF0"><block type="logic_compare" id="~a@gT-aydG21O-1G.sjK"><field name="OP">LTE</field><value name="A"><block type="singleVar" id="RTuC:_mI#d@k69q|ly)+"><field name="varName">Διαθέσιμα_χρήματα</field></block></value><value name="B"><block type="math_number" id="qIM#58w_X12vI;dXPueD"><field name="NUM">0</field></block></value></block></value><statement name="DO0"><block type="popup" id="[XMzb=tiZEwjnqR(]mUV"><field name="popuptext">Λυπάμαι...Τα χρήματά σου τελείωσαν :(((</field><next><block type="sound" id="xsF,%)awqtbN66KJoi*0"><field name="NAME">lose2</field><next><block type="background" id="NVZ/FCo@39:fVxN+:y:?"><field name="background"></field><next><block type="gameover" id="MLR/6i}9oB6st5-+BGN}"></block></next></block></next></block></next></block></statement><next><block type="controls_if" id="1i!)7a2`QI+=DlM=)+*;"><value name="IF0"><block type="logic_compare" id="n#!)z^g,6TJaR1v?*vX_"><field name="OP">LTE</field><value name="A"><block type="singleVar" id="k8T=Z6T/;pch2]:mF,2v"><field name="varName">Δυνατότητα_Επαναχρησιμοποίησης</field></block></value><value name="B"><block type="math_number" id="l[ZWDzCs*nEVvFdbddbj"><field name="NUM">0</field></block></value></block></value><statement name="DO0"><block type="popup" id="btjB7MfXgFE]9Z!e{Lep"><field name="popuptext">Οι επιλογές σου γεμίζουν με απορρίμματα τον πλανήτη:(((((</field><next><block type="sound" id="VdCdFa;^5NWV0Ea6k--C"><field name="NAME">lose</field><next><block type="background" id="1)nqEMEmd+;.s{@`ad1P"><field name="background">https://encrypted-tbn0.gstatic.com/images?q=tbn:ANd9GcQCoMBONyPHrpyDnInWRl-v7O_-GZD7f40Y_Q&amp;usqp=CAU</field><next><block type="gameover" id="/W*m0LWxup:q?[?+RFT4"></block></next></block></next></block></next></block></statement><next><block type="controls_if" id="0jGm_%()yL#Zlr2jJj[O"><value name="IF0"><block type="logic_compare" id="YVYOKLz=l6U|HW7j::=J"><field name="OP">LTE</field><value name="A"><block type="singleVar" id="0jy0t(TY]l/Z[cl{B;Sc"><field name="varName">Προσβασιμότητα</field></block></value><value name="B"><block type="math_number" id="KL9#GX*ltkz}mhp`L,ii"><field name="NUM">0</field></block></value></block></value><statement name="DO0"><block type="popup" id="YYQ3_:!9?kno)7V96NBA"><field name="popuptext">Ξοδεύεις πολύ χρόνο για να πραγματοποιήσεις τις αγορές σου:(((</field><next><block type="sound" id="Sh#j35123xU6WO1.o3fG"><field name="NAME">fail</field><next><block type="background" id="qe3evI|ia7)=_C~BkzN%"><field name="background">https://www.google.com/imgres?imgurl=https%3A%2F%2Florioutloud.files.wordpress.com%2F2011%2F12%2Frunning-out-of-time.jpg&amp;imgrefurl=https%3A%2F%2Florioutloud.wordpress.com%2F2011%2F12%2F16%2Frunning-behind%2F&amp;tbnid=VE5HqdZQVYyROM&amp;vet=12ahUKEwjKq6-Nj_nvAhVJihoKHTEKAu4QMyg7egQIARBn..i&amp;docid=3I-NguHe6-VaNM&amp;w=287&amp;h=308&amp;q=run%20out%20of%20time&amp;ved=2ahUKEwjKq6-Nj_nvAhVJihoKHTEKAu4QMyg7egQIARBn#imgrc=VE5HqdZQVYyROM&amp;imgdii=wKI4zKnFtrDmGM</field><next><block type="gameover" id="jW1nLXz1y]#bQO^:?{.0"></block></next></block></next></block></next></block></statement><next><block type="controls_if" id="JS:AM]u}i(^wxVIddmwN"><value name="IF0"><block type="logic_compare" id="}re-p649l;;ee]hE*X+W"><field name="OP">GTE</field><value name="A"><block type="singleVar" id="rhKlRFLgz(U(j;::i|ie"><field name="varName">Δυνατότητα_Επαναχρησιμοποίησης</field></block></value><value name="B"><block type="math_number" id="/7o_~Ur{}~mtZ{MYXRGT"><field name="NUM">30</field></block></value></block></value><statement name="DO0"><block type="popup" id="%*#{[Z!?CTgyD-{vcy;9"><field name="popuptext">Συγχαρητήρια!!!! Οι επιλογές σου είναι πολύ φιλικές για το περιβάλλον!!!!</field><next><block type="sound" id="h2]M1SlJ--+HgJ;`MZ9q"><field name="NAME">applause</field><next><block type="background" id="7wVne^j)y|6]H#5Ihv9t"><field name="background">Image_Url</field><next><block type="gameover" id="uPOWP5=SND=G2KI|9H*1"></block></next></block></next></block></next></block></statement><next><block type="controls_if" id="R=6}2[dG+%T[Xoy1b8W{"><value name="IF0"><block type="logic_compare" id="P~nnFVG[sV51{p`{*J.]"><field name="OP">GTE</field><value name="A"><block type="singleVar" id="[mSNikV4;#?QS)Hfe]zQ"><field name="varName">Προσβασιμότητα</field></block></value><value name="B"><block type="math_number" id="EufCA(irgsjpJlT^X;!k"><field name="NUM">30</field></block></value></block></value><statement name="DO0"><block type="popup" id="g:G^|+swsBC7M*!yCj#n"><field name="popuptext">Μπράβο!!!!! Κατάφερες να αξιοποιήσεις κατάλληλα το χρόνο σου!!!</field><next><block type="sound" id="Sk6=8~%K1-Y4QhmUU;jr"><field name="NAME">applause</field><next><block type="background" id="fEo,A|3O#eAj/OB,#r13"><field name="background">Image_Url</field><next><block type="gameover" id="Jq3i+zLq8*^(DkPsZYch"></block></next></block></next></block></next></block></statement></block></next></block></next></block></next></block></next></block></xml>