<xml xmlns="http://www.w3.org/1999/xhtml"><block type="controls_if" id="oUgd{3K~U[F@#aF]}ygA" x="291" y="49"><value name="IF0"><block type="logic_compare" id="~a@gT-aydG21O-1G.sjK"><field name="OP">LTE</field><value name="A"><block type="singleVar" id="RTuC:_mI#d@k69q|ly)+"><field name="varName">Διαθέσιμα_χρήματα</field></block></value><value name="B"><block type="math_number" id="qIM#58w_X12vI;dXPueD"><field name="NUM">5</field></block></value></block></value><statement name="DO0"><block type="popup" id="[Q+z*@b?dHC7[R=3+,rX"><field name="popuptext">Πρόσεξε γιατί τα χρήματά σου τελειώνουν..</field></block></statement><next><block type="controls_if" id="Up:CoabhV2bs}0M;rG%R"><value name="IF0"><block type="logic_compare" id=";~nTRcU3.7^DX?Jy3^wR"><field name="OP">LTE</field><value name="A"><block type="singleVar" id="0b.:[:LJGmSLBh3f;Z_+"><field name="varName">Δυνατότητα_Επαναχρησιμοποίησης</field></block></value><value name="B"><block type="math_number" id="M^PZ]Wiv.yf+G),^r=Ys"><field name="NUM">5</field></block></value></block></value><statement name="DO0"><block type="popup" id="RWrjk2;[nCg_E[j855Da"><field name="popuptext">Πρόσεξε τις επιλογές σου γιατί γεμίζεις το περιβάλλον σκουπίδια</field></block></statement><next><block type="controls_if" id="I]s}h0Y7QwYkfouou0=3"><value name="IF0"><block type="logic_compare" id="_Neg}#_WauMV;5EyXe{g"><field name="OP">LTE</field><value name="A"><block type="singleVar" id="euL_c.c7upE`]Tt(JEo8"><field name="varName">Προσβασιμότητα</field></block></value><value name="B"><block type="math_number" id="{r;{mx0l62V+*=t:#KKT"><field name="NUM">5</field></block></value></block></value><statement name="DO0"><block type="popup" id="Dy~N#372PB3Jf%k}#)|}"><field name="popuptext">Πρόσεξε γιατί οι επιλογές σου απαιτούν πολύ χρόνο!</field></block></statement><next><block type="controls_if" id="5fK4quf!DDN{AR:*6G.:"><value name="IF0"><block type="logic_compare" id="5kL)mn;k,L!!*JNSq6Jw"><field name="OP">EQ</field><value name="A"><block type="math_modulo" id="gRa;1wY:;gEFe;n]2B|K"><value name="DIVIDEND"><shadow type="math_number" id="/GbOB-r;~u~xC-APjcg1"><field name="NUM">64</field></shadow><block type="movescounter" id="JGupsphTqR%y!liOb713"></block></value><value name="DIVISOR"><shadow type="math_number" id="r!Xf/.BO}=xE~jp=*eLc"><field name="NUM">5</field></shadow></value></block></value><value name="B"><block type="math_number" id="koF`(viJ?t6402p/+nCy"><field name="NUM">0</field></block></value></block></value><statement name="DO0"><block type="show_point" id="|RkMrnCcW0f||*3m+YN+"><field name="pointsNames">bonus</field></block></statement><next><block type="controls_if" id="#.5(e:SfI6Xmv+.!RuN3"><value name="IF0"><block type="current_point_check" id="K^z9_jBo{4/Lo@1Hl/Zv"><field name="pointsNames">bonus</field></block></value><statement name="DO0"><block type="hide_point" id="2NC-[YKLfsBx0AIN-,`#"><field name="pointsNames">bonus</field></block></statement></block></next></block></next></block></next></block></next></block></xml>