<xml xmlns="http://www.w3.org/1999/xhtml"><block type="initialvalues" id="7%pi|u/wU`(M`t7@0~7Z" x="88" y="88"><statement name="Initial Values"><block type="initialValue" id="id1"><field name="varName">Προσβασιμότητα</field><value name="varVal"><block type="math_number" id="var1"><field name="NUM">10</field></block></value><next><block type="initialValue" id="id2"><field name="varName">Δυνατότητα_Επαναχρησιμοποίησης</field><value name="varVal"><block type="math_number" id="var2"><field name="NUM">10</field></block></value><next><block type="initialValue" id="rYlM`PsELEr?DzH*Jr/d"><field name="varName">Διαθέσιμα_χρήματα</field><value name="varVal"><block type="math_number" id="|TVLU%mVVFQI5Lv2t4Yj"><field name="NUM">30</field></block></value><next><block type="hide_point" id="U-i/A;IO(ZYE^@F).;R!"><field name="pointsNames">bonus</field></block></next></block></next></block></next></block></statement></block></xml>