[{"id":1176,"description":"Park","values":{"Health":"1000","Environmental_Ethos":"500","Mood":"500","Action":"-100","Money":"-10"},"imguri":"","layers":"Main","isDummy":false,"latlng":{"lat":65.35197172767539,"lng":451.28537923257886}},{"id":1179,"description":"Bar-Club","values":{"Health":"-1000","Environmental_Ethos":"-200","Mood":"1000","Action":"-500","Money":"-40"},"imguri":"","layers":"Main","isDummy":false,"latlng":{"lat":225.0312901296003,"lng":527.3645827284568}},{"id":1182,"description":"Fast Food","values":{"Health":"-1000","Environmental_Ethos":"-500","Mood":"500","Action":"-500","Money":"-20"},"imguri":"","layers":"Main","isDummy":false,"latlng":{"lat":229.8829030092409,"lng":711.8170942608509}},{"id":1185,"description":"Internet Cafe","values":{"Health":"-500","Environmental_Ethos":"-500","Mood":"500","Action":"-100","Money":"-10"},"imguri":"","layers":"Main","isDummy":false,"latlng":{"lat":200.27863316767488,"lng":673.5031702102182}},{"id":1188,"description":"SPA","values":{"Health":"500","Environmental_Ethos":"-500","Mood":"1000","Action":"-500","Money":"-300"},"imguri":"","layers":"Main","isDummy":false,"latlng":{"lat":193.7420118963344,"lng":883.1351401476105}},{"id":1191,"description":"Super Market","values":{"Health":"500","Environmental_Ethos":"-100","Mood":"100","Action":"-100","Money":"-200"},"imguri":"","layers":"Main","isDummy":false,"latlng":{"lat":135.01820383214385,"lng":145.04369273218614}},{"id":1194,"description":"Farmer","values":{"Health":"-500","Environmental_Ethos":"500","Mood":"-500","Action":"100","Money":"800"},"imguri":"","layers":"Main","isDummy":false,"latlng":{"lat":508.189738792475,"lng":780.7798791334702}},{"id":1197,"description":"Airplane","values":{"Health":"-1000","Environmental_Ethos":"-1000","Mood":"500","Action":"-500","Money":"-400"},"imguri":"","layers":"Main","isDummy":false,"latlng":{"lat":486.20697623045686,"lng":609.4694715631772}},{"id":1200,"description":"Sports center","values":{"Health":"500","Environmental_Ethos":"500","Mood":"500","Action":"-100","Money":"-100"},"imguri":"","layers":"Main","isDummy":false,"latlng":{"lat":395.08792676603497,"lng":805.1423881035225}},{"id":1203,"description":"Activism","values":{"Health":"-500","Environmental_Ethos":"1000","Mood":"100","Action":"1000","Money":"-50"},"imguri":"","layers":"Main","isDummy":false,"latlng":{"lat":57.55160216400322,"lng":45.152763288107614}},{"id":1206,"description":"Recycling","values":{"Health":"100","Environmental_Ethos":"500","Mood":"-500","Action":"500","Money":"10"},"imguri":"","layers":"Main","isDummy":false,"latlng":{"lat":93.41843971631207,"lng":292.82784810126583}},{"id":1209,"description":"Car","values":{"Health":"-1000","Environmental_Ethos":"-500","Mood":"500","Action":"-500","Money":"-70"},"imguri":"","layers":"Main","isDummy":false,"latlng":{"lat":383.12056737588654,"lng":259.9873417721519}},{"id":1212,"description":"Citizen information office","values":{"Health":"-100","Environmental_Ethos":"500","Mood":"1000","Action":"100","Money":"-10"},"imguri":"","layers":"Main","isDummy":false,"latlng":{"lat":97.6346255827774,"lng":658.4521340979304}},{"id":1215,"description":"Educational Institute","values":{"Health":"-500","Environmental_Ethos":"500","Mood":"100","Action":"-100","Money":"-50"},"imguri":"","layers":"Main","isDummy":false,"latlng":{"lat":362.7313988365165,"lng":627.8024106540548}},{"id":1218,"description":"Free launher","values":{"Health":"-500","Environmental_Ethos":"-100","Mood":"-500","Action":"-100","Money":"1500"},"imguri":"","layers":"Main","isDummy":false,"latlng":{"lat":369.4540521375466,"lng":46.794577399291875}},{"id":1221,"description":"Mall","values":{"Health":"-100","Environmental_Ethos":"-500","Mood":"500","Action":"-500","Money":"-300"},"imguri":"","layers":"Main","isDummy":false,"latlng":{"lat":286.39891122234525,"lng":842.0882137685124}},{"id":1224,"description":"Industry job","values":{"Health":"-500","Environmental_Ethos":"-500","Mood":"-500","Action":"-100","Money":"1000"},"imguri":"","layers":"Main","isDummy":false,"latlng":{"lat":299.3490196390745,"lng":-20.80223706410331}},{"id":1227,"description":"Small industry job","values":{"Health":"-500","Environmental_Ethos":"-100","Mood":"-500","Action":"-100","Money":"750"},"imguri":"","layers":"Main","isDummy":false,"latlng":{"lat":267.45600214376014,"lng":204.70400237844044}},{"id":1230,"description":"Public service job","values":{"Health":"-1000","Environmental_Ethos":"-100","Mood":"-500","Action":"-100","Money":"1200"},"imguri":"","layers":"Main","isDummy":false,"latlng":{"lat":35.93731878858161,"lng":574.7102409545167}},{"id":1233,"description":"Restaurant","values":{"Health":"100","Environmental_Ethos":"-100","Mood":"500","Action":"-100","Money":"-80"},"imguri":"","layers":"Main","isDummy":false,"latlng":{"lat":170.2919287176596,"lng":304.04747400768645}},{"id":1236,"description":"Sea-Mountain","values":{"Health":"100","Environmental_Ethos":"1000","Mood":"500","Action":"-500","Money":"-50"},"imguri":"","layers":"Main","isDummy":false,"latlng":{"lat":481.7661088751353,"lng":349.74974452307146}},{"id":1239,"description":"Shows","values":{"Health":"-100","Environmental_Ethos":"500","Mood":"500","Action":"-500","Money":"-20"},"imguri":"","layers":"Main","isDummy":false,"latlng":{"lat":285.110452889813,"lng":621.7898789281111}},{"id":1242,"description":"Doctor","values":{"Health":"1000","Environmental_Ethos":"-100","Mood":"-1000","Action":"-100","Money":"-60"},"imguri":"","layers":"Main","isDummy":false,"latlng":{"lat":255.9380377370975,"lng":458.94530849006856}},{"id":1245,"description":"Plant growing","values":{"Health":"500","Environmental_Ethos":"500","Mood":"-500","Action":"500","Money":"-10"},"imguri":"","layers":"Main","isDummy":false,"latlng":{"lat":318.0636783589073,"lng":721.1182991763017}},{"id":1248,"description":"Local Poroducts Shop","values":{"Health":"100","Environmental_Ethos":"500","Mood":"-500","Action":"500","Money":"-100"},"imguri":"","layers":"Main","isDummy":false,"latlng":{"lat":157.04667357868792,"lng":493.4305827248805}},{"id":1251,"description":"Coffee Place","values":{"Health":"-100","Environmental_Ethos":"-100","Mood":"1000","Action":"-500","Money":"-10"},"imguri":"","layers":"Main","isDummy":false,"latlng":{"lat":195.2833346105,"lng":58.8242100053633}},{"id":1254,"description":"Bus","values":{"Health":"-500","Environmental_Ethos":"500","Mood":"-500","Action":"-500","Money":"-30"},"imguri":"","layers":"Main","isDummy":false,"latlng":{"lat":109.34559973005608,"lng":929.3863113131202}},{"id":1257,"description":"Metro","values":{"Health":"-100","Environmental_Ethos":"500","Mood":"-100","Action":"-500","Money":"-45"},"imguri":"","layers":"Main","isDummy":false,"latlng":{"lat":246.46306233656864,"lng":896.5466676058958}},{"id":1260,"description":"Billiard-Bowlling","values":{"Health":"-500","Environmental_Ethos":"-100","Mood":"1000","Action":"-100","Money":"-15"},"imguri":"","layers":"Main","isDummy":false,"latlng":{"lat":155.7723306968742,"lng":761.3542672298403}},{"id":1263,"description":"Rest at home's yard","values":{"Health":"500","Environmental_Ethos":"-100","Mood":"1000","Action":"-500","Money":"5"},"imguri":"","layers":"Main","isDummy":false,"latlng":{"lat":337.84209791952946,"lng":195.12396864638123}},{"id":1266,"description":"Boat","values":{"Health":"-500","Environmental_Ethos":"500","Mood":"100","Action":"-100","Money":"-80"},"imguri":"","layers":"Main","isDummy":false,"latlng":{"lat":504.4123693228999,"lng":166.39005744771774}},{"id":1269,"description":"Bicycle","values":{"Health":"500","Environmental_Ethos":"1000","Mood":"500","Action":"-100","Money":"-50"},"imguri":"","layers":"Main","isDummy":false,"latlng":{"lat":441.24766189761465,"lng":707.169900530504}},{"id":1272,"description":"Participation in environmental organisation","values":{"Health":"-100","Environmental_Ethos":"1000","Mood":"100","Action":"1000","Money":"-100"},"imguri":"","layers":"Main","isDummy":false,"latlng":{"lat":15.351619647359328,"lng":155.44583075043786}},{"id":1275,"description":"Be a club member","values":{"Health":"-100","Environmental_Ethos":"1000","Mood":"100","Action":"500","Money":"-50"},"imguri":"","layers":"Main","isDummy":false,"latlng":{"lat":223.37089576078142,"lng":215.38151872574315}},{"id":1278,"description":"Cooperate with local government","values":{"Health":"-100","Environmental_Ethos":"500","Mood":"-500","Action":"500","Money":"50"},"imguri":"","layers":"Main","isDummy":false,"latlng":{"lat":423.5333405076577,"lng":390.24793729276246}},{"id":1281,"description":"Watch TV","values":{"Health":"-100","Environmental_Ethos":"-500","Mood":"500","Action":"-1000","Money":"-10"},"imguri":"","layers":"Main","isDummy":false,"latlng":{"lat":71.59357429986608,"lng":817.1829732657598}},{"id":1284,"description":"Citizens meeting","values":{"Health":"-100","Environmental_Ethos":"500","Mood":"-100","Action":"1000","Money":"-10"},"imguri":"","layers":"Main","isDummy":false,"latlng":{"lat":381.64610901943786,"lng":411.8723099631929}},{"id":1287,"description":"Tram","values":{"Health":"-500","Environmental_Ethos":"1000","Mood":"-5000","Action":"-100","Money":"-25"},"imguri":"","layers":"Main","isDummy":false,"latlng":{"lat":298.78048898938937,"lng":437.6018349287814}},{"id":1290,"description":"Sleep at home","values":{"Health":"1000","Environmental_Ethos":"-500","Mood":"500","Action":"-1000","Money":"0"},"imguri":"","layers":"Main","isDummy":false,"latlng":{"lat":23.531030981336997,"lng":745.7569600932756}},{"id":1293,"description":"Animal Care","values":{"Health":"-100","Environmental_Ethos":"1000","Mood":"500","Action":"500","Money":"-150"},"imguri":"","layers":"Main","isDummy":false,"latlng":{"lat":113.3652229888959,"lng":465.78759821510084}}]