<xml xmlns="http://www.w3.org/1999/xhtml"><block type="initialvalues" id="G~w:r0DAy~:mml%7/g@A" x="1" y="20"><statement name="Initial Values"><block type="initialValue" id="id1"><field name="varName">Health</field><value name="varVal"><block type="math_number" id="var1"><field name="NUM">500</field></block></value><next><block type="initialValue" id="id2"><field name="varName">Environmental_Ethos</field><value name="varVal"><block type="math_number" id="var2"><field name="NUM">500</field></block></value><next><block type="initialValue" id="id3"><field name="varName">Mood</field><value name="varVal"><block type="math_number" id="var3"><field name="NUM">0</field></block></value><next><block type="initialValue" id="id4"><field name="varName">Action</field><value name="varVal"><block type="math_number" id="var4"><field name="NUM">0</field></block></value><next><block type="initialValue" id="id5"><field name="varName">Money</field><value name="varVal"><block type="math_number" id="var5"><field name="NUM">500</field></block></value></block></next></block></next></block></next></block></next></block></statement></block></xml>