<xml xmlns="http://www.w3.org/1999/xhtml"><block type="controls_if" id="oUgd{3K~U[F@#aF]}ygA" x="20" y="-107"><value name="IF0"><block type="logic_compare" id="~a@gT-aydG21O-1G.sjK"><field name="OP">LT</field><value name="A"><block type="singleVar" id="RTuC:_mI#d@k69q|ly)+"><field name="varName">Health</field></block></value><value name="B"><block type="math_number" id="qIM#58w_X12vI;dXPueD"><field name="NUM">-2000</field></block></value></block></value><statement name="DO0"><block type="popup" id="P`p^2fEZ+wCKHX;geg1y"><field name="popuptext">Game over! You are very sick!</field><next><block type="gameover" id=",j4:WEi`vtU^ZRXMQ]eQ"></block></next></block></statement><next><block type="controls_if" id="HFS)ne_7#)3sw)OBwrr{"><value name="IF0"><block type="logic_compare" id="@3s0At?lf-UiZ=iVM.;v"><field name="OP">LTE</field><value name="A"><block type="singleVar" id="j*RL|qlN1bjE7+k+Lmf*"><field name="varName">Money</field></block></value><value name="B"><block type="math_number" id="Bo*:Y*/{bd/{^/+8(`3f"><field name="NUM">0</field></block></value></block></value><statement name="DO0"><block type="popup" id=".^z+POk7D=;.dQcf]+Yh"><field name="popuptext">You spent all your money! Game is over!</field><next><block type="gameover" id="*q3M?x*|3pHO;q`/2Mgs"></block></next></block></statement><next><block type="controls_if" id="=LU*l0|||YL}!,=5Z],y"><value name="IF0"><block type="logic_compare" id="M)BbsaUxL!3*OT1Sl`w="><field name="OP">LTE</field><value name="A"><block type="singleVar" id=":[(m:8MIiOoY]Bq!;n_U"><field name="varName">Environmental_Ethos</field></block></value><value name="B"><block type="math_number" id="C=?HBb]]z/YWE6*j`_5%"><field name="NUM">-500</field></block></value></block></value><statement name="DO0"><block type="popup" id="oc!#/r~iI9F1Qlz!Iee#"><field name="popuptext">You don't care about the environment. Game is over!</field><next><block type="gameover" id="Qfy3stDNhIhJfN0kI*xn"></block></next></block></statement><next><block type="controls_if" id="B0~%`!4}|*bs/%T]kb8X"><value name="IF0"><block type="logic_compare" id="McX;DNa){4d.S0GmVGFC"><field name="OP">LTE</field><value name="A"><block type="singleVar" id="N0h*?GjuQOTKK9kZn.h/"><field name="varName">Mood</field></block></value><value name="B"><block type="math_number" id=")mn=Isl1FJWCk2nh;zsa"><field name="NUM">-1000</field></block></value></block></value><statement name="DO0"><block type="popup" id="f1HW.L5u3q{DSnY%1ze="><field name="popuptext">You have a terrible mood. Game is over</field><next><block type="gameover" id="YImo=KhiC,i?n*p0+Kb,"></block></next></block></statement><next><block type="controls_if" id="iD!IDLlW!TcS17!,9yAC"><value name="IF0"><block type="logic_compare" id=",aJ?%b,jZ`q/TFiC(XR="><field name="OP">LTE</field><value name="A"><block type="singleVar" id="_Ol0TK`#.f)u+kp[(}v@"><field name="varName">Action</field></block></value><value name="B"><block type="math_number" id="t~S/G[ruRn:A!z(4.Ke6"><field name="NUM">-1000</field></block></value></block></value><statement name="DO0"><block type="popup" id="3zO,w{Wh|lObtekfI7cK"><field name="popuptext">You don't care about others! Game is over</field><next><block type="gameover" id="ME4(USUErSO5-;6;^u9V"></block></next></block></statement></block></next></block></next></block></next></block></next></block></xml>