[{"id":32,"description":"Indigo","values":{"Info":"Organic Indigo is a powder from the leaves of the indigo plant called Indigofera tinctoria.  It is the only natural blue.  It has been reported that natural Indigo dye irritates the eyes and the respiratory system.","Textile_Appliance":"3","Color_quality":"-5","Health":"-2.5","Water_Consumption":"-5","Landfill_Exploitation":"-5","Cost":"-5"},"imguri":"","layers":"Main","isDummy":false,"latlng":{"lat":313.94176317155734,"lng":299.457427934953}},{"id":35,"description":"Brazilwood","values":{"Info":"Brazilwood produces beautiful red colours. If it is exposed to too much light it will fade to a reddish brown.","Textile_Appliance":"-2","Color_quality":"-4","Health":"5","Water_Consumption":"-2.5","Landfill_Exploitation":"-2.5","Cost":"-3"},"imguri":"","layers":"Main","isDummy":false,"latlng":{"lat":256.59398172306135,"lng":265.2912013624028}},{"id":38,"description":"Madder","values":{"Info":"Madder roots produce a variety of reds including orange reds, brick red, blood red and fiery reds. Pestisides may be used for its production.","Textile_Appliance":"-2.5","Color_quality":"-1","Health":"2","Water_Consumption":"-2.5","Landfill_Exploitation":"-2.5","Cost":"-2"},"imguri":"","layers":"Main","isDummy":false,"latlng":{"lat":197.23925443433052,"lng":266.2959197771716}},{"id":41,"description":"Weld","values":{"Info":"Weld produces a wide range of brilliant lemon yellows and greens. Textiles should be washed in cold water, as the dye is slightly soluble in hot water.","Textile_Appliance":"3","Color_quality":"-5","Health":"5","Water_Consumption":"-2.5","Landfill_Exploitation":"-2.5","Cost":"-2.5"},"imguri":"","layers":"Main","isDummy":false,"latlng":{"lat":143.89540650908378,"lng":301.4684691499233}},{"id":44,"description":"Synthetic Acid Dye","values":{"Info":"Acid dyes are applied on wool, silk and nylon. Overall wash fastness is poor although light fastness is quite good. ","Textile_Appliance":"5","Color_quality":"5","Health":"-3","Water_Consumption":"5","Landfill_Exploitation":"4","Cost":"2.5"},"imguri":"","layers":"Main","isDummy":false,"latlng":{"lat":331.02207705852175,"lng":543.6309070333388}},{"id":47,"description":"Synthetic Reactive Dye","values":{"Info":"Reactive dyes have good fastness properties and are most commonly used in dyeing of cellulose like cotton or flaxwool and nylon.Reactive dyes have good fastness properties","Textile_Appliance":"2.5","Color_quality":"5","Health":"-5","Water_Consumption":"5","Landfill_Exploitation":"4","Cost":"5"},"imguri":"","layers":"Main","isDummy":false,"latlng":{"lat":236.45753208123543,"lng":566.7497973712019}},{"id":50,"description":"Synthetic Vat Dye","values":{"Info":"Vat dyes are a class of dyes that are classified as such because of the method by which they are applied. Vat dyeing is a process that refers to dyeing that takes place in a bucket or vat. The original vat dye is indigo, once obtained only from plants but now often produced synthetically. The vat dyes have high color fastness, which is uncommon in other dye classes.","Textile_Appliance":"-3","Color_quality":"5","Health":"-2.5","Water_Consumption":"5","Landfill_Exploitation":"4","Cost":"2.5"},"imguri":"","layers":"Main","isDummy":false,"latlng":{"lat":130.8144997102689,"lng":542.629520803699}}]