<xml xmlns="http://www.w3.org/1999/xhtml"><block type="controls_if" id="pn!T)mLm1KbI[-@yb{Ey" x="242" y="128"><value name="IF0"><block type="logic_operation" id=".~2oIB(XPDup?_NL#`b."><field name="OP">AND</field><value name="A"><block type="logic_compare" id="vbqMn`AN}Wr6_My+|2xu"><field name="OP">GT</field><value name="A"><block type="movescounter" id="}+cGDa|G^r:T~E@%`p_,"></block></value><value name="B"><block type="math_number" id="@Rm?ds}F2%xkC[x((u8V"><field name="NUM">3</field></block></value></block></value><value name="B"><block type="logic_compare" id="v|X[D@{w:eIqHls+CcCb"><field name="OP">LT</field><value name="A"><block type="singleVar" id="TMedzR63]~RVL%%kOJ[#"><field name="varName">Textile_Appliance</field></block></value><value name="B"><block type="math_number" id="xoxhIUyrQy%Cycu{@A-%"><field name="NUM">12</field></block></value></block></value></block></value><statement name="DO0"><block type="popup" id="r~B5.i|zq:,0Je+}hCuu"><field name="popuptext">The dyes you have selected can not applied on many types of textile. </field></block></statement><next><block type="controls_if" id="0a)kyyg2^^*rXW-pHMl/"><value name="IF0"><block type="logic_compare" id=",KlaXQI3/1IWt._@Dh2D"><field name="OP">LT</field><value name="A"><block type="singleVar" id="qX5hr0QDfrvZ.P!X+?YE"><field name="varName">Color_quality</field></block></value><value name="B"><block type="math_number" id="{!)5cI:!Tg}1_fG{U1FE"><field name="NUM">-2</field></block></value></block></value><statement name="DO0"><block type="popup" id="N,C:U#0/1q.uD91?5Gck"><field name="popuptext">The dyes you have selected don't produce a wide range of colors  </field></block></statement><next><block type="controls_if" id="P{smCeyl`[,m8+6o#L.X"><value name="IF0"><block type="logic_compare" id="yppwEBUF(yL`DVQPCz3S"><field name="OP">LT</field><value name="A"><block type="singleVar" id="lg8z2e}y6k_TrEz6G@i+"><field name="varName">Health</field></block></value><value name="B"><block type="math_number" id="3`u9lfv}!RZZ%Hv[R[s1"><field name="NUM">-6</field></block></value></block></value><statement name="DO0"><block type="popup" id=")M|.;=aEEn3@g^?.[%u@"><field name="popuptext">You have to consider the impact of the dyes you use on health. The production of some natural dyes includes the use of pesticides and some synthetic dyes are carcinogenic. </field></block></statement><next><block type="controls_if" id="++s5m;umzBSV|C,yB0vY"><value name="IF0"><block type="logic_compare" id=",,C1NIXQ7g/g9GpQ^hQk"><field name="OP">LT</field><value name="A"><block type="singleVar" id="[SnAU95TqC+%WC1R0;CG"><field name="varName">Water_Consumption</field></block></value><value name="B"><block type="math_number" id="cq7KBwFp_{^Yl^0Ho[h/"><field name="NUM">-5</field></block></value></block></value><statement name="DO0"><block type="popup" id="b4z;q6ZX;X2(#Uu.j;!H"><field name="popuptext">Natural dyes come from big plantations whose care requires a lot of water.</field></block></statement><next><block type="controls_if" id="j!aH6_HC;mbztfkPSRqe"><value name="IF0"><block type="logic_compare" id="+2sFv^Xf#L9UD+P{m?oM"><field name="OP">LT</field><value name="A"><block type="singleVar" id="7r]8,%pYvQP1M(2o^w83"><field name="varName">Landfill_Exploitation</field></block></value><value name="B"><block type="math_number" id="Z_]%i]8jQDpOF].)+G!h"><field name="NUM">-5</field></block></value></block></value><statement name="DO0"><block type="popup" id="sAxefbg!yr?*r7{5hrDL"><field name="popuptext">While natural dye sources are renewable, sustainability can still be an issue for natural dyes because producing them require vast areas of land.</field></block></statement><next><block type="controls_if" id="-RX,3Oy|HG/@*=rOKz8-"><value name="IF0"><block type="logic_compare" id="hkT3Y8[*%D9.({C!mQMm"><field name="OP">LT</field><value name="A"><block type="singleVar" id="I=@cUp?4~~d{ofLBQtx["><field name="varName">Cost</field></block></value><value name="B"><block type="math_number" id="~eE6D)`|xyU]#mj_.9zg"><field name="NUM">-7</field></block></value></block></value><statement name="DO0"><block type="popup" id="jUkl#3-%Q=3[)6e@-ud1"><field name="popuptext">Be careful! You are running out of money.</field></block></statement></block></next></block></next></block></next></block></next></block></next></block></xml>