<xml xmlns="http://www.w3.org/1999/xhtml"><block type="controls_if" id="B2NAnY_QUv8}-cv4K*,*" x="-304" y="-814"><value name="IF0"><block type="logic_compare" id="-WPiV,u@ktYSSMo9W{`m"><field name="OP">LT</field><value name="A"><block type="singleVar" id="Q~ZfP-5z![R5fU`3qq3Z"><field name="varName">Textile_Appliance</field></block></value><value name="B"><block type="math_number" id="v3P/hFS7/4Y=K+:/y(Sg"><field name="NUM">-15</field></block></value></block></value><statement name="DO0"><block type="popup" id="NnUF1nX}~bpgNkAnXFkw"><field name="popuptext">The products you use are not suitable for the textile substrates! You lost...</field><next><block type="gameover" id="24/^[LkWkQy7UOW`dg:6"></block></next></block></statement><next><block type="controls_if" id="aY2EB*QS:[H%s!s4h|RD"><value name="IF0"><block type="logic_compare" id="PPA,(DEyHw8-4(}/yl8O"><field name="OP">LT</field><value name="A"><block type="singleVar" id="ROOxA)p83_GDO~SLVGG="><field name="varName">Color_quality</field></block></value><value name="B"><block type="math_number" id="kST+rdm]B6R+y|rFkC,~"><field name="NUM">-15</field></block></value></block></value><statement name="DO0"><block type="popup" id="ROXVT[xOz40h6LmMk/L;"><field name="popuptext">The color quality of your products is not good...</field><next><block type="gameover" id="f=HvR#*P8%E:h}78v|/-"></block></next></block></statement><next><block type="controls_if" id="pJA0X~Up_Q|imnT?9MPb"><value name="IF0"><block type="logic_compare" id="_BX8c-EKKt~@.sJM:Ilo"><field name="OP">LT</field><value name="A"><block type="singleVar" id="%ac8r{T%:I^m3h(*PgL."><field name="varName">Health</field></block></value><value name="B"><block type="math_number" id="t57I0WG[D-!:+-]-^pla"><field name="NUM">-15</field></block></value></block></value><statement name="DO0"><block type="popup" id="^:4YtGkDG.3Zo*e7@]Z6"><field name="popuptext">Your choices were not healthy...</field><next><block type="gameover" id="I?n]u2:?EZF#W@-;BUsr"></block></next></block></statement><next><block type="controls_if" id="w640YKnlY;SUf~[PM3t4"><value name="IF0"><block type="logic_compare" id="l9[78O!4q5u7mZ8QHplH"><field name="OP">LT</field><value name="A"><block type="singleVar" id="AJ`Tn,F24/.!yVu#aa)W"><field name="varName">Water_Consumption</field></block></value><value name="B"><block type="math_number" id="WQiTksacr2N?2[t.zjQC"><field name="NUM">-15</field></block></value></block></value><statement name="DO0"><block type="popup" id="-qia)Sf~Rj+?w_M_?T^N"><field name="popuptext">You should take more care about environmental sustainability issues...</field><next><block type="gameover" id="zV,@ynK63I++{A^Z(Brm"></block></next></block></statement><next><block type="controls_if" id="~}KCYZ=mAkl8%-/IZ^{O"><value name="IF0"><block type="logic_compare" id="IHBm@)c`Atv!yDB=n)qw"><field name="OP">LT</field><value name="A"><block type="singleVar" id="c3mu?62+G([lR#H`#N^t"><field name="varName">Landfill_Exploitation</field></block></value><value name="B"><block type="math_number" id="3#=s#(t#P:#Hz*vXfuEb"><field name="NUM">-15</field></block></value></block></value><statement name="DO0"><block type="popup" id="g]0/@(wz!50fz1-X{Mc5"><field name="popuptext">You should take more care about environmental sustainability issues...</field><next><block type="gameover" id="w6{p%OKAG)ppmvi*R0Nj"></block></next></block></statement><next><block type="controls_if" id="dYMHvT;/9-[iw]lryA|2"><value name="IF0"><block type="logic_compare" id=",9meR~PH-D%OM4x?`BfH"><field name="OP">GTE</field><value name="A"><block type="movescounter" id="8hWKjTXGNU-Cii0YJl/1"></block></value><value name="B"><block type="math_number" id="L)E2Fo3zIZ`WT1t+Vpgw"><field name="NUM">15</field></block></value></block></value><statement name="DO0"><block type="controls_if" id="oUgd{3K~U[F@#aF]}ygA"><value name="IF0"><block type="logic_operation" id="6;y~wp[YMavK/;;eT}/p"><field name="OP">AND</field><value name="A"><block type="logic_operation" id="Qo3AAI-?_A|.lXLW9@Ap"><field name="OP">AND</field><value name="A"><block type="logic_compare" id="^1SQ#x.m]d)nmfmWM%W/"><field name="OP">GT</field><value name="A"><block type="singleVar" id="MJAi;]zcNCrpqGb4F~1Q"><field name="varName">Textile_Appliance</field></block></value><value name="B"><block type="math_number" id="NFJ3(/t#k5/f?[-bC43|"><field name="NUM">0</field></block></value></block></value><value name="B"><block type="logic_compare" id="SJb+1#s1Ws@jKUJYVG0)"><field name="OP">GT</field><value name="A"><block type="singleVar" id="`;Et.DG#`dza%(K9xai4"><field name="varName">Color_quality</field></block></value><value name="B"><block type="math_number" id="X2fhiOANZ_=ie4qi/[{^"><field name="NUM">0</field></block></value></block></value></block></value><value name="B"><block type="logic_operation" id="kV-/)BzC9;GyjK{+30OD"><field name="OP">AND</field><value name="A"><block type="logic_compare" id="9~yvR~B5+++aY_;;~G?g"><field name="OP">GT</field><value name="A"><block type="singleVar" id="VQ%oCXvz:4oJYgps=usE"><field name="varName">Health</field></block></value><value name="B"><block type="math_number" id="/IAHVRxlS2RRsGSHIG8k"><field name="NUM">0</field></block></value></block></value><value name="B"><block type="logic_operation" id="y#|rTo_4#{nsre`7`ZJ%"><field name="OP">AND</field><value name="A"><block type="logic_compare" id="w{;Xazc?+DvKOZ-TL9^p"><field name="OP">GT</field><value name="A"><block type="singleVar" id="eoz4:?aD)XPIC^8qf3n#"><field name="varName">Water_Consumption</field></block></value><value name="B"><block type="math_number" id="HiBKhS|N=tzA)zW5u^SB"><field name="NUM">0</field></block></value></block></value><value name="B"><block type="logic_operation" id="~Q%HOA1.3IBbdz6!i0~r"><field name="OP">AND</field><value name="A"><block type="logic_compare" id="]0Q5m*Gnd+Yim]hBI|dB"><field name="OP">GT</field><value name="A"><block type="singleVar" id="_0k,L8cZj_#%h~^fRfpJ"><field name="varName">Landfill_Exploitation</field></block></value><value name="B"><block type="math_number" id="PU`YGGs=dl:BWYMSI+Jt"><field name="NUM">0</field></block></value></block></value><value name="B"><block type="logic_compare" id="DapX_--]Dr9jXI#;1L(V"><field name="OP">GTE</field><value name="A"><block type="singleVar" id="0B~/!eeTz5gJD`-@?.8r"><field name="varName">Cost</field></block></value><value name="B"><block type="math_number" id=":~~U7*-O#?qGQa[S=O9u"><field name="NUM">0</field></block></value></block></value></block></value></block></value></block></value></block></value><statement name="DO0"><block type="popup" id="[XMzb=tiZEwjnqR(]mUV"><field name="popuptext">Great! You used the available types of dies in a balanced way protecting our health and considering the environmental impact, retaining the color quality of the textile products. It seems that the visit in the “Discover” continent is going really well for you! Your experience has made you capable of understanding existing challenges so that you can make adequate decisions.</field><next><block type="gameover" id="MLR/6i}9oB6st5-+BGN}"></block></next></block></statement><next><block type="controls_if" id=")bX7N5QRjAiABQ0)m6x}"><value name="IF0"><block type="logic_operation" id="C(_9Ggbd,#%`76#i:Ir3"><field name="OP">AND</field><value name="A"><block type="logic_operation" id="}^i=7SMxC^E%*XTXngUC"><field name="OP">AND</field><value name="A"><block type="logic_compare" id="K;8Mej(wOfvDqw=Ydf#H"><field name="OP">GT</field><value name="A"><block type="singleVar" id=")3E|)%A2wp^Fj,tpVXZ0"><field name="varName">Textile_Appliance</field></block></value><value name="B"><block type="math_number" id="@%tp4g(PANe.9h~8,6/l"><field name="NUM">-5</field></block></value></block></value><value name="B"><block type="logic_compare" id="Y2-TVb04:E9YS``KtQ%^"><field name="OP">GT</field><value name="A"><block type="singleVar" id="ifQkG)NCXrV)AeWB#w7W"><field name="varName">Color_quality</field></block></value><value name="B"><block type="math_number" id="pANssisbi:9MWNQ#37|k"><field name="NUM">-5</field></block></value></block></value></block></value><value name="B"><block type="logic_operation" id="ij^nteRW^XuWxBcRY_OZ"><field name="OP">AND</field><value name="A"><block type="logic_compare" id="B=uck*Uw[y*[c{~S9lk="><field name="OP">LT</field><value name="A"><block type="singleVar" id="w%}?X%Xe#!~|iaUTm7|t"><field name="varName">Health</field></block></value><value name="B"><block type="math_number" id="444xqfGHKkXV]5s?X36*"><field name="NUM">-5</field></block></value></block></value><value name="B"><block type="logic_operation" id="u.#oL,~t=cBVbDqu%_tw"><field name="OP">AND</field><value name="A"><block type="logic_compare" id="d!aRnS+~Ns`,`-F|:Vv5"><field name="OP">LT</field><value name="A"><block type="singleVar" id=":Y+o6i]t8|zwj65~9yFu"><field name="varName">Water_Consumption</field></block></value><value name="B"><block type="math_number" id="Tm:;JN?}Zdx5Vg~,*YB)"><field name="NUM">-5</field></block></value></block></value><value name="B"><block type="logic_operation" id="j9FB^%Iivz_DQ)mX[%,Y"><field name="OP">AND</field><value name="A"><block type="logic_compare" id="r%Y10xqMTkCBC}~xg*9R"><field name="OP">LT</field><value name="A"><block type="singleVar" id="|kP2[R?T1Pxm8SN-[WUG"><field name="varName">Landfill_Exploitation</field></block></value><value name="B"><block type="math_number" id="7l0r]PKsXq4|Eevnx.;h"><field name="NUM">-5</field></block></value></block></value><value name="B"><block type="logic_compare" id="/p8X(=}+G6|+N=+Z)},."><field name="OP">GTE</field><value name="A"><block type="singleVar" id="#2ZFU0{Hu:nWtY!t;SY3"><field name="varName">Cost</field></block></value><value name="B"><block type="math_number" id="U~Vu2CS.p(Ytz7MTxuD:"><field name="NUM">-5</field></block></value></block></value></block></value></block></value></block></value></block></value><statement name="DO0"><block type="popup" id="+U,NG3jC/m+*S)9),ZoV"><field name="popuptext">The dyes you have selected have a great impact on the quality of the color and can be applied in a variety of textiles. But, you did not consider enough the environmental impact of your choices. Keep exploring the “Discover” continent to set your project’s criteria requires a better understanding of the challenges! Try again!</field><next><block type="gameover" id="M%Hi,RF9biGt%6/[^vv4"></block></next></block></statement><next><block type="controls_if" id="Ah1Y1B~KN[PmJjEoG4Il"><value name="IF0"><block type="logic_operation" id="81a8?x7Uk0_5P,s?sMFX"><field name="OP">AND</field><value name="A"><block type="logic_compare" id="xlhEfQwccQ{=2iIVNFz^"><field name="OP">LT</field><value name="A"><block type="singleVar" id="qsQB7%G@67U~|vr@L-ei"><field name="varName">Health</field></block></value><value name="B"><block type="math_number" id="Yr`Dl1019*`+Ube8F7{{"><field name="NUM">0</field></block></value></block></value><value name="B"><block type="logic_operation" id="!{9=Y[ghq9|yx3FK=Wmx"><field name="OP">AND</field><value name="A"><block type="logic_compare" id="@}vY[NARx/EOI7[SU_6D"><field name="OP">LT</field><value name="A"><block type="singleVar" id="#^}SlANR98@eg%4HdGI="><field name="varName">Water_Consumption</field></block></value><value name="B"><block type="math_number" id="`vWVw5jUf@Ao5_A[aO=P"><field name="NUM">0</field></block></value></block></value><value name="B"><block type="logic_compare" id="v_N*b%xCwnSPzF;6_=FW"><field name="OP">LT</field><value name="A"><block type="singleVar" id=".K:LE+}iMHK^9c##]3W9"><field name="varName">Landfill_Exploitation</field></block></value><value name="B"><block type="math_number" id="d+SekYlvb^1wtEc0s/Fg"><field name="NUM">0</field></block></value></block></value></block></value></block></value><statement name="DO0"><block type="popup" id="?%gQh+-~!n=1*4bsai[`"><field name="popuptext">You did not consider enough the environmental impact of your choices. Keep exploring the “Discover” continent to set your project’s criteria requires a better understanding of the challenges! Try again!</field><next><block type="gameover" id="20PLgJ)pYjdziB`z99E9"></block></next></block></statement><next><block type="controls_if" id="GLM](l+V+znc{nqr|3g-"><value name="IF0"><block type="logic_compare" id="[S:u5,s@{7Yft(Mom-Da"><field name="OP">LT</field><value name="A"><block type="singleVar" id="v`?S)yr=kO,dHW-A3bbz"><field name="varName">Cost</field></block></value><value name="B"><block type="math_number" id="yK4F!^;LW7RX4H|rXGr."><field name="NUM">-12</field></block></value></block></value><statement name="DO0"><block type="popup" id="1t|MI#UNeT{[LUpTmLfx"><field name="popuptext">You run out of money!Try again!</field><next><block type="gameover" id="+s*)FN[a:|(W2%Mjw+OW"></block></next></block></statement><next><block type="controls_if" id="#!|kxZjlj3l/bPLs;YhJ"><value name="IF0"><block type="logic_compare" id="}s3!Qd%DFIfw@%7nvF5k"><field name="OP">LT</field><value name="A"><block type="singleVar" id="8tla#(ib{=L+!eawxAT}"><field name="varName">Health</field></block></value><value name="B"><block type="math_number" id="Xg~_:YNN,r/@}.wzUwl@"><field name="NUM">-10</field></block></value></block></value><statement name="DO0"><block type="popup" id="-;c*Ji#OLJ|X7alw)).@"><field name="popuptext">The dyes you used cause severe health problems. Try again considering more the impact of the different types of dye on health.</field><next><block type="gameover" id="de2a7{O%qYX(Kr;+jjL9"></block></next></block></statement><next><block type="controls_if" id="^_WA5Kod?s0v?TAA9`[s"><value name="IF0"><block type="logic_operation" id="ceLDt0gEB:ssA9bZjyLa"><field name="OP">AND</field><value name="A"><block type="logic_compare" id="awzeKpiEI0.?Y|:oOktT"><field name="OP">LT</field><value name="A"><block type="singleVar" id="4t=}.^:mThO75(8q+=n_"><field name="varName">Water_Consumption</field></block></value><value name="B"><block type="math_number" id="VddVOA}c*yq1M6W+~mj7"><field name="NUM">-10</field></block></value></block></value><value name="B"><block type="logic_compare" id="DVMo*n{n:CPbO-i_:wi+"><field name="OP">LT</field><value name="A"><block type="singleVar" id="(rVajK,T+Z,!!fMxwe3p"><field name="varName">Landfill_Exploitation</field></block></value><value name="B"><block type="math_number" id="K?!8F]#dLmKTrVp?C0*K"><field name="NUM">-10</field></block></value></block></value></block></value><statement name="DO0"><block type="popup" id="mKpZ~nsO,3Z9P?7ncXpp"><field name="popuptext"> Natural dyes may seem an environmentally friendly choice but  water waste and land exploitation issues still raise sustainability issues. Try again.</field><next><block type="gameover" id="!PO@fH%fszb;X7]#B5;K"></block></next></block></statement></block></next></block></next></block></next></block></next></block></next></block></statement></block></next></block></next></block></next></block></next></block></next></block></xml>