<xml xmlns="http://www.w3.org/1999/xhtml"><block type="initialvalues" id="7%pi|u/wU`(M`t7@0~7Z" x="200" y="122"><statement name="Initial Values"><block type="initialValue" id="id1"><field name="varName">Info</field><value name="varVal"><block type="math_number" id="var1"><field name="NUM">0</field></block></value><next><block type="initialValue" id="id2"><field name="varName">Textile_Appliance</field><value name="varVal"><block type="math_number" id="var2"><field name="NUM">0</field></block></value><next><block type="initialValue" id=")4QD*BA}iTKcikl3+%ln"><field name="varName">Color_quality</field><value name="varVal"><block type="math_number" id="6LHCq#Yj7i:=[=u9Cb)n"><field name="NUM">0</field></block></value><next><block type="initialValue" id="u,1HtKEdJ%yeZd.t+}rM"><field name="varName">Health</field><value name="varVal"><block type="math_number" id="u4pg1lvbd79Qoc#=*YMH"><field name="NUM">0</field></block></value><next><block type="initialValue" id=")AJoLGz^8m_1N`D_Br;d"><field name="varName">Water_Consumption</field><value name="varVal"><block type="math_number" id="Cg/7`D3s^c/;dRVB%6)N"><field name="NUM">0</field></block></value><next><block type="initialValue" id="~*fDU8y#`|YRJ:.pAM33"><field name="varName">Landfill_Exploitation</field><value name="varVal"><block type="math_number" id="BWS5a=Kn4gxB[8ZAPfZs"><field name="NUM">0</field></block></value><next><block type="initialValue" id="gZ=XQ2Q^8(!~EL;y,TE@"><field name="varName">Cost</field><value name="varVal"><block type="math_number" id="]tzop]L|*f`V1165cZ2)"><field name="NUM">0</field></block></value></block></next></block></next></block></next></block></next></block></next></block></next></block></statement></block></xml>