[{"id":38,"description":"Travel/Tourism","values":{"Environmental_Impact":{"type":"mul","num":"1.2"},"Financial_Results":{"type":"mul","num":"1"},"Marketing":{"type":"mul","num":"1.2"},"Operation_Time":{"type":"mul","num":"0.8"},"Innovation":{"type":"mul","num":"1"},"Quality":{"type":"mul","num":"1"}},"imguri":"","layers":"Main","isDummy":false,"latlng":{"lat":292.15967943396555,"lng":132.73256382605692}},{"id":41,"description":"Health Industry","values":{"Environmental_Impact":{"type":"mul","num":"0.8"},"Financial_Results":{"type":"mul","num":"1"},"Marketing":{"type":"mul","num":"1"},"Operation_Time":{"type":"mul","num":"1.2"},"Innovation":{"type":"mul","num":"0.8"},"Quality":{"type":"mul","num":"1.2"}},"imguri":"","layers":"Main","isDummy":false,"latlng":{"lat":288.0447543715153,"lng":401.2876976143428}},{"id":44,"description":"Product Design","values":{"Environmental_Impact":{"type":"plus","num":"1"},"Financial_Results":{"type":"mul","num":"1"},"Marketing":{"type":"mul","num":"1.1"},"Operation_Time":{"type":"mul","num":"0.8"},"Innovation":{"type":"mul","num":"1.2"},"Quality":{"type":"mul","num":"1.1"}},"imguri":"","layers":"Main","isDummy":false,"latlng":{"lat":99.93389437379103,"lng":129.1367172492225}},{"id":47,"description":"Electronics","values":{"Environmental_Impact":{"type":"plus","num":"0.8"},"Financial_Results":{"type":"mul","num":"1"},"Marketing":{"type":"mul","num":"1"},"Operation_Time":{"type":"plus","num":"1"},"Innovation":{"type":"mul","num":"1.2"},"Quality":{"type":"mul","num":"1.2"}},"imguri":"","layers":"Main","isDummy":false,"latlng":{"lat":100.52174081128389,"lng":392.1220485149277}},{"id":50,"description":"Recycled Products","values":{"Environmental_Impact":{"type":"plus","num":"5"},"Financial_Results":{"type":"minus","num":"2"},"Marketing":{"type":"mul","num":"3"},"Operation_Time":{"type":"minus","num":"2"},"Innovation":{"type":"plus","num":"4"},"Quality":{"type":"plus","num":"1"}},"imguri":"","layers":"Choices","isDummy":false,"latlng":{"lat":321.55200130861,"lng":65.07784525067106}},{"id":51,"description":"Traditional products","values":{"Environmental_Impact":{"type":"plus","num":"-2"},"Financial_Results":{"type":"plus","num":"2"},"Marketing":{"type":"minus","num":"1"},"Operation_Time":{"type":"plus","num":"4"},"Innovation":{"type":"minus","num":"2"},"Quality":{"type":"plus","num":"3"}},"imguri":"","layers":"Choices","isDummy":false,"latlng":{"lat":316.38027366190283,"lng":240.51619452596364}},{"id":52,"description":"Organic Products","values":{"Environmental_Impact":{"type":"plus","num":"4"},"Financial_Results":{"type":"minus","num":"2"},"Marketing":{"type":"plus","num":"4"},"Operation_Time":{"type":"minus","num":"1"},"Innovation":{"type":"plus","num":"3"},"Quality":{"type":"plus","num":"4"}},"imguri":"","layers":"Choices","isDummy":false,"latlng":{"lat":317.04077527706335,"lng":441.94095846267334}},{"id":53,"description":"Bank","values":{"Environmental_Impact":{"type":"plus","num":"1"},"Financial_Results":{"type":"minus","num":"1"},"Marketing":{"type":"minus","num":"1"},"Operation_Time":{"type":"plus","num":"2"},"Innovation":{"type":"minus","num":"3"},"Quality":{"type":"plus","num":"1"}},"imguri":"","layers":"Choices","isDummy":false,"latlng":{"lat":172.39092155690318,"lng":69.90713362362743}},{"id":54,"description":"Crowdfunding","values":{"Environmental_Impact":{"type":"plus","num":"2"},"Financial_Results":{"type":"plus","num":"3"},"Marketing":{"type":"plus","num":"3"},"Operation_Time":{"type":"minus","num":"3"},"Innovation":{"type":"plus","num":"4"},"Quality":{"type":"minus","num":"1"}},"imguri":"","layers":"Choices","isDummy":false,"latlng":{"lat":171.7304199417426,"lng":249.99835531313576}},{"id":55,"description":"EU/State funding","values":{"Environmental_Impact":{"type":"plus","num":"1"},"Financial_Results":{"type":"plus","num":"3"},"Marketing":{"type":"minus","num":"2"},"Operation_Time":{"type":"minus","num":"1"},"Innovation":{"type":"minus","num":"1"},"Quality":{"type":"plus","num":"1"}},"imguri":"","layers":"Choices","isDummy":false,"latlng":{"lat":173.7119247872243,"lng":437.2025171169591}},{"id":56,"description":"Rural area","values":{"Environmental_Impact":{"type":"plus","num":"2"},"Financial_Results":{"type":"plus","num":"-2"},"Marketing":{"type":"minus","num":"3"},"Operation_Time":{"type":"plus","num":"1"},"Innovation":{"type":"plus","num":"1"},"Quality":{"type":"plus","num":"1"}},"imguri":"","layers":"Choices","isDummy":false,"latlng":{"lat":56.80313890380719,"lng":74.64334192883472}},{"id":57,"description":"Urban area","values":{"Environmental_Impact":{"type":"minus","num":"1"},"Financial_Results":{"type":"plus","num":"3"},"Marketing":{"type":"plus","num":"2"},"Operation_Time":{"type":"plus","num":"2"},"Innovation":{"type":"minus","num":"1"},"Quality":{"type":"plus","num":"1"}},"imguri":"","layers":"Choices","isDummy":false,"latlng":{"lat":52.84012921284389,"lng":257.10764136116677}},{"id":58,"description":"Online","values":{"Environmental_Impact":{"type":"plus","num":"4"},"Financial_Results":{"type":"plus","num":"4"},"Marketing":{"type":"plus","num":"2"},"Operation_Time":{"type":"minus","num":"1"},"Innovation":{"type":"plus","num":"3"},"Quality":{"type":"minus","num":"1"}},"imguri":"","layers":"Choices","isDummy":false,"latlng":{"lat":57.463640518967736,"lng":452.6062070586557}},{"id":59,"description":"QUALITY EXPERT","values":{"Environmental_Impact":{"type":"plus","num":"0"},"Financial_Results":{"type":"minus","num":"5"},"Marketing":{"type":"plus","num":"0"},"Operation_Time":{"type":"plus","num":"0"},"Innovation":{"type":"plus","num":"0"},"Quality":{"type":"plus","num":"5"}},"imguri":"","layers":"CARDS","isDummy":false,"latlng":{"lat":322.32478819834773,"lng":121.42240723116562}},{"id":60,"description":"BEAURECRACY FREE PASS","values":{"Environmental_Impact":{"type":"plus","num":"0"},"Financial_Results":{"type":"plus","num":"5"},"Marketing":{"type":"plus","num":"0"},"Operation_Time":{"type":"plus","num":"5"},"Innovation":{"type":"plus","num":"0"},"Quality":{"type":"plus","num":"0"}},"imguri":"","layers":"CARDS","isDummy":false,"latlng":{"lat":108.98276650149052,"lng":415.9034854957738}},{"id":61,"description":"RENEWABLE ENERGY CARD","values":{"Environmental_Impact":{"type":"plus","num":"5"},"Financial_Results":{"type":"plus","num":"5"},"Marketing":{"type":"plus","num":"0"},"Operation_Time":{"type":"minus","num":"5"},"Innovation":{"type":"plus","num":"0"},"Quality":{"type":"plus","num":"0"}},"imguri":"","layers":"CARDS","isDummy":false,"latlng":{"lat":319.6827817377055,"lng":425.8965977254194}},{"id":62,"description":"BRAINSTORMING","values":{"Environmental_Impact":{"type":"plus","num":"0"},"Financial_Results":{"type":"plus","num":"0"},"Marketing":{"type":"plus","num":"0"},"Operation_Time":{"type":"plus","num":"0"},"Innovation":{"type":"plus","num":"5"},"Quality":{"type":"plus","num":"0"}},"imguri":"","layers":"CARDS","isDummy":false,"latlng":{"lat":94.45173096795847,"lng":120.82071314263811}}]