<xml xmlns="http://www.w3.org/1999/xhtml"><block type="initialvalues" id="7%pi|u/wU`(M`t7@0~7Z" x="55" y="15"><statement name="Initial Values"><block type="initialValue" id="nE29=]H[!gRoB:rumx!`"><field name="varName">Environmental_Impact</field><value name="varVal"><block type="math_number" id="Q[@%j!IGG4%.-GZYGfyf"><field name="NUM">1</field></block></value><next><block type="initialValue" id="5`S,-:}PBhNl!GQx%3u%"><field name="varName">Financial_Results</field><value name="varVal"><block type="math_number" id="m;2H4!+5-FpmLS},uQ*h"><field name="NUM">1</field></block></value><next><block type="initialValue" id=":E#@(KWi~rNBbOvPHYef"><field name="varName">Innovation</field><value name="varVal"><block type="math_number" id="1f@Cd`oJ=9eh]KaU{rrN"><field name="NUM">1</field></block></value><next><block type="initialValue" id="+9TU-P}iS=odp;`W}lf("><field name="varName">Operation_Time</field><value name="varVal"><block type="math_number" id="var2"><field name="NUM">1</field></block></value><next><block type="initialValue" id="3+DRtB+G2h[?s|N2aK.5"><field name="varName">Quality</field><value name="varVal"><block type="math_number" id=")S`vSMOoMgz{w-qU4_W2"><field name="NUM">1</field></block></value><next><block type="initialValue" id="c`PlR}lzo_)CUB#a!Mdi"><field name="varName">Marketing</field><value name="varVal"><block type="math_number" id="!.Cfg^iGFhp8[7]oU/D;"><field name="NUM">1</field></block></value></block></next></block></next></block></next></block></next></block></next></block></statement></block></xml>