<xml xmlns="http://www.w3.org/1999/xhtml"><block type="controls_if" id="1QYo.%92#JN5Wi(j*`I+" x="81" y="-48"><value name="IF0"><block type="logic_operation" id="Y|@)J%XES)#Gnss-;s.:"><field name="OP">OR</field><value name="A"><block type="logic_operation" id="uHEqQT%4ata,]K_[u@X#"><field name="OP">OR</field><value name="A"><block type="current_point_check" id="P+g9{w}_o%aXhR+PK5d*"><field name="pointsNames">Travel/Tourism</field></block></value><value name="B"><block type="current_point_check" id="Z#gPy?j93N5|#Rsjtg,,"><field name="pointsNames">Health Industry</field></block></value></block></value><value name="B"><block type="logic_operation" id="IcR9/C;I_via,VveOVPs"><field name="OP">OR</field><value name="A"><block type="current_point_check" id="TG*W{6(5|6TK3p|).8eD"><field name="pointsNames">Product Design</field></block></value><value name="B"><block type="current_point_check" id="e%!.N)q6%or7s}HR~:hk"><field name="pointsNames">Electronics</field></block></value></block></value></block></value><statement name="DO0"><block type="change_layer" id="BSJH*%CPc{`@xt?@!rQ6"><field name="layersNames">Choices</field><next><block type="popup" id="~I3M:=-g_[fSer1ya}0|"><field name="popuptext">Choose Supplier, funding option and location for your company. Select one option by each line.</field></block></next></block></statement><next><block type="controls_if" id="Zb%7omD]r@]fQST/}O+O"><value name="IF0"><block type="logic_compare" id=":58A(sek]w8BJQ5R4Zrx"><field name="OP">EQ</field><value name="A"><block type="movescounter" id="rh|aZPA!](-|P9:4Y]R?"></block></value><value name="B"><block type="math_number" id="Is6ryi`7#nZpfqUs=mK2"><field name="NUM">4</field></block></value></block></value><statement name="DO0"><block type="change_layer" id="#a?K+F=F%S7[!CYtOO0*"><field name="layersNames">CARDS</field></block></statement><next><block type="controls_if" id="^=KmCdMV_hZ2J;gfm5}F"><value name="IF0"><block type="logic_operation" id="m{;!u;QAsC]ZBEsEnWXg"><field name="OP">AND</field><value name="A"><block type="logic_compare" id="}!p2y-^KGOZe89s8vg7y"><field name="OP">GT</field><value name="A"><block type="movescounter" id="m_,-:BXH_B3UGPZ.{F~j"></block></value><value name="B"><block type="math_number" id="vlq^W2ufJb7fwgMX`~/*"><field name="NUM">8</field></block></value></block></value><value name="B"><block type="logic_compare" id="i{;}k8MzqHp%wO(mh?5D"><field name="OP">LT</field><value name="A"><block type="singleVar" id=";GM:`F#lqb95rb5zY1h8"><field name="varName">Innovation</field></block></value><value name="B"><block type="math_number" id="M}i8GA}:uhhGJIr@X_Dg"><field name="NUM">5</field></block></value></block></value></block></value><statement name="DO0"><block type="popup" id="eVfa6QIB@r2BK!m_UE^Q"><field name="popuptext">Try to be more innovative.</field></block></statement><next><block type="controls_if" id="]V3n8rmr`X*pH-TCbz?6"><value name="IF0"><block type="logic_operation" id="_`{,#[tex`iUaj6gJDM9"><field name="OP">AND</field><value name="A"><block type="logic_compare" id="Y?24=Ia~:J+tZ5jjta]["><field name="OP">GTE</field><value name="A"><block type="movescounter" id="OCAu~ZhWP5#j];,.fy6s"></block></value><value name="B"><block type="math_number" id="kUA?@*9!=3`MY!*K7(tD"><field name="NUM">8</field></block></value></block></value><value name="B"><block type="logic_compare" id="N=UhSG9!^NP(hYJOfMxK"><field name="OP">LTE</field><value name="A"><block type="singleVar" id="7TAzK#KqM?;-yO;X4h?I"><field name="varName">Environmental_Impact</field></block></value><value name="B"><block type="math_number" id="[w/;3;rv7yN]N7tRm|:s"><field name="NUM">15</field></block></value></block></value></block></value><statement name="DO0"><block type="popup" id=")0~xrC77bq+@|Q^*EA8w"><field name="popuptext">Your business has to be more environmentally friendly.</field></block></statement><next><block type="controls_if" id="gO2wwe7=f13C/Ic--`FA"><value name="IF0"><block type="logic_operation" id="I:#iCB~7q6LAPXI}@?0,"><field name="OP">AND</field><value name="A"><block type="logic_compare" id="FJT6+(R4(T+n#%wlcf}`"><field name="OP">GT</field><value name="A"><block type="movescounter" id="m[5[/dv7*+sr/_H-[^H7"></block></value><value name="B"><block type="math_number" id="sq|Sc!},O}ZuWYv~!U8g"><field name="NUM">8</field></block></value></block></value><value name="B"><block type="logic_compare" id="?V8k/YEbb7msGZTa7rU7"><field name="OP">LT</field><value name="A"><block type="singleVar" id="[5zyeMk(-MAy5K}APd9/"><field name="varName">Operation_Time</field></block></value><value name="B"><block type="math_number" id=",OV4j`VjY^VM2fa[J-v("><field name="NUM">0</field></block></value></block></value></block></value><statement name="DO0"><block type="popup" id="CXi)Nc3X#y5W[nn.l3Jg"><field name="popuptext">Make choices that will save you more time.</field></block></statement></block></next></block></next></block></next></block></next></block></xml>