[{"id":555,"description":"Bakery","values":{"Joy":"0","Money":"0","Health":"0","Hunger":"4","Thoughts":"Oh! What smells so great?? "},"imguri":"","layers":"Main","latlng":{"lat":-3.5682545325275328,"lng":11.000504326581051}},{"id":558,"description":"Fast food","values":{"Joy":"0","Money":"0","Health":"0","Hunger":"6","Thoughts":"Fast and cheap choice! I also love burgers!"},"imguri":"","layers":"Main","latlng":{"lat":1.5,"lng":-49}},{"id":561,"description":"House of Granny","values":{"Joy":"0","Money":"15","Health":"0","Hunger":"7","Thoughts":"I like going to my grandma's house"},"imguri":"","layers":"Main","latlng":{"lat":-106.73115335051546,"lng":99.60074998541506}},{"id":564,"description":"Italian Restaurant","values":{"Joy":"0","Money":"0","Health":"0","Hunger":"5","Thoughts":"Pizza Italiana! Yum!"},"imguri":"","layers":"Main","latlng":{"lat":87.6927449009065,"lng":-61.60237378753348}},{"id":567,"description":"Pasta","values":{"Joy":"3","Money":"-10","Health":"1","Hunger":"-4","Thoughts":""},"imguri":"","layers":"Menu","latlng":{"lat":49,"lng":-106.5}},{"id":568,"description":"Salad","values":{"Joy":"-3","Money":"-6","Health":"3","Hunger":"-2","Thoughts":""},"imguri":"","layers":"Menu","latlng":{"lat":43.5,"lng":-37.5}},{"id":569,"description":"Pizza","values":{"Joy":"4","Money":"-12","Health":"-3","Hunger":"-5","Thoughts":""},"imguri":"","layers":"Menu","latlng":{"lat":28.5,"lng":-109.5}},{"id":570,"description":"Soda","values":{"Joy":"4","Money":"-1","Health":"-4","Hunger":"2","Thoughts":""},"imguri":"","layers":"Menu","latlng":{"lat":43,"lng":96}},{"id":571,"description":"Cake","values":{"Joy":"5","Money":"-10","Health":"-4","Hunger":"-3","Thoughts":""},"imguri":"","layers":"Bakery","isDummy":false,"latlng":{"lat":-42.5,"lng":76.5}},{"id":572,"description":"Black Chocolate","values":{"Joy":"2","Money":"-5","Health":"1","Hunger":"-1","Thoughts":""},"imguri":"","layers":"Bakery","isDummy":false,"latlng":{"lat":-90.5,"lng":71.5}},{"id":573,"description":"Cookies","values":{"Joy":"3","Money":"-4","Health":"-2","Hunger":"-2","Thoughts":""},"imguri":"","layers":"Bakery","isDummy":false,"latlng":{"lat":-11,"lng":-119}},{"id":574,"description":"Burger","values":{"Joy":"6","Money":"-8","Health":"-4","Hunger":"-4","Thoughts":""},"imguri":"","layers":"Menu","latlng":{"lat":6,"lng":-109}},{"id":575,"description":"French Fries","values":{"Joy":"4","Money":"-3","Health":"-5","Hunger":"-2","Thoughts":""},"imguri":"","layers":"Menu","latlng":{"lat":44.5,"lng":17.5}},{"id":576,"description":"Cheese Pie","values":{"Joy":"3","Money":"-2","Health":"-2","Hunger":"-1","Thoughts":""},"imguri":"","layers":"Bakery","isDummy":false,"latlng":{"lat":54,"lng":-50}},{"id":577,"description":"Sandwich","values":{"Joy":"2","Money":"-6","Health":"-1","Hunger":"-3","Thoughts":""},"imguri":"","layers":"Bakery","isDummy":false,"latlng":{"lat":-75,"lng":-110.5}},{"id":578,"description":"Grill House","values":{"Joy":"0","Money":"0","Health":"0","Hunger":"7","Thoughts":"This is a good restaurant! We usually come here with my friends"},"imguri":"","layers":"Main","latlng":{"lat":-66.22476976315323,"lng":58.50031520411318}},{"id":581,"description":"Pork Chops","values":{"Joy":"4","Money":"-2","Health":"-3","Hunger":"-3","Thoughts":""},"imguri":"","layers":"Menu","latlng":{"lat":22,"lng":20}},{"id":582,"description":"Grilled Chicken","values":{"Joy":"2","Money":"-7","Health":"1","Hunger":"-4","Thoughts":""},"imguri":"","layers":"Menu","latlng":{"lat":-5.5,"lng":8.5}},{"id":583,"description":"Beef","values":{"Joy":"4","Money":"-8","Health":"1","Hunger":"-5","Thoughts":""},"imguri":"","layers":"Menu","latlng":{"lat":13.5,"lng":-44.5}},{"id":584,"description":"Beans","values":{"Joy":"-10","Money":"0","Health":"6","Hunger":"-2","Thoughts":""},"imguri":"","layers":"grandmother","latlng":{"lat":30.916664123535156,"lng":82.03333282470703}},{"id":585,"description":"Fish","values":{"Joy":"-7","Money":"0","Health":"4","Hunger":"-2","Thoughts":""},"imguri":"","layers":"grandmother","latlng":{"lat":22,"lng":146.5}},{"id":586,"description":"Brokoli","values":{"Joy":"-8","Money":"0","Health":"5","Hunger":"-1","Thoughts":""},"imguri":"","layers":"grandmother","isDummy":false,"latlng":{"lat":20.416664123535156,"lng":-169.96666717529297}},{"id":587,"description":"Exit","values":{"Joy":"0","Money":"0","Health":"0","Hunger":"0","Thoughts":"Its time to leave"},"imguri":"","layers":"Menu","isDummy":true,"latlng":{"lat":-70.234375,"lng":104.53125}},{"id":588,"description":"Exit","values":{"Joy":"0","Money":"0","Health":"0","Hunger":"0","Thoughts":"Lets go somewhere else"},"imguri":"","layers":"grandmother","isDummy":true,"latlng":{"lat":-76.234375,"lng":111.03125}},{"id":589,"description":"Exit","values":{"Joy":"0","Money":"0","Health":"0","Hunger":"0","Thoughts":"Exit the bakery"},"imguri":"","layers":"Bakery","isDummy":true,"latlng":{"lat":-7.5,"lng":119.5}}]