<xml xmlns="http://www.w3.org/1999/xhtml"><block type="initialvalues" id="+-yi*_Y?Z)fc*+9YUyh," x="91" y="46"><statement name="Initial Values"><block type="initialValue" id=";hJ_oiHOApwfg4`o%`CD"><field name="varName">Ενέργεια</field><value name="varVal"><block type="math_number" id="var2"><field name="NUM">50</field></block></value><next><block type="initialValue" id="nM.vvA6Q)DUSa2Yzu}+0"><field name="varName">Χρήματα</field><value name="varVal"><block type="math_number" id="Nq4ZW[ZA:RwH{ri:w9#G"><field name="NUM">500</field></block></value><next><block type="initialValue" id=".;m%C}o9bwMS:@sah@YW"><field name="varName">Κοινωνική_Ζωή</field><value name="varVal"><block type="math_number" id="mNAK4ndZJW~at6qwKhT#"><field name="NUM">40</field></block></value><next><block type="initialValue" id="rRfP=zJR)4BfBA!Q#1U3"><field name="varName">Υγεία</field><value name="varVal"><block type="math_number" id="qJuD3S7y?K{CDEJws@T_"><field name="NUM">3</field></block></value></block></next></block></next></block></next></block></statement></block></xml>