<xml xmlns="http://www.w3.org/1999/xhtml"><block type="controls_if" id="a(l?NobV6(vbS[G=!MSD" x="273" y="26"><value name="IF0"><block type="logic_compare" id=")#(wUQSJX%z[}})(@+cc"><field name="OP">LT</field><value name="A"><block type="singleVar" id="I^)RLXG|rIbk,Hu@{l,r"><field name="varName">Χρήματα</field></block></value><value name="B"><block type="math_number" id="0i9Ad_~]n%_=X8=b+=qj"><field name="NUM">0</field></block></value></block></value><statement name="DO0"><block type="popup" id="5^XDH}jzHv*ZZLF_?+9t"><field name="popuptext">Σου τελείωσαν τα χρήματα!</field><next><block type="sound" id="4(-C]AH|E3i^M+w;W|k]"><field name="NAME">lose</field><next><block type="gameover" id="TZOgPoE8,-8i%7wsj=~t"></block></next></block></next></block></statement><next><block type="controls_if" id="X[xQf)]!/gXdm1U0]~YU"><value name="IF0"><block type="logic_compare" id="d`d^[!@HA){7)g^0upBL"><field name="OP">LT</field><value name="A"><block type="singleVar" id="-}RR~z)Y{g3;g}~Q=HZ7"><field name="varName">Υγεία</field></block></value><value name="B"><block type="math_number" id="PghT[P-kMCAWBBbYTE6k"><field name="NUM">0</field></block></value></block></value><statement name="DO0"><block type="popup" id="|bSIn.!owk(jd1F)#%r7"><field name="popuptext">Η υγεία σου είναι πολύ κακή!</field><next><block type="sound" id="cB#VTkvzXVb/1CI~t)3L"><field name="NAME">lose2</field><next><block type="gameover" id="!GZoptNH}h?8}_vJ;bKg"></block></next></block></next></block></statement></block></next></block></xml>