[{"id":32,"description":"He","values":{"Air_Mass_Gram":{"type":"plus","num":"4"},"Volume_Liters":{"type":"plus","num":"22"},"Fun":{"type":"plus","num":"3"},"Comfort":"-4"},"imguri":"","layers":"Main","isDummy":false,"latlng":{"lat":41.998499533364964,"lng":300.98065734620116}},{"id":35,"description":"CO2","values":{"Air_Mass_Gram":{"type":"plus","num":"11"},"Volume_Liters":{"type":"plus","num":"6"},"Fun":{"type":"plus","num":"-3"},"Comfort":"5"},"imguri":"","layers":"Main","isDummy":false,"latlng":{"lat":41,"lng":382.3883883009256}},{"id":38,"description":"O2","values":{"Air_Mass_Gram":{"type":"plus","num":"6.8"},"Volume_Liters":{"type":"plus","num":"5"},"Fun":{"type":"plus","num":"1"},"Comfort":"2"},"imguri":"","layers":"Main","isDummy":false,"latlng":{"lat":33.40212505819346,"lng":74.1866796408126}},{"id":41,"description":"H","values":{"Air_Mass_Gram":{"type":"plus","num":"0.5"},"Volume_Liters":{"type":"plus","num":"5.5"},"Fun":{"type":"plus","num":"4"},"Comfort":"-5"},"imguri":"","layers":"Main","isDummy":false,"latlng":{"lat":42.998499533364964,"lng":173.3754931983931}},{"id":44,"description":"Ne","values":{"Air_Mass_Gram":{"type":"plus","num":"9.5"},"Volume_Liters":{"type":"plus","num":"11"},"Fun":{"type":"plus","num":"2"},"Comfort":"-1"},"imguri":"","layers":"Main","isDummy":false,"latlng":{"lat":45.5963744751715,"lng":127.98065734620104}},{"id":47,"description":"Ar","values":{"Air_Mass_Gram":{"type":"plus","num":"10"},"Volume_Liters":{"type":"plus","num":"6.11"},"Fun":{"type":"plus","num":"-2"},"Comfort":"4"},"imguri":"","layers":"Main","isDummy":false,"latlng":{"lat":44.99699906672993,"lng":247.3819407496594}},{"id":50,"description":"Valve1","values":{"Air_Mass_Gram":{"type":"plus","num":"-5"},"Volume_Liters":{"type":"plus","num":"-10"},"Fun":{"type":"rand","from":"-5","to":"5"},"Comfort":"1"},"imguri":"","layers":"Main","isDummy":false,"latlng":{"lat":35,"lng":477.3539708268636}},{"id":53,"description":"Valve2","values":{"Air_Mass_Gram":{"type":"plus","num":"-10"},"Volume_Liters":{"type":"plus","num":"-5"},"Fun":{"type":"rand","from":"-5","to":"5"},"Comfort":"1"},"imguri":"","layers":"Main","isDummy":false,"latlng":{"lat":25.60387680834674,"lng":562.1501511504639}},{"id":56,"description":"Valve3","values":{"Air_Mass_Gram":{"type":"plus","num":"-5"},"Volume_Liters":{"type":"plus","num":"-5"},"Fun":{"type":"rand","from":"-5","to":"5"},"Comfort":"1"},"imguri":"","layers":"Main","isDummy":false,"latlng":{"lat":22.20481369568435,"lng":633.9376736710926}},{"id":59,"description":"Valve4","values":{"Air_Mass_Gram":{"type":"plus","num":"-30"},"Volume_Liters":{"type":"plus","num":"-20"},"Fun":{"type":"rand","from":"-5","to":"5"},"Comfort":"1"},"imguri":"","layers":"Main","isDummy":false,"latlng":{"lat":26.403656030958956,"lng":712.1394052316869}},{"id":62,"description":"Valve5","values":{"Air_Mass_Gram":{"type":"rand","from":"-20","to":"0"},"Volume_Liters":{"type":"rand","from":"-20","to":"0"},"Fun":{"type":"plus","num":"5"},"Comfort":"3"},"imguri":"","layers":"Main","isDummy":false,"latlng":{"lat":24.60393782060771,"lng":778.5385089174147}}]