<xml xmlns="http://www.w3.org/1999/xhtml"><block type="controls_if" id="):44vqu^*?|%@XzY@e+V" x="433" y="41"><value name="IF0"><block type="logic_operation" id="(#{PnIW@hV*XF]Nr0q*L"><field name="OP">AND</field><value name="A"><block type="logic_compare" id="?{SBLg-bKh1Q[vlua.2w"><field name="OP">GT</field><value name="A"><block type="math_arithmetic" id="i{}favs@`NuBhi0]z|Ed"><field name="OP">DIVIDE</field><value name="A"><shadow type="math_number" id="%8.,Eb;x_!pi@+HdSETd"><field name="NUM">1</field></shadow><block type="singleVar" id="I,1j{46gg1:Z*CL;q.tq"><field name="varName">Air_Mass_Gram</field></block></value><value name="B"><shadow type="math_number" id="[#_(-ivxr^KEmi!n=zd?"><field name="NUM">1</field></shadow><block type="singleVar" id="MuZlCM6(501E3@O@Sc_D"><field name="varName">Volume_Liters</field></block></value></block></value><value name="B"><block type="math_number" id="%9a8[:sETTg|nl6I+a!+"><field name="NUM">0.05</field></block></value></block></value><value name="B"><block type="logic_compare" id="86w-(bwC7s3l7O1v-_ET"><field name="OP">LTE</field><value name="A"><block type="math_arithmetic" id="}qG@;~9/=-*OQny3X0N#"><field name="OP">DIVIDE</field><value name="A"><shadow type="math_number" id="%8.,Eb;x_!pi@+HdSETd"><field name="NUM">1</field></shadow><block type="singleVar" id="PBQF6].+XkE;OWyptD7s"><field name="varName">Air_Mass_Gram</field></block></value><value name="B"><shadow type="math_number" id="[#_(-ivxr^KEmi!n=zd?"><field name="NUM">1</field></shadow><block type="singleVar" id="r/wJzExOkGQv;oRy~@gF"><field name="varName">Volume_Liters</field></block></value></block></value><value name="B"><block type="math_number" id="xW_StYjP(Tfv?}^yH3KX"><field name="NUM">0.2</field></block></value></block></value></block></value><statement name="DO0"><block type="background" id="Yk@m]p%y9W7@u%}jil|E"><field name="background">http://etl.ppp.uoa.gr/choico/media/images/balloon_position2.png</field><next><block type="popup" id="B14?A3(%HM4|_n0j^~*P"><field name="popuptext">Be careful!! The density of the balloon is very low!</field></block></next></block></statement><next><block type="controls_if" id="q~X_.+.9O8^]Ws)h!BwY"><value name="IF0"><block type="logic_operation" id="-Y~-B;L%2X/}!@NdBd_r"><field name="OP">AND</field><value name="A"><block type="logic_compare" id="^q.g7K09*^mW1~pj+Oh#"><field name="OP">GT</field><value name="A"><block type="math_arithmetic" id="FF])Ls2NF~OcFljqgF(q"><field name="OP">DIVIDE</field><value name="A"><shadow type="math_number" id="%8.,Eb;x_!pi@+HdSETd"><field name="NUM">1</field></shadow><block type="singleVar" id="kFPA[nh)Kx/SRA32hu{X"><field name="varName">Air_Mass_Gram</field></block></value><value name="B"><shadow type="math_number" id="[#_(-ivxr^KEmi!n=zd?"><field name="NUM">1</field></shadow><block type="singleVar" id=".}0/[)=)xr,eOkxMMukf"><field name="varName">Volume_Liters</field></block></value></block></value><value name="B"><block type="math_number" id="mOs9oSCTCPyIw;Yc9]]y"><field name="NUM">0.2</field></block></value></block></value><value name="B"><block type="logic_compare" id="cxdJ#FRNob_JS3h]#`zw"><field name="OP">LTE</field><value name="A"><block type="math_arithmetic" id="UYfm9SjxydHp`xHt=m-f"><field name="OP">DIVIDE</field><value name="A"><shadow type="math_number" id="%8.,Eb;x_!pi@+HdSETd"><field name="NUM">1</field></shadow><block type="singleVar" id="Em@aWr{s5|IlfST`5v2."><field name="varName">Air_Mass_Gram</field></block></value><value name="B"><shadow type="math_number" id="[#_(-ivxr^KEmi!n=zd?"><field name="NUM">1</field></shadow><block type="singleVar" id="E?GCdl]aVnEKuX}efa)d"><field name="varName">Volume_Liters</field></block></value></block></value><value name="B"><block type="math_number" id=",O[ly.BklJxDAM3_jQXg"><field name="NUM">0.7</field></block></value></block></value></block></value><statement name="DO0"><block type="background" id="Ww!Eqv}6VU.al7y5)PGh"><field name="background">http://etl.ppp.uoa.gr/choico/media/images/balloon_position1.png</field></block></statement><next><block type="controls_if" id="-!z6.2cJ5pBHqN]xTsH+"><value name="IF0"><block type="logic_operation" id="Us,vB5s]6ZRIHhV%dOyZ"><field name="OP">AND</field><value name="A"><block type="logic_compare" id="p~hx|-V#AyM0DMeUboyY"><field name="OP">GT</field><value name="A"><block type="movescounter" id="OYJsyI4sGPQ]9RLEy%~)"></block></value><value name="B"><block type="math_number" id="n=;0t{=Ty8Rc#qUyZ2(0"><field name="NUM">0</field></block></value></block></value><value name="B"><block type="logic_operation" id="EizWqUg!g!,b*Feo/tTA"><field name="OP">AND</field><value name="A"><block type="logic_compare" id="bxf3:2dduBfbZG1)S4FA"><field name="OP">GT</field><value name="A"><block type="math_arithmetic" id="HsPGz~G4FEgMcHF578GY"><field name="OP">DIVIDE</field><value name="A"><shadow type="math_number" id="%8.,Eb;x_!pi@+HdSETd"><field name="NUM">1</field></shadow><block type="singleVar" id="adWfd:t:-Qs/x#t)i:^}"><field name="varName">Air_Mass_Gram</field></block></value><value name="B"><shadow type="math_number" id="[#_(-ivxr^KEmi!n=zd?"><field name="NUM">1</field></shadow><block type="singleVar" id=":Z8]K%ZHKG3]vY`3bg~f"><field name="varName">Volume_Liters</field></block></value></block></value><value name="B"><block type="math_number" id="s?+=((t89|^@z4BubpXF"><field name="NUM">0.7</field></block></value></block></value><value name="B"><block type="logic_compare" id="hTA43dML{rPOXw?rH!_X"><field name="OP">LTE</field><value name="A"><block type="math_arithmetic" id="OTwA3|lw(bwB/5,naOfg"><field name="OP">DIVIDE</field><value name="A"><shadow type="math_number" id="%8.,Eb;x_!pi@+HdSETd"><field name="NUM">1</field></shadow><block type="singleVar" id="RGZW|{R2T)8MZ/gi7}Xm"><field name="varName">Air_Mass_Gram</field></block></value><value name="B"><shadow type="math_number" id="[#_(-ivxr^KEmi!n=zd?"><field name="NUM">1</field></shadow><block type="singleVar" id=";L9;zZ}ZzdOIh2%pd}f3"><field name="varName">Volume_Liters</field></block></value></block></value><value name="B"><block type="math_number" id="pU(T3;XNd1KudC9p3lu9"><field name="NUM">1.3</field></block></value></block></value></block></value></block></value><statement name="DO0"><block type="background" id="x+,LiFks.7cYZ6Kn!p#m"><field name="background">http://etl.ppp.uoa.gr/choico/media/images/balloon_position0.png</field></block></statement><next><block type="controls_if" id="9A[+ErPpe%|HNBrE+cX,"><value name="IF0"><block type="logic_operation" id="msg(x|T:`yEK;#Am}[Yc"><field name="OP">AND</field><value name="A"><block type="logic_compare" id="hmC~+qo[FvhD*e3qib#G"><field name="OP">GT</field><value name="A"><block type="math_arithmetic" id=":Kp);H2{|woL?.{V[51R"><field name="OP">DIVIDE</field><value name="A"><shadow type="math_number" id="%8.,Eb;x_!pi@+HdSETd"><field name="NUM">1</field></shadow><block type="singleVar" id="4h;T1+saRBPI}9LSx)}P"><field name="varName">Air_Mass_Gram</field></block></value><value name="B"><shadow type="math_number" id="[#_(-ivxr^KEmi!n=zd?"><field name="NUM">1</field></shadow><block type="singleVar" id="xaPe#8tqI68DU=S1oxm:"><field name="varName">Volume_Liters</field></block></value></block></value><value name="B"><block type="math_number" id="Mn*Vi@`[yFy(H*/jB`Uf"><field name="NUM">1.3</field></block></value></block></value><value name="B"><block type="logic_compare" id="jv+Dko==jms.@EQy@{0;"><field name="OP">LTE</field><value name="A"><block type="math_arithmetic" id="PYw0#N~2;o,BhAAUl3RR"><field name="OP">DIVIDE</field><value name="A"><shadow type="math_number" id="%8.,Eb;x_!pi@+HdSETd"><field name="NUM">1</field></shadow><block type="singleVar" id="kIG_?9`gW:P[?h!8S;Zw"><field name="varName">Air_Mass_Gram</field></block></value><value name="B"><shadow type="math_number" id="[#_(-ivxr^KEmi!n=zd?"><field name="NUM">1</field></shadow><block type="singleVar" id="3VQrjq0DL/2Y~a!e8V1h"><field name="varName">Volume_Liters</field></block></value></block></value><value name="B"><block type="math_number" id="MX_/2b*FFtr;l^k7i9gN"><field name="NUM">1.6</field></block></value></block></value></block></value><statement name="DO0"><block type="background" id="*4RS%bARTWh@[c~-^Hbl"><field name="background">http://etl.ppp.uoa.gr/choico/media/images/balloon_position-1.png</field></block></statement><next><block type="controls_if" id="Tp7vQ22wyX:4q604*tP3"><value name="IF0"><block type="logic_operation" id="[rgP{PGEfH4w{*Krds`("><field name="OP">AND</field><value name="A"><block type="logic_compare" id="1ke/41^MD-7A6D(Iv`iy"><field name="OP">GT</field><value name="A"><block type="math_arithmetic" id="n3ATJ(3(uf@auRC4Uk{G"><field name="OP">DIVIDE</field><value name="A"><shadow type="math_number" id="%8.,Eb;x_!pi@+HdSETd"><field name="NUM">1</field></shadow><block type="singleVar" id="U)zNTMSr)fY`P^{5j5Ys"><field name="varName">Air_Mass_Gram</field></block></value><value name="B"><shadow type="math_number" id="[#_(-ivxr^KEmi!n=zd?"><field name="NUM">1</field></shadow><block type="singleVar" id="E+-/]v/L1sJSb;uA^/PK"><field name="varName">Volume_Liters</field></block></value></block></value><value name="B"><block type="math_number" id=".d%o4U1n^D~p`xcmMY2^"><field name="NUM">1.6</field></block></value></block></value><value name="B"><block type="logic_compare" id=":pGZTI4XEqhQqKMEF!n%"><field name="OP">LT</field><value name="A"><block type="math_arithmetic" id="V-t[aAZ6]s:?U3tJjc5c"><field name="OP">DIVIDE</field><value name="A"><shadow type="math_number" id="%8.,Eb;x_!pi@+HdSETd"><field name="NUM">1</field></shadow><block type="singleVar" id="VLIa3TaVTq%XyuiyAh|;"><field name="varName">Air_Mass_Gram</field></block></value><value name="B"><shadow type="math_number" id="[#_(-ivxr^KEmi!n=zd?"><field name="NUM">1</field></shadow><block type="singleVar" id="Pc6Lz-AbErAn4LHH6zxO"><field name="varName">Volume_Liters</field></block></value></block></value><value name="B"><block type="math_number" id="0GUgLjVZ/7-0hkG8TnxP"><field name="NUM">1.8</field></block></value></block></value></block></value><statement name="DO0"><block type="background" id="LkJL,:L*)t2;Dwlfz=qS"><field name="background">http://etl.ppp.uoa.gr/choico/media/images/balloon_position-2.png</field><next><block type="popup" id="%?EMYP_B{vpir%Kn56rC"><field name="popuptext">Be careful!! The density of the balloon is very high!</field></block></next></block></statement></block></next></block></next></block></next></block></next></block><block type="controls_if" id="LZ7p?TiRG:`GY2BmHQJG" x="2470" y="581"><value name="IF0"><block type="logic_operation" id="%vBw8=O}JUJGo7Kw_=;N"><field name="OP">OR</field><value name="A"><block type="logic_compare" id="@%g[=Vm0mm-xap{@0vyX"><field name="OP">LTE</field><value name="A"><block type="singleVar" id="6~N@`f=i0Mr!]SUoNN4M"><field name="varName">Air_Mass_Gram</field></block></value><value name="B"><block type="math_number" id="Uauhsj.gd@0O1v2Qm]ZX"><field name="NUM">5</field></block></value></block></value><value name="B"><block type="logic_compare" id="2j!ZXFoEXQ9.xVY{9C3e"><field name="OP">LTE</field><value name="A"><block type="singleVar" id="+O(?.2D8x3}?0bLz1v1`"><field name="varName">Volume_Liters</field></block></value><value name="B"><block type="math_number" id="Nvh.U#!`T[w8!rtcrWTT"><field name="NUM">5</field></block></value></block></value></block></value><statement name="DO0"><block type="popup" id="9#THvEDll-f,^Yz/osGQ"><field name="popuptext">Be careful!! The balloon is almost out of air!</field></block></statement><next><block type="controls_if" id=";q=70@7ux|u~@T}1Nn#Q"><value name="IF0"><block type="logic_compare" id="ze1xTMjxpYY2ui?f~^zA"><field name="OP">LTE</field><value name="A"><block type="singleVar" id="ylH.Q^xCdJYCFCXdgfeS"><field name="varName">Comfort</field></block></value><value name="B"><block type="math_number" id="^pfTMRAhFy4Jj45-Ffac"><field name="NUM">5</field></block></value></block></value><statement name="DO0"><block type="popup" id="+P=KT9(@ydg(hz7/zk}*"><field name="popuptext">Be careful!! People on the air balloon feel very uncomfortable</field></block></statement><next><block type="controls_if" id="JiOj*ZAznxJg)tOnyeZX"><value name="IF0"><block type="logic_compare" id="7s`!bS0D?H4j{,KqoWaQ"><field name="OP">LTE</field><value name="A"><block type="singleVar" id="GL*=I;ED#7CplenGokG`"><field name="varName">Fun</field></block></value><value name="B"><block type="math_number" id="mVd24p{k)/q=xWi{,%i_"><field name="NUM">5</field></block></value></block></value><statement name="DO0"><block type="popup" id="~***7]oAt58.@c(VE4{D"><field name="popuptext">Be careful!! People on the air balloon are bored!</field></block></statement><next><block type="controls_if" id="J/i+(HE;~:j*jKY`zYLn"><value name="IF0"><block type="logic_compare" id="8lR.mcY,|=pLj!%ME5(|"><field name="OP">GTE</field><value name="A"><block type="singleVar" id="@`EX4x|f#mq:j}{#uN%J"><field name="varName">Volume_Liters</field></block></value><value name="B"><block type="math_number" id="FlKw;Ez,4mV6*3^gP{SJ"><field name="NUM">50</field></block></value></block></value><statement name="DO0"><block type="popup" id="vQLG-Td{A[[]W.iGhdJM"><field name="popuptext">Be careful!! If the volume of the balloon exceeds 60 liters, it will burst!</field></block></statement></block></next></block></next></block></next></block><block type="controls_if" id="kGzl.H@~epA?TE/oxRI," x="2490" y="916"><value name="IF0"><block type="logic_compare" id="cjQ^;LWsBs2L7q!kG/GM"><field name="OP">EQ</field><value name="A"><block type="movescounter" id="6o9IQi@zq,RxGcKNE6d8"></block></value><value name="B"><block type="math_number" id="am]nI/H`kdrpm4i3dTqq"><field name="NUM">2</field></block></value></block></value><statement name="DO0"><block type="show_all" id="/OiA0MSVn/njoo;*-;Eo"></block></statement><next><block type="controls_if" id="{N*PSU~IPvx|{%Svi5sF"><value name="IF0"><block type="current_point_check" id="hK=vQc~AxSoi_@,hD(bI"><field name="pointsNames">Valve 1</field></block></value><statement name="DO0"><block type="hide_point" id="cs}jF],BPOcO^g(B]E?d"><field name="pointsNames">Valve 1</field></block></statement><next><block type="controls_if" id="KXs/nWc::.AOA:%VnLL*"><value name="IF0"><block type="current_point_check" id="HmUAMGj^O@p5HT021Hh4"><field name="pointsNames">Valve2</field></block></value><statement name="DO0"><block type="hide_point" id="+_/p`^3F4HNMIyxpK=kg"><field name="pointsNames">Valve2</field></block></statement><next><block type="controls_if" id="!W,Mp`1rP[DoWmP6dvko"><value name="IF0"><block type="current_point_check" id="NxefAPU3,`AJ7-:#[Nw1"><field name="pointsNames">Valve3</field></block></value><statement name="DO0"><block type="hide_point" id="qV4uzA6Cqc_*@bQ#[luP"><field name="pointsNames">Valve3</field></block></statement><next><block type="controls_if" id="D7+%ORC~Ij;yfbdKx6XH"><value name="IF0"><block type="current_point_check" id="Q?9z*4Gw)(5a)dTr?6gP"><field name="pointsNames">Valve4</field></block></value><statement name="DO0"><block type="hide_point" id="=qpTBB?Z8PpbWiUk2P6`"><field name="pointsNames">Valve4</field></block></statement><next><block type="controls_if" id="H3%30,w^eq!Q7az8aM%n"><value name="IF0"><block type="current_point_check" id="=Hx8bLVG-f-fxbZk1_/2"><field name="pointsNames">Valve5</field></block></value><statement name="DO0"><block type="hide_point" id=".KJ%l^RMZ=Dco@jjuM(S"><field name="pointsNames">Valve5</field></block></statement><next><block type="controls_if" id="MeRih}*~@A~VOM`Hy.`J"><value name="IF0"><block type="logic_compare" id="sn-IY6=JwGcxg%Z1Y4Rx"><field name="OP">EQ</field><value name="A"><block type="math_modulo" id="tZ6@zGs|}iW9Y)~SbKRT"><value name="DIVIDEND"><shadow type="math_number" id="P!RM}kIv7YP3Rs(Dw*Yb"><field name="NUM">64</field></shadow><block type="movescounter" id="]PtXi87-zeT`0,2v7vjA"></block></value><value name="DIVISOR"><shadow type="math_number" id="9vl?xff-W5`1:|NrVa[A"><field name="NUM">10</field></shadow></value></block></value><value name="B"><block type="math_number" id="^Hsdjww+^qFCVl^vF{IB"><field name="NUM">0</field></block></value></block></value><statement name="DO0"><block type="show_all" id="n;ipY]E-G8tfr=~P4VwI"></block></statement></block></next></block></next></block></next></block></next></block></next></block></next></block><block type="show_all" id="HAad%;N!u-3M@E#7r*vG" x="2528" y="1469"></block></xml>