<xml xmlns="http://www.w3.org/1999/xhtml"><block type="controls_if" id="`:y,hPf-EG4oHi+u`@w+" x="1128" y="191"><value name="IF0"><block type="logic_compare" id="`A^fJdpy2XLDZNwPuOe3"><field name="OP">LTE</field><value name="A"><block type="singleVar" id="ipSs:kB(;V-:W^]qw4Y."><field name="varName">Comfort</field></block></value><value name="B"><block type="math_number" id="RvPormsW`Z*lMk:P%yV-"><field name="NUM">0</field></block></value></block></value><statement name="DO0"><block type="popup" id="]rbgaQzV.MCV]l#`8dOi"><field name="popuptext">Oh no! People on the air balloon were scared to death!</field><next><block type="background" id="}9PRn~m#r%~bn#yBK0BW"><field name="background">http://etl.ppp.uoa.gr/choico/media/images/game%20over.png</field><next><block type="gameover" id="m_5.7p+%:Ig,0u0tO=VO"></block></next></block></next></block></statement><next><block type="controls_if" id="xSU/8}Z.O|(q0h*T{4}x"><value name="IF0"><block type="logic_compare" id="S?GV[P@:V)l)ZWA7h3ZI"><field name="OP">LTE</field><value name="A"><block type="singleVar" id="@PrEEJ/ph~PAxHnmSM6,"><field name="varName">Fun</field></block></value><value name="B"><block type="math_number" id="XauZz@?TJosvt6.M9?n3"><field name="NUM">0</field></block></value></block></value><statement name="DO0"><block type="popup" id="pmz[cT~SQZ4Hm0tx_Q}~"><field name="popuptext">Oh no! People on the air balloon were bored to death!</field><next><block type="background" id="RVpfG:(Y@Lba=pZp7!sJ"><field name="background">http://etl.ppp.uoa.gr/choico/media/images/game%20over.png</field><next><block type="gameover" id="]@x:*!R:^oCFnITCEwg("></block></next></block></next></block></statement><next><block type="controls_if" id="zcg?pPQ*@ix]F}D%|(vv"><value name="IF0"><block type="logic_compare" id=".NyIG;khrCDc@WsS*D(N"><field name="OP">GT</field><value name="A"><block type="singleVar" id="^{xtl|Px//)%{8_hu:G("><field name="varName">Volume_Liters</field></block></value><value name="B"><block type="math_number" id="eSdH~)8E3M3JV54paiH{"><field name="NUM">60</field></block></value></block></value><statement name="DO0"><block type="popup" id="wB,[9(7UFC(2Gw@BKH+G"><field name="popuptext">Oh no! The volume of the balloon was too much! It burst!</field><next><block type="background" id="%+r{a~5e1i~S,~r63jH^"><field name="background">http://etl.ppp.uoa.gr/choico/media/images/pop_volume.png</field><next><block type="gameover" id="-68kt2?wn(V1d^G_M4kr"></block></next></block></next></block></statement></block></next></block></next></block><block type="controls_if" id="oUgd{3K~U[F@#aF]}ygA" x="524" y="230"><value name="IF0"><block type="logic_compare" id="~a@gT-aydG21O-1G.sjK"><field name="OP">GTE</field><value name="A"><block type="math_arithmetic" id="-p5C:D^UA{+]7;)W*U#P"><field name="OP">DIVIDE</field><value name="A"><shadow type="math_number" id="1X{NV%/]*az~aFZ{w/a5"><field name="NUM">1</field></shadow><block type="singleVar" id="n4ZQ;RacTq=ldScI2||m"><field name="varName">Air_Mass_Gram</field></block></value><value name="B"><shadow type="math_number" id="xO8LF@I{U=Ej,bgY./fm"><field name="NUM">1</field></shadow><block type="singleVar" id="Z-QvDXO!13YRHn9rRx2W"><field name="varName">Volume_Liters</field></block></value></block></value><value name="B"><block type="math_number" id="qIM#58w_X12vI;dXPueD"><field name="NUM">1.8</field></block></value></block></value><statement name="DO0"><block type="popup" id="[XMzb=tiZEwjnqR(]mUV"><field name="popuptext">Oh no! The density of the balloon was greater than 1.8. It fell into the sea!</field><next><block type="background" id="%/L4t=Rq%iR/uc)yJ8r0"><field name="background">http://etl.ppp.uoa.gr/choico/media/images/balloon_position-3pop.png</field><next><block type="gameover" id="MLR/6i}9oB6st5-+BGN}"></block></next></block></next></block></statement><next><block type="controls_if" id="B}Im^|/cCuAK[^Quj.64"><value name="IF0"><block type="logic_compare" id="F[:UD0UMH)suK~cV[FYV"><field name="OP">LTE</field><value name="A"><block type="math_arithmetic" id="gRhF.fjw5J`I*=/~0@%k"><field name="OP">DIVIDE</field><value name="A"><shadow type="math_number" id="1X{NV%/]*az~aFZ{w/a5"><field name="NUM">1</field></shadow><block type="singleVar" id="mgo1M4%mJT*.Y:NmRO{;"><field name="varName">Air_Mass_Gram</field></block></value><value name="B"><shadow type="math_number" id="xO8LF@I{U=Ej,bgY./fm"><field name="NUM">1</field></shadow><block type="singleVar" id="{1m4I5tCH0jZl0;o8Wfm"><field name="varName">Volume_Liters</field></block></value></block></value><value name="B"><block type="math_number" id="tTi)QLQo`Hyea%vSHnAq"><field name="NUM">0.05</field></block></value></block></value><statement name="DO0"><block type="popup" id="l6%V.Xx{/FU#d#FVv+`?"><field name="popuptext">Oh no! The density of the balloon was lower than 0.05. It reached the highest altitude and burst!</field><next><block type="background" id="{udv0]HlO{uc,xmmLm+]"><field name="background">http://etl.ppp.uoa.gr/choico/media/images/balloon_position3pop.png</field><next><block type="gameover" id="cOk6:S*Z%BIB+HUPN9ou"></block></next></block></next></block></statement><next><block type="controls_if" id="V{^.oN_^Sb_S1:1nbdDb"><value name="IF0"><block type="logic_compare" id="up8EtE)D}vcs0#Ra]PxA"><field name="OP">GT</field><value name="A"><block type="singleVar" id="EZY`@s^Zke.h*,nFA4[-"><field name="varName">Volume_Liters</field></block></value><value name="B"><block type="math_number" id="Y~?^Tv`A:DK}`p{.qjj("><field name="NUM">60</field></block></value></block></value><statement name="DO0"><block type="popup" id="(?YNEY.YcuNzz~,-a`4F"><field name="popuptext">Oh no! The volume of the balloon was too much! It burst!</field><next><block type="background" id="3nZZa/=bp~}R|%g_lp50"><field name="background">http://etl.ppp.uoa.gr/choico/media/images/pop_volume.png</field><next><block type="gameover" id="[xMX5nd`%kw[X`Z,@SB!"></block></next></block></next></block></statement><next><block type="controls_if" id=",Oi_=UPig2zJ~(HOO3Ac"><value name="IF0"><block type="logic_operation" id="N5;Yx*E=YSO)`3dQ9?]:"><field name="OP">AND</field><value name="A"><block type="logic_compare" id="?wWr:xI*ezFDq=Sie~ip"><field name="OP">GT</field><value name="A"><block type="movescounter" id="Wu6Q5.~e4f)-B,_bG)hf"></block></value><value name="B"><block type="math_number" id="qxj4:0racXZK20P]?I[u"><field name="NUM">0</field></block></value></block></value><value name="B"><block type="logic_operation" id="|.SWM+/dmfLZQPzO%@g."><field name="OP">OR</field><value name="A"><block type="logic_compare" id="|Zi%eWr,zXY-ZW2{.G(3"><field name="OP">LTE</field><value name="A"><block type="singleVar" id="y{GFmn9cGTR0bhjDF=vP"><field name="varName">Volume_Liters</field></block></value><value name="B"><block type="math_number" id="wY;rntsXPd}f/IGn2?Y!"><field name="NUM">0</field></block></value></block></value><value name="B"><block type="logic_compare" id="BY4+~^uX)U@G`Gcx:3_^"><field name="OP">LTE</field><value name="A"><block type="singleVar" id="7R{E?[tN-|}I0Pp..qrf"><field name="varName">Air_Mass_Gram</field></block></value><value name="B"><block type="math_number" id="zi#-j}0QiJF56/KaP@}d"><field name="NUM">0</field></block></value></block></value></block></value></block></value><statement name="DO0"><block type="popup" id="qa1G@_GhfO#A1mDKvFsG"><field name="popuptext">Oh no! The balloon is deflated!</field><next><block type="background" id="r%bwY;~^MK;%/ZrE9Y8p"><field name="background">http://etl.ppp.uoa.gr/choico/media/images/balloon_position-3pop.png</field><next><block type="gameover" id="V#fz=o~44y4ZXo?nIei?"></block></next></block></next></block></statement></block></next></block></next></block></next></block></xml>