[{"id":"25","description":"Έξοδος στο Club","values":["-30","-100","55","-2"],"imguri":"","latlng":{"lat":72.5,"lng":49}},{"id":"28","description":"Ταξίδι με αεροπλάνο","values":["20","-100","30","0"],"imguri":"","latlng":{"lat":99,"lng":101.5}},{"id":"31","description":"Ποδόσφαιρο","values":["-50","-50","25","2"],"imguri":"","latlng":{"lat":62.5,"lng":-146.5}},{"id":"34","description":"Γεύμα στο εστιατόριο","values":["-5","-60","10","0"],"imguri":"","latlng":{"lat":14,"lng":78}},{"id":"37","description":"Επίσκεψη στον Γιατρό","values":["-5","-30","-5","3"],"imguri":"","latlng":{"lat":31.5,"lng":13.5}},{"id":"40","description":"Βόλτα με φίλους","values":["10","-30","20","-1"],"imguri":"","latlng":{"lat":-31.5,"lng":51.5}},{"id":"43","description":"Cinema","values":["2","-30","5","1"],"imguri":"","latlng":{"lat":50.5,"lng":-23.5}},{"id":"46","description":"Βόλτα στο Πάρκο","values":["-20","-5","10","2"],"imguri":"","latlng":{"lat":48,"lng":104}},{"id":"49","description":"Συναυλία","values":["-5","-85","0","0"],"imguri":"","latlng":{"lat":70.5,"lng":-41}},{"id":"52","description":"Αγορές στο Mall","values":["0","-300","10","0"],"imguri":"","latlng":{"lat":-2.5,"lng":-44.5}},{"id":"55","description":"Ταξίδι με τρένο","values":["-25","-100","0","1"],"imguri":"","latlng":{"lat":16,"lng":-140}},{"id":"58","description":"Ξεκούραση στο σπίτι","values":["75","0","0","3"],"imguri":"","latlng":{"lat":-84,"lng":0.5}},{"id":"61","description":"Fast Food","values":["15","-14","5","-2"],"imguri":"","latlng":{"lat":45.5,"lng":-96.5}},{"id":"64","description":"Φούρνος","values":["0","-5","0","0"],"imguri":"","latlng":{"lat":-25.5,"lng":-132}},{"id":"67","description":"Δουλειά","values":["-25","800","10","-1"],"imguri":"","latlng":{"lat":-30.5,"lng":-10}}]