<xml xmlns="http://www.w3.org/1999/xhtml"><block type="text_print" id="DPWMna3+q{*XS!?WQNcM" x="-206" y="-154"><value name="TEXT"><shadow type="text" id="oCHj.d.H/qtW44UR5@lU"><field name="TEXT">abc</field></shadow><block type="text_join" id="Nz8/|JeJM{u_57Ci8toy"><mutation items="2"></mutation><value name="ADD0"><block type="text" id="^4/@m=m.=8rU4OaE^u?n"><field name="TEXT">Τα χρήματά σου είναι:</field></block></value><value name="ADD1"><block type="singleVar" id="fn8imbsM+QsX]/He}6S:"><field name="varName">Χρήματα</field></block></value></block></value><next><block type="controls_if" id="nKS_TCs[X`FWhS4uZSNg"><value name="IF0"><block type="logic_compare" id="e~Igsp%F]4XR+3)fBd-S"><field name="OP">LT</field><value name="A"><block type="singleVar" id="QB*ut`ZR/roWRS48Hz4w"><field name="varName">Χρήματα</field></block></value><value name="B"><block type="math_number" id="wbWay9hgh2BuLf-30Ke#"><field name="NUM">300</field></block></value></block></value><statement name="DO0"><block type="popup" id="pH{D.*3}M1e~,pOXTN6j"><field name="popuptext">Πρόσεχε! Θα σου τελειώσουν χρήματα</field></block></statement><next><block type="controls_if" id="2aMTa-^#@w/c!++E)hH?"><value name="IF0"><block type="logic_compare" id="Oc%L_9(XI-skcT((jxJx"><field name="OP">LT</field><value name="A"><block type="singleVar" id=";dk}`UE5f}U}qcu]os%L"><field name="varName">Κοινωνική_Ζωή</field></block></value><value name="B"><block type="math_number" id="+U3e/nNyxfJ#(=+_YILO"><field name="NUM">10</field></block></value></block></value><statement name="DO0"><block type="popup" id=")}akfAvYep0bjmA@-B-["><field name="popuptext">Δεν έχεις καθόλου φίλους</field></block></statement><next><block type="controls_if" id="%;ZpT~`hvp%Pg}L-*3ZG"><value name="IF0"><block type="logic_compare" id="PV=8ueN#56|Vb;Som%4R"><field name="OP">GT</field><value name="A"><block type="singleVar" id="zU__@2#}}W;o4{!B/+8A"><field name="varName">Υγεία</field></block></value><value name="B"><block type="math_number" id="r`=,%ZEDyKp:wXr(g{d("><field name="NUM">6</field></block></value></block></value><statement name="DO0"><block type="sound" id="lhrJhx#c8DO8K4@-ps[O"><field name="NAME">applause</field></block></statement><next><block type="controls_if" id="11.`,!ce{!DAzL*uB}fT"><value name="IF0"><block type="logic_operation" id="^*61OXE~-LRgAv!:Y80q"><field name="OP">AND</field><value name="A"><block type="current_point_check" id="f8P/RCW7q@,]S3Wo-fSS"><field name="pointsNames">Δουλειά</field></block></value><value name="B"><block type="logic_compare" id="`T-s7dga0^PhFP.zLNPX"><field name="OP">LT</field><value name="A"><block type="singleVar" id="W!F7SnE/}r7Zo~GY79B*"><field name="varName">Ενέργεια</field></block></value><value name="B"><block type="math_number" id="GAEfJ)`p}7RO(yN=pMDj"><field name="NUM">20</field></block></value></block></value></block></value><statement name="DO0"><block type="popup" id="@xP@j=#K7}b.G90UI3[P"><field name="popuptext">Νομίζω ότι δουλεύεις πάρα πολύ!!!</field></block></statement><next><block type="controls_if" id="Lz/:e+#vg=aSZ+,2W,Ha"><value name="IF0"><block type="logic_operation" id="GtA|;ISNqoICn6J_[;b?"><field name="OP">AND</field><value name="A"><block type="logic_compare" id="i|n0H3GG,QEvwW@a7wC="><field name="OP">EQ</field><value name="A"><block type="movescounter" id="kgWL8-Tx^Lt@:dPZB:LO"></block></value><value name="B"><block type="math_number" id="mY}^15AM![NVlBleCQ1/"><field name="NUM">5</field></block></value></block></value><value name="B"><block type="logic_compare" id="o|Qld2#s6R_/,5/[UvGJ"><field name="OP">LT</field><value name="A"><block type="singleVar" id=")64!^q:?k(1AY^z{V;I:"><field name="varName">Χρήματα</field></block></value><value name="B"><block type="math_number" id="We.Gz(@N0I#pqrq0?_3H"><field name="NUM">100</field></block></value></block></value></block></value><statement name="DO0"><block type="popup" id="PKf~X.^X_m)SGxtTO)~v"><field name="popuptext">Είσαι στα μισά του παιχνιδιού και έχεις χαλάσει σχεδόν όλα σου τα χρήματα!!! </field></block></statement><next><block type="controls_if" id="vtj6V#0L*Him1duu!bM4"><value name="IF0"><block type="logic_operation" id="@i(qZ@pEgW?ieUN8PvlK"><field name="OP">OR</field><value name="A"><block type="current_point_check" id="|fTVa)0!7]@q#TYIsbS*"><field name="pointsNames">Συναυλία</field></block></value><value name="B"><block type="current_point_check" id="PG2s4TUkU[|N21M(tq!d"><field name="pointsNames">Cinema</field></block></value></block></value><statement name="DO0"><block type="sound" id="w3:^_h~C}if[fHd+%/!K"><field name="NAME">drums</field><next><block type="popup" id="[-BGn1Mhp@{iVEGk})05"><field name="popuptext">Είναι ωραίο να πηγαίνεις έξω με παρέα!</field></block></next></block></statement></block></next></block></next></block></next></block></next></block></next></block></next></block></xml>