[{"id":61,"description":"University","values":{"Fun":"20","Money":"-5","Learning":"200","Energy":"-30","Social":"50"},"imguri":"","layers":"Main","isDummy":false,"latlng":{"lat":240.33935369940514,"lng":662.3111899051338}},{"id":64,"description":"Supermarket","values":{"Fun":"-20","Money":"-10","Learning":"0","Energy":"-30","Social":"-10"},"imguri":"","layers":"Main","isDummy":false,"latlng":{"lat":366.2602295225725,"lng":738.5343242197199}},{"id":67,"description":"Fast Food","values":{"Fun":"15","Money":"-23","Learning":"-15","Energy":"25","Social":"15"},"imguri":"","layers":"Main","isDummy":false,"latlng":{"lat":48.74492275289008,"lng":360.99878087456136}},{"id":70,"description":"Home","values":{"Fun":"0","Money":"0","Learning":"75","Energy":"200","Social":"-50"},"imguri":"","layers":"Main","isDummy":false,"latlng":{"lat":406.98123456299857,"lng":85.44634147061012}},{"id":73,"description":"Job","values":{"Fun":"-70","Money":"200","Learning":"-30","Energy":"-80","Social":"-5"},"imguri":"","layers":"Main","isDummy":false,"latlng":{"lat":317.76293398992885,"lng":206.72604969255832}},{"id":76,"description":"Library","values":{"Fun":"-5","Money":"-2","Learning":"130","Energy":"-10","Social":"10"},"imguri":"","layers":"Main","isDummy":false,"latlng":{"lat":314.66381342633076,"lng":535.2495716328945}},{"id":79,"description":"Cinema","values":{"Fun":"50","Money":"-40","Learning":"0","Energy":"-5","Social":"5"},"imguri":"","layers":"Main","isDummy":false,"latlng":{"lat":61.57780192011676,"lng":578.367164286792}},{"id":82,"description":"Club","values":{"Fun":"60","Money":"-50","Learning":"-30","Energy":"-40","Social":"60"},"imguri":"","layers":"Main","isDummy":false,"latlng":{"lat":146.37242683084767,"lng":174.6693782781161}},{"id":85,"description":"Cafe","values":{"Fun":"30","Money":"-7","Learning":"-25","Energy":"10","Social":"10"},"imguri":"","layers":"Main","isDummy":false,"latlng":{"lat":268.94918195095,"lng":50.449776547152574}}]