<xml xmlns="http://www.w3.org/1999/xhtml"><block type="controls_if" id="oUgd{3K~U[F@#aF]}ygA" x="818" y="-607"><value name="IF0"><block type="logic_compare" id="~a@gT-aydG21O-1G.sjK"><field name="OP">LT</field><value name="A"><block type="singleVar" id="RTuC:_mI#d@k69q|ly)+"><field name="varName">Fun</field></block></value><value name="B"><block type="math_number" id="qIM#58w_X12vI;dXPueD"><field name="NUM">0</field></block></value></block></value><statement name="DO0"><block type="sound" id="Xp/_1JzsZFG)i^g5g?(u"><field name="NAME">lose2</field><next><block type="popup" id="[XMzb=tiZEwjnqR(]mUV"><field name="popuptext">Game over! You are not having any fun.Try again!</field><next><block type="gameover" id="MLR/6i}9oB6st5-+BGN}"></block></next></block></next></block></statement><next><block type="controls_if" id="jtjrBf/Kd?e.QBQG6@Vm"><value name="IF0"><block type="logic_compare" id="ArqQ8(a!V(1@/LEa{eju"><field name="OP">EQ</field><value name="A"><block type="movescounter" id="xF:Y#r]yU(]S)@4@Br);"></block></value><value name="B"><block type="math_number" id="9/SO~BvI;QbEgVIYg:`k"><field name="NUM">9</field></block></value></block></value><statement name="DO0"><block type="sound" id="6G:Hy.o}hT,+85LpxBZ9"><field name="NAME">cheering</field><next><block type="sound" id="(^.b2M0wzSxsI{VQ._C5"><field name="NAME">applause</field><next><block type="popup" id="+F%jAfR5;KRz2Z)I6njj"><field name="popuptext">Congratulations! You managed to complete your week successfully!! Play again!</field><next><block type="gameover" id="uu6#5LLtIT;bf28@8p|="></block></next></block></next></block></next></block></statement><next><block type="controls_if" id="ew;l@VXSezIBv~wy9`)a"><value name="IF0"><block type="logic_compare" id="`.y~=+N7#U}PoRYfJ{Qc"><field name="OP">LT</field><value name="A"><block type="singleVar" id="Zh98[Wg.2SPjo1.7M_`q"><field name="varName">Money</field></block></value><value name="B"><block type="math_number" id="1EAu=kXf!hZaAL+ZEgT)"><field name="NUM">0</field></block></value></block></value><statement name="DO0"><block type="sound" id="@p}zeDw[)M~knC@3~6hu"><field name="NAME">lose2</field><next><block type="popup" id="o`t0lubwEyK%,j;g?HNg"><field name="popuptext">Game over! You don't have any money. Try again!</field><next><block type="gameover" id="^:q;Cr@wRz)t(zF0U=cc"></block></next></block></next></block></statement><next><block type="controls_if" id="z-t`kzSi9hPl.LFiXJc5"><value name="IF0"><block type="logic_compare" id="pEm#d,JveAL{k*EMWNM#"><field name="OP">LT</field><value name="A"><block type="singleVar" id="sXC9HGPWK71j~@`-0W]o"><field name="varName">Learning</field></block></value><value name="B"><block type="math_number" id="jz/CIAKsr0aR7Ie*I/kp"><field name="NUM">0</field></block></value></block></value><statement name="DO0"><block type="sound" id="0Vw4R4y6xuG/rZl-?cdY"><field name="NAME">lose2</field><next><block type="popup" id="_7ff@dUF4%(t=0F;ojVg"><field name="popuptext">Game over! Your attribution for learning is too low. Try again!</field><next><block type="gameover" id="[:uj^q``}]gLK-}HUK,i"></block></next></block></next></block></statement><next><block type="controls_if" id="2+Z7_h/?~l6F2UuPZ`o3"><value name="IF0"><block type="logic_compare" id="wol_qMfqde;we_a(z@kT"><field name="OP">LT</field><value name="A"><block type="singleVar" id="rz6},C9RBs=t[D?}M0yg"><field name="varName">Energy</field></block></value><value name="B"><block type="math_number" id="D{*P=6/d%M)3ehJ`IVCN"><field name="NUM">0</field></block></value></block></value><statement name="DO0"><block type="sound" id="nxJwdeSMv:EvE-7yL-v;"><field name="NAME">lose2</field><next><block type="popup" id="8ZYhL]%.6ZSp#pNsr?!5"><field name="popuptext">Game over! You are out of energy. Try again!</field><next><block type="gameover" id="[eK~tllyvp5:,N^jvHH8"></block></next></block></next></block></statement><next><block type="controls_if" id="ij_`H_m7L9E;xv1cJqh9"><value name="IF0"><block type="logic_compare" id="(5lz-s]_-Kpn-wQ2+TA`"><field name="OP">LT</field><value name="A"><block type="singleVar" id="=8NU(eS:t,.)p^a3ZSg`"><field name="varName">Social</field></block></value><value name="B"><block type="math_number" id="1+F;`;3]xm[}jf^|^cuX"><field name="NUM">-50</field></block></value></block></value><statement name="DO0"><block type="sound" id="fcX9`bf10Q-jr]vws05`"><field name="NAME">lose2</field><next><block type="popup" id="iJevpe0j4G!n|EI!|u@N"><field name="popuptext">Game over! You have to be more socialized. Try again!</field><next><block type="gameover" id="GflKJeazoO^XRKtX=V6S"></block></next></block></next></block></statement></block></next></block></next></block></next></block></next></block></next></block></xml>