<xml xmlns="http://www.w3.org/1999/xhtml"><block type="initialvalues" id="7%pi|u/wU`(M`t7@0~7Z" x="88" y="88"><statement name="Initial Values"><block type="initialValue" id="id1"><field name="varName">Fun</field><value name="varVal"><block type="math_number" id="var1"><field name="NUM">50</field></block></value><next><block type="initialValue" id="x/N3}Qf|!1n6z;?,OuLM"><field name="varName">Money</field><value name="varVal"><block type="math_number" id="var2"><field name="NUM">400</field></block></value><next><block type="initialValue" id="CE!ruv3QotcQcy_q!o/}"><field name="varName">Learning</field><value name="varVal"><block type="math_number" id="}(;p1CV#`doIc`}#+Qd?"><field name="NUM">100</field></block></value><next><block type="initialValue" id="oONI}!*=,UNl+#-|NTXX"><field name="varName">Energy</field><value name="varVal"><block type="math_number" id=":?X({|6x!k=r.m2^`Eg,"><field name="NUM">50</field></block></value><next><block type="initialValue" id="*tP#FHlSc]ou{+a^B~T3"><field name="varName">Social</field><value name="varVal"><block type="math_number" id="gxeJI5j.TcefL?z2s?W{"><field name="NUM">50</field></block></value></block></next></block></next></block></next></block></next></block></statement></block></xml>