<xml xmlns="http://www.w3.org/1999/xhtml"><block type="controls_if" id="c|s+#spnziWf^zbuoMe{" x="911" y="-35"><value name="IF0"><block type="logic_compare" id=")8ad7Vzib}?.9xk?TP1F"><field name="OP">LT</field><value name="A"><block type="singleVar" id="};^J3*zKs?(,@gBLsO%u"><field name="varName">Fun</field></block></value><value name="B"><block type="math_number" id="xDcv[CjV*_Oj.iJZI^.m"><field name="NUM">20</field></block></value></block></value><statement name="DO0"><block type="popup" id="xbX{j+0b}g087@c`d;e#"><field name="popuptext">You're not having enough fun! Take care of yourself!!</field></block></statement><next><block type="controls_if" id="94x5EEB8Fc3Mi@|c0A+^"><value name="IF0"><block type="logic_compare" id="^1FXu4f}Lrxa1rDWU~u,"><field name="OP">LT</field><value name="A"><block type="singleVar" id="b75a[A-I`rb9m[=NmjM_"><field name="varName">Money</field></block></value><value name="B"><block type="math_number" id="oO|.4ot=F22tfb9|a.%n"><field name="NUM">50</field></block></value></block></value><statement name="DO0"><block type="popup" id="yuH.+@:C!z6_Uo-Itp^%"><field name="popuptext">You're spending too much money! Make savings!</field></block></statement><next><block type="controls_if" id="q[kFIsQLTycdT~{[YgHR"><value name="IF0"><block type="logic_compare" id="t]HP=qbZpNA}v51~t%,Y"><field name="OP">LT</field><value name="A"><block type="singleVar" id="@o+~d]?.LmL~2]#IW?Lr"><field name="varName">Learning</field></block></value><value name="B"><block type="math_number" id="T_rT%LuWs83mJ:8mBZjA"><field name="NUM">20</field></block></value></block></value><statement name="DO0"><block type="popup" id="lCf?)7-%3_f3TR4]UeS?"><field name="popuptext">You're not studing enough!! Focus on your grades!</field></block></statement><next><block type="controls_if" id="SfpeIrKkqod#/qAIHxXk"><value name="IF0"><block type="logic_compare" id="`|=*bm7b6(]3usLCAPOL"><field name="OP">LT</field><value name="A"><block type="singleVar" id="Jxu,X005,]C^Ed`5^dm#"><field name="varName">Energy</field></block></value><value name="B"><block type="math_number" id="=v64s^c(qn7_~9luq97P"><field name="NUM">20</field></block></value></block></value><statement name="DO0"><block type="popup" id="5f;HOocd)0)`EXyfp]Xo"><field name="popuptext">You're very tired. Take care of yourself!!</field></block></statement><next><block type="controls_if" id="*FVo|Z^HdWg|kezFO{3_"><value name="IF0"><block type="logic_compare" id=".s7=r]wf]-%Zrs7D}z;_"><field name="OP">LT</field><value name="A"><block type="singleVar" id="|OHyY=ejJAO#8#;|lo~A"><field name="varName">Social</field></block></value><value name="B"><block type="math_number" id="E~0j#^U1|?+k[b(ZNLs?"><field name="NUM">10</field></block></value></block></value><statement name="DO0"><block type="popup" id="B_2Gn^3EDre25O8Kd2XB"><field name="popuptext">You're feeling lonely.Socialise more!!</field></block></statement></block></next></block></next></block></next></block></next></block><block type="controls_if" id="Mvvv,Vh1F82ncohguLd(" x="1536" y="71"><value name="IF0"><block type="logic_compare" id="[`2I[s}NjW4oBVm*b/PY"><field name="OP">GT</field><value name="A"><block type="singleVar" id="g^OWULYSJYSg4,7Fs(:I"><field name="varName">Social</field></block></value><value name="B"><block type="math_number" id="GB-kI9gk?9}bt(!W0N[;"><field name="NUM">150</field></block></value></block></value><statement name="DO0"><block type="popup" id="6Hwxx%2d{jaRrtLyKuD2"><field name="popuptext">You're socialising too much.Take care of your grades!!</field></block></statement><next><block type="controls_if" id="oUgd{3K~U[F@#aF]}ygA"><value name="IF0"><block type="logic_compare" id="~a@gT-aydG21O-1G.sjK"><field name="OP">GTE</field><value name="A"><block type="singleVar" id="RTuC:_mI#d@k69q|ly)+"><field name="varName">Fun</field></block></value><value name="B"><block type="math_number" id="qIM#58w_X12vI;dXPueD"><field name="NUM">400</field></block></value></block></value><statement name="DO0"><block type="popup" id="[Q+z*@b?dHC7[R=3+,rX"><field name="popuptext">You're having too much fun! Watch out for your grades!!</field></block></statement></block></next></block></xml>