[{"id":38,"description":"Metal yarn","values":{"Info":"","Wheelchair":"-4","Indoor_Events":"-4","Outdoor_Events":"-1","Heating_therapy":"5","Price":"-2"},"imguri":"","layers":"Main","isDummy":false,"latlng":{"lat":431.39429839722084,"lng":714.4685518252643}},{"id":41,"description":"Polymer yarn conductive","values":{"Info":"","Wheelchair":"1","Indoor_Events":"1","Outdoor_Events":"1","Heating_therapy":"1","Price":"2.5"},"imguri":"","layers":"Main","isDummy":false,"latlng":{"lat":464.7786081209833,"lng":200}},{"id":44,"description":"Elastic heated fabric","values":{"Info":"","Wheelchair":"-2","Indoor_Events":"-2","Outdoor_Events":"-1","Heating_therapy":"2","Price":"2"},"imguri":"","layers":"Main","isDummy":false,"latlng":{"lat":487.00000000000006,"lng":931.9928315424731}},{"id":47,"description":"Non-elastic heated fabric","values":{"Info":"","Wheelchair":"-2","Indoor_Events":"-2","Outdoor_Events":"3","Heating_therapy":"2","Price":"5"},"imguri":"","layers":"Main","isDummy":false,"latlng":{"lat":410.0120417261726,"lng":923.003283671721}},{"id":50,"description":"Upholstery","values":{"Info":"","Wheelchair":"5","Indoor_Events":"5","Outdoor_Events":"0","Heating_therapy":"-4","Price":"2"},"imguri":"","layers":"Main","isDummy":false,"latlng":{"lat":481.18339100346014,"lng":586}},{"id":53,"description":"Pressure sensor technology","values":{"Info":"","Wheelchair":"2","Indoor_Events":"2","Outdoor_Events":"2","Heating_therapy":"-1","Price":"3"},"imguri":"","layers":"Main","isDummy":false,"latlng":{"lat":117.64758057081086,"lng":274.2895565202514}},{"id":56,"description":"Temperature sensor technology","values":{"Info":"","Wheelchair":"3","Indoor_Events":"3","Outdoor_Events":"2","Heating_therapy":"3","Price":"2"},"imguri":"","layers":"Main","isDummy":false,"latlng":{"lat":107.69166310548174,"lng":569.6053241606321}},{"id":59,"description":"Battery ","values":{"Info":"","Wheelchair":"1","Indoor_Events":"1","Outdoor_Events":"0","Heating_therapy":"3","Price":"2"},"imguri":"","layers":"Main","isDummy":false,"latlng":{"lat":295.6107266435986,"lng":694.9974914889804}},{"id":62,"description":"Mains electricity (AC)","values":{"Info":"","Wheelchair":"-1","Indoor_Events":"-1","Outdoor_Events":"-2","Heating_therapy":"5","Price":"3"},"imguri":"","layers":"Main","isDummy":false,"latlng":{"lat":286.9945880938064,"lng":418.9950134827801}},{"id":65,"description":"Waterproof equipment","values":{"Info":"","Wheelchair":"-3","Indoor_Events":"-3","Outdoor_Events":"4","Heating_therapy":"-2","Price":"-1"},"imguri":"","layers":"Main","isDummy":false,"latlng":{"lat":428.961937716263,"lng":472.99832765932035}},{"id":68,"description":"Control/regulation","values":{"Info":"","Wheelchair":"-2","Indoor_Events":"-2","Outdoor_Events":"2","Heating_therapy":"3","Price":"-5"},"imguri":"","layers":"Main","isDummy":false,"latlng":{"lat":115.16259472889352,"lng":878.6368507950804}},{"id":71,"description":"Solar panel","values":{"Info":"","Wheelchair":"1","Indoor_Events":"-1","Outdoor_Events":"2","Heating_therapy":"0","Price":"-5"},"imguri":"","layers":"Main","isDummy":false,"latlng":{"lat":289.08304498269894,"lng":946.0288478767245}},{"id":74,"description":"Thermal insulation on one side","values":{"Info":"","Wheelchair":"-3","Indoor_Events":"-3","Outdoor_Events":"3","Heating_therapy":"2","Price":"-2"},"imguri":"","layers":"Main","isDummy":false,"latlng":{"lat":373.94290657439444,"lng":426.0020904258496}}]