<xml xmlns="http://www.w3.org/1999/xhtml"><block type="controls_if" id="?JQ|fJAX/[|YOEb8uG(/" x="1087" y="740"><value name="IF0"><block type="logic_compare" id="ImDLYVOL[8x0A:I4yB^@"><field name="OP">GT</field><value name="A"><block type="movescounter" id="ID`/.;94!th]=LOiR}na"></block></value><value name="B"><block type="math_number" id="%vLGf?gxHjM#M1^+9O{,"><field name="NUM">5</field></block></value></block></value><statement name="DO0"><block type="controls_if" id="TE);6SEjVa_7m_m.#|IH"><value name="IF0"><block type="logic_compare" id="?kyzOU+)aZ`i{BuzQBzJ"><field name="OP">LT</field><value name="A"><block type="singleVar" id="Lrjy}5G^54ovWL0K?ny*"><field name="varName">Wheelchair</field></block></value><value name="B"><block type="math_number" id="]83:9i_@@RHp~EqGQ,Wp"><field name="NUM">0</field></block></value></block></value><statement name="DO0"><block type="popup" id="sbPC:HeAX*i7a^fzovNp"><field name="popuptext">Your materials are not enough for the fabrication of heating pads for wheelchair use. A wheelchair heating pad is necessary to be energy efficient and durable. Solar panel and temperature insulation on one side are choices that can be used for energy efficient and durable heating pads that can be used in a wheelchair.</field></block></statement><next><block type="controls_if" id="Pyy-Ew_q.|ii4XQ?b3@E"><value name="IF0"><block type="logic_compare" id="LWZjQ%BGQqy#Tg|q24li"><field name="OP">LT</field><value name="A"><block type="singleVar" id="*3%t?jts](,cSq;m`_Q0"><field name="varName">Indoor_Events</field></block></value><value name="B"><block type="math_number" id="?*XO46glG(S_QBtHs!c0"><field name="NUM">0</field></block></value></block></value><statement name="DO0"><block type="popup" id="(PaV:#8?/*VIcXtX{I2p"><field name="popuptext">Your materials are not enough for the fabrication of heating pads for indoor events. This kind of product has to be comfortable.Upholstery is a material that can make the pad comfortable. </field></block></statement><next><block type="controls_if" id="%/ilCaTmN]KM3x43}jB@"><value name="IF0"><block type="logic_compare" id="{q(=Ey5VbXCM9xB8l1Ve"><field name="OP">LT</field><value name="A"><block type="singleVar" id="g=Q~t3l)A04D3Wr]Cufv"><field name="varName">Outdoor_Events</field></block></value><value name="B"><block type="math_number" id="=wC`;c0WEzjrW5!W|kn}"><field name="NUM">0</field></block></value></block></value><statement name="DO0"><block type="popup" id="y0I!@[kLL6:S}^_s@2DR"><field name="popuptext">Your materials are not enough for the fabrication of heating pads for outdoor events. Foldability is an important feature of such a pad. Polymer yarn can make the pad easy foldable.</field></block></statement><next><block type="controls_if" id="|o+H3~UGRblgHCLh,yq0"><value name="IF0"><block type="logic_compare" id="JTmXf~570qnIS5i^TQd`"><field name="OP">LT</field><value name="A"><block type="singleVar" id="Lai(d/JG-q|t/D_D}7aa"><field name="varName">Heating_therapy</field></block></value><value name="B"><block type="math_number" id="Z+%tpH.O|ubes-CM3Z_9"><field name="NUM">0</field></block></value></block></value><statement name="DO0"><block type="popup" id="]jT:0/nMJhda_oscbyWN"><field name="popuptext">Your materials are not enough for the fabrication of heating pads used for heating therapy of muscle pain.Metal yarn and electricity circuit can guarantee the heatability of the pad.</field></block></statement><next><block type="controls_if" id="vJ_HW;oJ)4wgLe5PpASF"><value name="IF0"><block type="logic_compare" id="/!9fIXnf!Y|QY^i|B3jg"><field name="OP">LT</field><value name="A"><block type="singleVar" id="G#isO1I_/PB!`#xlX?jo"><field name="varName">Price</field></block></value><value name="B"><block type="math_number" id="~?f|{mh]U/~C]]VNr5KR"><field name="NUM">0</field></block></value></block></value><statement name="DO0"><block type="popup" id="TJv#a*fVlt6q5ME*buTA"><field name="popuptext">You are running out of money. Start choosing cheaper materials such as non-elastic heated fabric or pressure sensor technology.</field></block></statement></block></next></block></next></block></next></block></next></block></statement><next><block type="controls_if" id="[=@.bmo/FOmA!@.LwN8C"><value name="IF0"><block type="logic_operation" id="*gI:DqsH/d}RCUB[h^89"><field name="OP">AND</field><value name="A"><block type="current_point_check" id="K!ESKHwM-hM(YKH|mKs`"><field name="pointsNames">Battery </field></block></value><value name="B"><block type="logic_compare" id="selections"><field name="OP">EQ</field><value name="A"><block type="times_selected_check" id="selectionsNum"></block></value><value name="B"><block type="math_number" id="Ku0jt[%[qRvR6|-+Y)AH"><field name="NUM">1</field></block></value></block></value></block></value><statement name="DO0"><block type="popup" id="8cR9GJZ!U93iCiKT+Hc2"><field name="popuptext">You have selected to order Battery as the power supply material. Battery is good for using the pad outdoors but it makes it somewhat uncomfortable due to its size. </field></block></statement></block></next></block></xml>