<xml xmlns="http://www.w3.org/1999/xhtml"><block type="initialvalues" id="7%pi|u/wU`(M`t7@0~7Z" x="541" y="201"><statement name="Initial Values"><block type="initialValue" id="id1"><field name="varName">Wheelchair</field><value name="varVal"><block type="math_number" id="var1"><field name="NUM">0</field></block></value><next><block type="initialValue" id="id2"><field name="varName">Indoor_Events</field><value name="varVal"><block type="math_number" id="var2"><field name="NUM">0</field></block></value><next><block type="initialValue" id="(7w5^Hvq4zNqTR[jFe6X"><field name="varName">Outdoor_Events</field><value name="varVal"><block type="math_number" id="|f}9pc^UAbtK]62Zf3g+"><field name="NUM">0</field></block></value><next><block type="initialValue" id="xvVrOfkH6dO=0k[K*R[I"><field name="varName">Heating_therapy</field><value name="varVal"><block type="math_number" id="@W8[H5Q!,.9d!cE?,3[r"><field name="NUM">0</field></block></value><next><block type="initialValue" id="f}q]VRk%w6.rCa37?g8b"><field name="varName">Price</field><value name="varVal"><block type="math_number" id="6%K+Q:a@ClI2JVY{O]Gh"><field name="NUM">0</field></block></value><next><block type="initialValue" id="A:S@1gBTtfyD[3%GG-*u"><field name="varName">Info</field><value name="varVal"><block type="math_number" id="=i7u5A-1|7eA@y7!Q^3/"><field name="NUM">0</field></block></value></block></next></block></next></block></next></block></next></block></next></block></statement></block></xml>