<xml xmlns="http://www.w3.org/1999/xhtml"><block type="controls_if" id="O2fn(O;XV5j9A{lMx20q" x="154" y="-235"><value name="IF0"><block type="logic_compare" id="s]5baX6IzCeWr4ITxdGE"><field name="OP">LT</field><value name="A"><block type="singleVar" id="tu7W%r/;[t[E}K/vYiPQ"><field name="varName">Wheelchair</field></block></value><value name="B"><block type="math_number" id="}-2`db}|WSDYd}FKuH3."><field name="NUM">-5</field></block></value></block></value><statement name="DO0"><block type="controls_if" id="oL+:rXyY=k_R72MZPZH+"><value name="IF0"><block type="logic_compare" id="[Kjw@n]LPB!2gFK+CS[f"><field name="OP">LT</field><value name="A"><block type="movescounter" id="hhX{01`gWIcg`a}#|#YW"></block></value><value name="B"><block type="math_number" id="eG}mD!aqHA!IGw*Kjoy."><field name="NUM">10</field></block></value></block></value><statement name="DO0"><block type="popup" id="067je/tpe:s!@rgaiLxF"><field name="popuptext">You have not been provided with materials in a balanced way. You need to interpret your discovery phase findings better so that you can set better criteria for your “design challenge”. Try defining again!</field></block></statement></block></statement><next><block type="controls_if" id="B;9HaD0i/-?I?!?m%)#5"><value name="IF0"><block type="logic_compare" id="p-4trR@XSF{{a]uPJ8Wy"><field name="OP">GTE</field><value name="A"><block type="movescounter" id="kwWL@*Z5MZ3-[wP[dGO^"></block></value><value name="B"><block type="math_number" id="6W++kQPDGU@8Kud.IIhR"><field name="NUM">10</field></block></value></block></value><statement name="DO0"><block type="controls_if" id="U`H??-;oHztOH?@8.-K}"><mutation elseif="1" else="1"></mutation><value name="IF0"><block type="logic_operation" id=".IMZfIn^2,Fy}cYq4_kl"><field name="OP">AND</field><value name="A"><block type="logic_operation" id="MErNo7cFPV)i?:^C*{(c"><field name="OP">AND</field><value name="A"><block type="logic_compare" id="EN+W^~DeHx2l1d8V1@%X"><field name="OP">GT</field><value name="A"><block type="singleVar" id="R+i1-6n7kS;e#F6=cajs"><field name="varName">Indoor_Events</field></block></value><value name="B"><block type="math_number" id="{n8T.f.w~{2A#X7JI@v2"><field name="NUM">0</field></block></value></block></value><value name="B"><block type="logic_compare" id="MwwEB}h=]Oc|nOm,|n])"><field name="OP">GT</field><value name="A"><block type="singleVar" id="C@AZTCyiTk(}m*|nB,4~"><field name="varName">Outdoor_Events</field></block></value><value name="B"><block type="math_number" id="}((35}*oz#4FVhv0Zi1b"><field name="NUM">0</field></block></value></block></value></block></value><value name="B"><block type="logic_compare" id="iXQfp.A{8H.a,yGLVXu/"><field name="OP">GT</field><value name="A"><block type="singleVar" id="68a~+VzD(H]k_J4,#aSl"><field name="varName">Heating_therapy</field></block></value><value name="B"><block type="math_number" id="vlXq:LCa(3qf^Q23sv66"><field name="NUM">0</field></block></value></block></value></block></value><statement name="DO0"><block type="popup" id="9nAs3Ve|PBY-#wec}y+A"><field name="popuptext">Great! Targets set! As your criteria is set, you can go on exploring ways of developing your prototype in the “Develop” continent!</field></block></statement><value name="IF1"><block type="logic_operation" id="j8(YGThfE=o!v(r4`bFS"><field name="OP">AND</field><value name="A"><block type="logic_operation" id="48NL=O^0X|67#_#5uAZ7"><field name="OP">AND</field><value name="A"><block type="logic_compare" id="xOi.=0t^z|45m#9JlxlU"><field name="OP">GT</field><value name="A"><block type="singleVar" id="]cy(,PsVE;)h)^7kZMiQ"><field name="varName">Indoor_Events</field></block></value><value name="B"><block type="math_number" id="5uYM)=^vAyMg|4bgqTXg"><field name="NUM">-2</field></block></value></block></value><value name="B"><block type="logic_compare" id="Q@-T[,]/ZNvH:H-,W9cT"><field name="OP">GT</field><value name="A"><block type="singleVar" id=":(]}Tw^*s+P8D1/}PlLi"><field name="varName">Outdoor_Events</field></block></value><value name="B"><block type="math_number" id="PjeiHMJDz,FdON|uc%M("><field name="NUM">-2</field></block></value></block></value></block></value><value name="B"><block type="logic_compare" id="u~sZ10FjGe2GM?w%K%XF"><field name="OP">GT</field><value name="A"><block type="singleVar" id="~bA_aum{TGqu%BD4ZLWe"><field name="varName">Heating_therapy</field></block></value><value name="B"><block type="math_number" id="~f?@X;psFVS#xslVYWvX"><field name="NUM">-2</field></block></value></block></value></block></value><statement name="DO1"><block type="popup" id="?,9r(D*/jx-s(??S]ozC"><field name="popuptext">Nice, but gaining more insights will help you to assess your project’s criteria better. Before going to the “Develop” continent, consider repeating the game or exploring more countries in this continent.</field></block></statement><statement name="ELSE"><block type="popup" id="I|,}rM?*`@nK(EdI?b8`"><field name="popuptext">You did not provide the factory with materials in a balanced way. You need to interpret your discovery phase findings better so that you can set better criteria for your “design challenge”. Try defining again!</field></block></statement></block></statement><next><block type="controls_if" id="3I3y_JVK;~]qnSu[J]oQ"><value name="IF0"><block type="logic_compare" id="A%sqH%|:zumKKuh#3lnV"><field name="OP">LT</field><value name="A"><block type="singleVar" id="*hjdVyfIQU()p.@JTimm"><field name="varName">Indoor_Events</field></block></value><value name="B"><block type="math_number" id="(4w?*xU,CI%d?_0hfA@="><field name="NUM">-5</field></block></value></block></value><statement name="DO0"><block type="controls_if" id="vKS(~d/+aQ_+50{JsIR5"><value name="IF0"><block type="logic_compare" id="l~SsJCk}O22K/7,?V.=^"><field name="OP">LT</field><value name="A"><block type="movescounter" id=":^G0{FR@xZm0?LQ_dQo="></block></value><value name="B"><block type="math_number" id="%6k]Kzj^)a@avwS|:jtt"><field name="NUM">10</field></block></value></block></value><statement name="DO0"><block type="popup" id="2^,ZOVd^ZO(WTVHYY8,Y"><field name="popuptext">You have not been provided with materials in a balanced way. You need to interpret your discovery phase findings better so that you can set better criteria for your “design challenge”. Try defining again!</field></block></statement></block></statement><next><block type="controls_if" id="ns1q^p5FpkbJ?@kotZvr"><value name="IF0"><block type="logic_compare" id="sZ42pI7.AKh6:ym^q:2Y"><field name="OP">GTE</field><value name="A"><block type="movescounter" id="Qfl#jJ%IzIxOZRYjYI^d"></block></value><value name="B"><block type="math_number" id="}Fc0zl4N1_C+7{8Svzf."><field name="NUM">10</field></block></value></block></value><statement name="DO0"><block type="controls_if" id="lP]i7lCwl!`,xi;Q5DPz"><mutation elseif="1" else="1"></mutation><value name="IF0"><block type="logic_operation" id="(AC!?#[*q2881rjQbEHZ"><field name="OP">AND</field><value name="A"><block type="logic_operation" id="S^yS1%`a]mY;OXRKG~i^"><field name="OP">AND</field><value name="A"><block type="logic_compare" id="lK|7z[0]@s9}%5=mUdM["><field name="OP">GT</field><value name="A"><block type="singleVar" id="xsm0dPd#Ue1[]xF!.3QG"><field name="varName">Wheelchair</field></block></value><value name="B"><block type="math_number" id="Hr4@fSt((?kP]VT%G0D5"><field name="NUM">0</field></block></value></block></value><value name="B"><block type="logic_compare" id="2FpB{[/E6ma(tFXB[J|R"><field name="OP">GT</field><value name="A"><block type="singleVar" id=",.:`#:KA4g=sv/uWC~ZH"><field name="varName">Outdoor_Events</field></block></value><value name="B"><block type="math_number" id="OIzR]2(Q!y6jG9=qgf7E"><field name="NUM">0</field></block></value></block></value></block></value><value name="B"><block type="logic_compare" id="]WB%47yYtjuF]i3D=HXj"><field name="OP">GT</field><value name="A"><block type="singleVar" id="IhWTl^EEQuCsTXar28(L"><field name="varName">Heating_therapy</field></block></value><value name="B"><block type="math_number" id="}TIINKRX5?lGa9Gy+@k:"><field name="NUM">0</field></block></value></block></value></block></value><statement name="DO0"><block type="popup" id="DXh/OHJb-v=YSe]8#;Q_"><field name="popuptext">Great! Targets set! As your criteria is set, you can go on exploring ways of developing your prototype in the “Develop” continent!</field></block></statement><value name="IF1"><block type="logic_operation" id="tSh)mYu]VT;xqMysJu!O"><field name="OP">AND</field><value name="A"><block type="logic_operation" id="(Ri|)m=OOp0WKYYis?r@"><field name="OP">AND</field><value name="A"><block type="logic_compare" id="B~D]cjyh/F}!^ipIo]y6"><field name="OP">GT</field><value name="A"><block type="singleVar" id="ia#V{Gp:eAeH_eb3F%7H"><field name="varName">Wheelchair</field></block></value><value name="B"><block type="math_number" id="jvp2m7.,@*^:R@g#~yWh"><field name="NUM">-2</field></block></value></block></value><value name="B"><block type="logic_compare" id="#/7Ljt@5bO4)(XoWHGyl"><field name="OP">GT</field><value name="A"><block type="singleVar" id="W,[MBZeMa5HcIh82cC:%"><field name="varName">Outdoor_Events</field></block></value><value name="B"><block type="math_number" id="TTit9XK|hT;2HH%etQg+"><field name="NUM">-2</field></block></value></block></value></block></value><value name="B"><block type="logic_compare" id="RU6A}(HOl2]Tch-.;X.P"><field name="OP">GT</field><value name="A"><block type="singleVar" id="eto@,h~cTjbNw*8S^D7-"><field name="varName">Heating_therapy</field></block></value><value name="B"><block type="math_number" id="Uh3v^V/?Z~Gv)_TEDQUK"><field name="NUM">-2</field></block></value></block></value></block></value><statement name="DO1"><block type="popup" id="Yee)*xeooXLAoGT-DmxU"><field name="popuptext">Nice, but gaining more insights will help you to assess your project’s criteria better. Before going to the “Develop” continent, consider repeating the game or exploring more countries in this continent.</field></block></statement><statement name="ELSE"><block type="popup" id="rv9.,mHArC6c})Zu~{XN"><field name="popuptext">You did not provide the factory with materials in a balanced way. You need to interpret your discovery phase findings better so that you can set better criteria for your “design challenge”. Try defining again!</field></block></statement></block></statement><next><block type="controls_if" id="*Gbw5I.IvFuvM7|-1Ml?"><value name="IF0"><block type="logic_compare" id="u;U8@7VVK8d0Um@MTKj~"><field name="OP">LT</field><value name="A"><block type="singleVar" id="yo8V8mB~x{0Gtj;_AcmA"><field name="varName">Outdoor_Events</field></block></value><value name="B"><block type="math_number" id="2E-@N`^}@k;tFPxU3-|_"><field name="NUM">-5</field></block></value></block></value><statement name="DO0"><block type="controls_if" id="8j1Efygp{VB{xiM}k]ev"><value name="IF0"><block type="logic_compare" id="b-{7g^.xG@unBx8(lA16"><field name="OP">LT</field><value name="A"><block type="movescounter" id="9!mLVKAcoQeM{wsw5^we"></block></value><value name="B"><block type="math_number" id="%dqGmCWgF4%,im5}yn)J"><field name="NUM">10</field></block></value></block></value><statement name="DO0"><block type="popup" id="Hh,tRki=d|k5n8#)x/0|"><field name="popuptext">You have not been provided with materials in a balanced way. You need to interpret your discovery phase findings better so that you can set better criteria for your “design challenge”. Try defining again!</field></block></statement></block></statement><next><block type="controls_if" id="fs2Q`LQDS8^PoY,3F^Sz"><value name="IF0"><block type="logic_compare" id="lHTPz}.xMmcx7xOrbJ86"><field name="OP">GTE</field><value name="A"><block type="movescounter" id="9M[o^r3UzIJuuU%ctc(Z"></block></value><value name="B"><block type="math_number" id="2{%i9Sj_*AZsypS7HR%r"><field name="NUM">10</field></block></value></block></value><statement name="DO0"><block type="controls_if" id="dlaDys[GECur6XyQtYd["><mutation elseif="1" else="1"></mutation><value name="IF0"><block type="logic_operation" id="!81i.LT=cA:,jjy76E00"><field name="OP">AND</field><value name="A"><block type="logic_operation" id="]T1CHv;G9s9_enfKhYUW"><field name="OP">AND</field><value name="A"><block type="logic_compare" id="zQMy8v)%#RJ(Te^fQfkX"><field name="OP">GT</field><value name="A"><block type="singleVar" id="(~3w7nU:fy=e*Dy.Hom~"><field name="varName">Wheelchair</field></block></value><value name="B"><block type="math_number" id="}R]/7__0]Aep,kMR*Cp6"><field name="NUM">0</field></block></value></block></value><value name="B"><block type="logic_compare" id="JD5aQB/O:V!WK(OtOj;O"><field name="OP">GT</field><value name="A"><block type="singleVar" id="p8Qp{7{1C/_p!Zs~jWLB"><field name="varName">Indoor_Events</field></block></value><value name="B"><block type="math_number" id="Gv.|.w4dav[bpC00BnPB"><field name="NUM">0</field></block></value></block></value></block></value><value name="B"><block type="logic_compare" id="nj_G=iOVY(7A8qunq9s."><field name="OP">GT</field><value name="A"><block type="singleVar" id="wr0frB-]#uFSCH-v%=Bi"><field name="varName">Heating_therapy</field></block></value><value name="B"><block type="math_number" id="adQT7wz]TKjsKs@96ikd"><field name="NUM">0</field></block></value></block></value></block></value><statement name="DO0"><block type="popup" id="YE!YtpT.Y:0B7vPvdfU7"><field name="popuptext">Great! Targets set! As your criteria is set, you can go on exploring ways of developing your prototype in the “Develop” continent!</field></block></statement><value name="IF1"><block type="logic_operation" id="upjHbXPvcE8Y6G2`IJ-e"><field name="OP">AND</field><value name="A"><block type="logic_operation" id="BDrvZI@-XQ:21s[uQ8aR"><field name="OP">AND</field><value name="A"><block type="logic_compare" id=".hJ8Hy;Hgr?1OiMHII@5"><field name="OP">GT</field><value name="A"><block type="singleVar" id="WK8{`R2sF/;0q7?+fXlw"><field name="varName">Wheelchair</field></block></value><value name="B"><block type="math_number" id="i?J;+90GeHCa;rwn/B.("><field name="NUM">-2</field></block></value></block></value><value name="B"><block type="logic_compare" id="7ceQY=!xNX0Ba;3-F@PD"><field name="OP">GT</field><value name="A"><block type="singleVar" id="MS-;+cj}kGgVq*#6G,-:"><field name="varName">Indoor_Events</field></block></value><value name="B"><block type="math_number" id="/aNx4}I!o?96?EjNhkte"><field name="NUM">-2</field></block></value></block></value></block></value><value name="B"><block type="logic_compare" id=")?]4(ZomtxXqBe^8M(U+"><field name="OP">GT</field><value name="A"><block type="singleVar" id="P=n=w@b#,^BoVIY_ikoS"><field name="varName">Heating_therapy</field></block></value><value name="B"><block type="math_number" id="h/F8VJQG!T!z-`lP,:[0"><field name="NUM">-2</field></block></value></block></value></block></value><statement name="DO1"><block type="popup" id="ftmVANX|U.=K`E~N]+`k"><field name="popuptext">Nice, but gaining more insights will help you to assess your project’s criteria better. Before going to the “Develop” continent, consider repeating the game or exploring more countries in this continent.</field></block></statement><statement name="ELSE"><block type="popup" id="}|7isPLi(a.Jgd[LaN-+"><field name="popuptext">You did not provide the factory with materials in a balanced way. You need to interpret your discovery phase findings better so that you can set better criteria for your “design challenge”. Try defining again!</field></block></statement></block></statement></block></next></block></next></block></next></block></next></block></next></block><block type="controls_if" id="=^7R!O_0wyS#T~f5I-VX" x="1314" y="-138"><value name="IF0"><block type="logic_compare" id="|{I*g1kKEiE|dpE8Gyc0"><field name="OP">LT</field><value name="A"><block type="singleVar" id="M[NG`LN3v;wwWPF.V@|d"><field name="varName">Heating_therapy</field></block></value><value name="B"><block type="math_number" id="#dLDInX,l)~J(6mrb3D#"><field name="NUM">-5</field></block></value></block></value><statement name="DO0"><block type="controls_if" id="5+Z-rYs8Yn5PdrG;+HF/"><value name="IF0"><block type="logic_compare" id="gBIMJ@mwS2QwF7Smd=(_"><field name="OP">LT</field><value name="A"><block type="movescounter" id="0Hh7jSrz.bJ^X5q^df}8"></block></value><value name="B"><block type="math_number" id="rtV[)Y9YkAECS?mkrSb-"><field name="NUM">10</field></block></value></block></value><statement name="DO0"><block type="popup" id="H(P|J?y8B+z,y:FW}fnV"><field name="popuptext">You have not been provided with materials in a balanced way. You need to interpret your discovery phase findings better so that you can set better criteria for your “design challenge”. Try defining again!</field></block></statement></block></statement><next><block type="controls_if" id="]tIf)YUj2hZ3J)gD]uDx"><value name="IF0"><block type="logic_compare" id="^IXf*@)`iz1QOv^:kDqi"><field name="OP">GTE</field><value name="A"><block type="movescounter" id="#x~A0.w%uUN#-YhTu{e5"></block></value><value name="B"><block type="math_number" id="J:}6}B0%J=@s:0kJ-BAa"><field name="NUM">10</field></block></value></block></value><statement name="DO0"><block type="controls_if" id="mc7Z`@(sT(al%x)v2BI!"><mutation elseif="1" else="1"></mutation><value name="IF0"><block type="logic_operation" id="x-ds]Jps7(cw_C-q#tGS"><field name="OP">AND</field><value name="A"><block type="logic_operation" id="^nkXvCfDOWWMerJ8St=/"><field name="OP">AND</field><value name="A"><block type="logic_compare" id="W?X//rn]YCrM@^;K;g7="><field name="OP">GT</field><value name="A"><block type="singleVar" id="O#v(*O,~{ia8c{cE0sa="><field name="varName">Wheelchair</field></block></value><value name="B"><block type="math_number" id="Sv@~z-`gnL3Z;#+;PuL:"><field name="NUM">0</field></block></value></block></value><value name="B"><block type="logic_compare" id="4SSj5T2x=m-#{*OPlN1M"><field name="OP">GT</field><value name="A"><block type="singleVar" id="}9:U(!Bi]vb?aAb2@`dL"><field name="varName">Indoor_Events</field></block></value><value name="B"><block type="math_number" id=")d8uJGcvWxAdzvQKGZ.5"><field name="NUM">0</field></block></value></block></value></block></value><value name="B"><block type="logic_compare" id="/h(QrJX]omqBZ1uBsBY{"><field name="OP">GT</field><value name="A"><block type="singleVar" id="30[dzC.1QvEA9vAyBEe9"><field name="varName">Outdoor_Events</field></block></value><value name="B"><block type="math_number" id="5zxGdNrli1A40(D5*.EQ"><field name="NUM">0</field></block></value></block></value></block></value><statement name="DO0"><block type="popup" id="~=|mrY;ge/r815Yvtq5;"><field name="popuptext">Great! Targets set! As your criteria is set, you can go on exploring ways of developing your prototype in the “Develop” continent!</field></block></statement><value name="IF1"><block type="logic_operation" id="uz`)A:VCk[o1+^8}7A`="><field name="OP">AND</field><value name="A"><block type="logic_operation" id="d:9#L7Db]/-c*Eekf[GF"><field name="OP">AND</field><value name="A"><block type="logic_compare" id="f`P%1P6hqO{tIq7vxX)X"><field name="OP">GT</field><value name="A"><block type="singleVar" id="IlChkz/3NLCHKV%.#/FT"><field name="varName">Wheelchair</field></block></value><value name="B"><block type="math_number" id="Uwq(:7!ivv;O5*@8c2~^"><field name="NUM">-2</field></block></value></block></value><value name="B"><block type="logic_compare" id="fisrGv)f-ABNJ,-82hQu"><field name="OP">GT</field><value name="A"><block type="singleVar" id="C)z=1QQeE{BJC0qK.{,6"><field name="varName">Indoor_Events</field></block></value><value name="B"><block type="math_number" id="bBu5_|tnF)cD0}CBRRXf"><field name="NUM">-2</field></block></value></block></value></block></value><value name="B"><block type="logic_compare" id="cri`A|2L4L5aVU)/+2+L"><field name="OP">GT</field><value name="A"><block type="singleVar" id="H{cYwkEM9NWYJ];t#kxJ"><field name="varName">Outdoor_Events</field></block></value><value name="B"><block type="math_number" id="U`4/d5Y|t#RoCYuWx|XS"><field name="NUM">-2</field></block></value></block></value></block></value><statement name="DO1"><block type="popup" id="YLy#/;?IuG7zq(2+VzhB"><field name="popuptext">Nice, but gaining more insights will help you to assess your project’s criteria better. Before going to the “Develop” continent, consider repeating the game or exploring more countries in this continent.</field></block></statement><statement name="ELSE"><block type="popup" id="S`y%Z@.a*)/(5g@U4xDb"><field name="popuptext">You did not provide the factory with materials in a balanced way. You need to interpret your discovery phase findings better so that you can set better criteria for your “design challenge”. Try defining again!</field></block></statement></block></statement><next><block type="controls_if" id="/sBa.c@)24P!/=-5AY4}"><value name="IF0"><block type="logic_compare" id="w@EAS3,{v34ZsZ8.)Uwn"><field name="OP">LTE</field><value name="A"><block type="singleVar" id="XeE.%votOEWRZc#uc`MP"><field name="varName">Price</field></block></value><value name="B"><block type="math_number" id="vckplLxB3AF6XOd+{Hnx"><field name="NUM">-10</field></block></value></block></value><statement name="DO0"><block type="popup" id="7OoSt#l1m[]=XL;5mx%."><field name="popuptext">You have run out of money.</field><next><block type="sound" id="FYi#iJ|JDD}(HNI756cE"><field name="NAME">lose</field><next><block type="gameover" id="d,wq:m2,BsL4~8[7C,%h"></block></next></block></next></block></statement></block></next></block></next></block></xml>