[{"id":32,"description":"Add features","values":{"About":"Adding new technical features to the SmatJacket","Attention":"2","Interest":{"type":"plus","num":"2"},"Desire":{"type":"plus","num":"-2"},"Action":"1"},"imguri":"","layers":"Main","isDummy":false,"latlng":{"lat":404.06082175040973,"lng":391.0402814715392}},{"id":35,"description":"Promotion","values":{"About":"Increases the number of ads in newspapers and other media.","Attention":"5","Interest":{"type":"plus","num":"3"},"Desire":{"type":"rand","from":"-1","to":"3"},"Action":"-5"},"imguri":"","layers":"Main","isDummy":false,"latlng":{"lat":408.64571298011884,"lng":135.1176200638959}},{"id":38,"description":"Discount","values":{"About":"Discount sales and discounts on prices.","Attention":"2","Interest":{"type":"plus","num":"2"},"Desire":{"type":"plus","num":"3"},"Action":"-5"},"imguri":"","layers":"Main","isDummy":false,"latlng":{"lat":389.35820066937987,"lng":764.6854853411585}},{"id":41,"description":"Place","values":{"About":"Moving to new retail space on a busy shopping street.","Attention":"2","Interest":{"type":"rand","from":"-3","to":"3"},"Desire":{"type":"rand","from":"-2","to":"2"},"Action":"-3"},"imguri":"","layers":"Main","isDummy":false,"latlng":{"lat":191.0124600555512,"lng":267.18146685709485}},{"id":44,"description":"Hire People","values":{"About":"Hire more salespeople for the store.","Attention":"-1","Interest":{"type":"rand","from":"-2","to":"2"},"Desire":{"type":"plus","num":"-2"},"Action":"-2"},"imguri":"","layers":"Main","isDummy":false,"latlng":{"lat":299.375971036629,"lng":588.6159804931763}},{"id":47,"description":"Process/Customer Experience","values":{"About":"Develop SmartJacket’s fitting and testing process with customers.","Attention":"-5","Interest":{"type":"rand","from":"-2","to":"3"},"Desire":{"type":"plus","num":"1"},"Action":"4"},"imguri":"","layers":"Main","isDummy":false,"latlng":{"lat":175.37956803579277,"lng":756.4918918039393}},{"id":50,"description":"Physical evidence","values":{"About":"Producing a YouTube video about the product and it characteristic.","Attention":"2","Interest":{"type":"plus","num":"3"},"Desire":{"type":"rand","from":"-1","to":"3"},"Action":"-2"},"imguri":"","layers":"Main","isDummy":false,"latlng":{"lat":154.29090673026096,"lng":487.2655742615125}}]