<xml xmlns="http://www.w3.org/1999/xhtml"><block type="controls_if" id="=72Z:d4uIA7GkJw/i~Tn" x="829" y="252"><value name="IF0"><block type="logic_compare" id="#P.eD6p*d7JE`SIzizv1"><field name="OP">EQ</field><value name="A"><block type="math_modulo" id="z;{,eQp(@v51A)-833J3"><value name="DIVIDEND"><shadow type="math_number" id="8xfv1uOnuMA{L27;NEc|"><field name="NUM">64</field></shadow><block type="movescounter" id="qjH7[}ocQvT~zQGgSgJX"></block></value><value name="DIVISOR"><shadow type="math_number" id="sKT!Z6}93D,rQ;nkddFx"><field name="NUM">7</field></shadow></value></block></value><value name="B"><block type="math_number" id="q;-5Gb-D;,=Aevk`fMLT"><field name="NUM">0</field></block></value></block></value><statement name="DO0"><block type="show_all" id="uvIA@eA.#JF`YniN[+in"><next><block type="show_point" id="TQMi)bs?#avAJ#Hs!t0_"><field name="pointsNames">Place</field><next><block type="popup" id="~p2x*##_IylJ[_V;=/H["><field name="popuptext">You can move!</field><next><block type="controls_if" id=";4;u5RLZYg+zU@:Nk{;x"><value name="IF0"><block type="current_point_check" id="%9[7sTcV?q~;H?}1Y{)m"><field name="pointsNames">Place</field></block></value><statement name="DO0"><block type="hide_point" id="a]+{+n7|(WT-Kw7lgkm#"><field name="pointsNames">Place</field></block></statement></block></next></block></next></block></next></block></statement></block><block type="controls_if" id="oUgd{3K~U[F@#aF]}ygA" x="839" y="487"><value name="IF0"><block type="logic_compare" id="~a@gT-aydG21O-1G.sjK"><field name="OP">LTE</field><value name="A"><block type="singleVar" id="RTuC:_mI#d@k69q|ly)+"><field name="varName">Attention</field></block></value><value name="B"><block type="math_number" id="qIM#58w_X12vI;dXPueD"><field name="NUM">-8</field></block></value></block></value><statement name="DO0"><block type="popup" id="[Q+z*@b?dHC7[R=3+,rX"><field name="popuptext">Be careful! You have to gain more attention.</field></block></statement><next><block type="controls_if" id="Qm|~p9CJ;J8AZ(aSf]f}"><value name="IF0"><block type="logic_compare" id="W:EwaXtnN`sRsIbU_m-`"><field name="OP">LTE</field><value name="A"><block type="singleVar" id="yQ8Ew(^f2)mh.C5~w[[}"><field name="varName">Interest</field></block></value><value name="B"><block type="math_number" id="em:_9.A(q81(U~1Aeg4G"><field name="NUM">-8</field></block></value></block></value><statement name="DO0"><block type="popup" id="fxHx3D)ATXwcBlvspe6h"><field name="popuptext">Be careful! Interest has been decreased.</field></block></statement><next><block type="controls_if" id="Zg7H(rJX5S_(l+GP}Qkg"><value name="IF0"><block type="logic_compare" id="GnpG)Q05Y#D]jxd@k@h{"><field name="OP">LTE</field><value name="A"><block type="singleVar" id="sl6[vH}OfgA.*569(~8o"><field name="varName">Desire</field></block></value><value name="B"><block type="math_number" id="{[BLH_aeU.DC97YXPw+a"><field name="NUM">-8</field></block></value></block></value><statement name="DO0"><block type="popup" id="Dv!ft-0lKHBYz4L)b:+F"><field name="popuptext">Be careful! Desire has been decreased.</field></block></statement><next><block type="controls_if" id="oOWj4X]f`HfTR2t:7~WZ"><value name="IF0"><block type="logic_compare" id="Htsm[RHiOVr4lpIdWP+8"><field name="OP">LTE</field><value name="A"><block type="singleVar" id="rGG}^N1n87v8i7(:dEs1"><field name="varName">Action</field></block></value><value name="B"><block type="math_number" id="cWWDOP6My9YN}*C*qRt8"><field name="NUM">-8</field></block></value></block></value><statement name="DO0"><block type="popup" id="]xnWz):4L_%J|L^WelPs"><field name="popuptext">Be careful! Action.....</field></block></statement></block></next></block></next></block></next></block></xml>