<xml xmlns="http://www.w3.org/1999/xhtml"><block type="initialvalues" id="7%pi|u/wU`(M`t7@0~7Z" x="159" y="134"><statement name="Initial Values"><block type="hide_point" id="NYd^%w[kG7kjcLM0@8wG"><field name="pointsNames">Place</field><next><block type="initialValue" id="id1"><field name="varName">Attention</field><value name="varVal"><block type="math_number" id="var1"><field name="NUM">0</field></block></value><next><block type="initialValue" id="id2"><field name="varName">Interest</field><value name="varVal"><block type="math_number" id="var2"><field name="NUM">0</field></block></value><next><block type="initialValue" id="_RUAa1to@GdWezNd*!6D"><field name="varName">Desire</field><value name="varVal"><block type="math_number" id="b^BzccAA|OeaV1c-@;EK"><field name="NUM">0</field></block></value><next><block type="initialValue" id="k{G2dPHG;yn-OXE]xh:/"><field name="varName">Action</field><value name="varVal"><block type="math_number" id="1DTfXQs=W^7I-^kl,=i1"><field name="NUM">0</field></block></value></block></next></block></next></block></next></block></next></block></statement></block></xml>