<xml xmlns="http://www.w3.org/1999/xhtml"><block type="controls_if" id="oUgd{3K~U[F@#aF]}ygA" x="466" y="250"><value name="IF0"><block type="logic_compare" id="~a@gT-aydG21O-1G.sjK"><field name="OP">LT</field><value name="A"><block type="singleVar" id="RTuC:_mI#d@k69q|ly)+"><field name="varName">Attention</field></block></value><value name="B"><block type="math_number" id="qIM#58w_X12vI;dXPueD"><field name="NUM">-10</field></block></value></block></value><statement name="DO0"><block type="popup" id="[XMzb=tiZEwjnqR(]mUV"><field name="popuptext">SmartJacket does not draw any attention...</field><next><block type="gameover" id="MLR/6i}9oB6st5-+BGN}"></block></next></block></statement><next><block type="controls_if" id="|Rx`3Q1omO#6Q;kdt[w)"><value name="IF0"><block type="logic_compare" id="D)GK/Sa;YiAEPhOve*b`"><field name="OP">LT</field><value name="A"><block type="singleVar" id="JW~7]!ko601(KHfMggZf"><field name="varName">Interest</field></block></value><value name="B"><block type="math_number" id="7tJTIAdp3wemRv]Ah(38"><field name="NUM">-10</field></block></value></block></value><statement name="DO0"><block type="popup" id="DAYd:|-Bpl)H/fCY5RWh"><field name="popuptext">People are not interested in SmartJacket...</field><next><block type="gameover" id="*:[r?rb8/h|hFiYP/GD@"></block></next></block></statement><next><block type="controls_if" id="pb41cR75zVEmivC1,U4q"><value name="IF0"><block type="logic_compare" id="=8:tgn)=^a.8xRhD2L;#"><field name="OP">LT</field><value name="A"><block type="singleVar" id="j7rf.)Xi:=y@9n)}BbpI"><field name="varName">Desire</field></block></value><value name="B"><block type="math_number" id="yG:*^f8a6|7Tc.bd0~^-"><field name="NUM">-10</field></block></value></block></value><statement name="DO0"><block type="popup" id="[{cPz)qzh4AfA-2Gg4K)"><field name="popuptext">People do not desire to buy SmartJacket...</field><next><block type="gameover" id="vE*fCw55Yi+*9ze5CPLF"></block></next></block></statement></block></next></block></next></block></xml>