[{"id":38,"description":"Metal yarn","values":{"Heatability":"5","Foldability":"-5","Comfort":"-4","Outdoor_Performance":"-4","Price":"30","Energy_Efficiency":"3"},"imguri":"","layers":"Main","isDummy":false,"latlng":{"lat":386.5741115507564,"lng":685.3605737879387}},{"id":41,"description":"Polymer yarn conductive","values":{"Heatability":"1","Foldability":"4","Comfort":"1","Outdoor_Performance":"4","Price":"15","Energy_Efficiency":"1"},"imguri":"","layers":"Main","isDummy":false,"latlng":{"lat":416.48992156295907,"lng":191.85185185185185}},{"id":44,"description":"Elastic heated fabric","values":{"Heatability":"2","Foldability":"5","Comfort":"-2","Outdoor_Performance":"3","Price":"20","Energy_Efficiency":"3"},"imguri":"","layers":"Main","isDummy":false,"latlng":{"lat":436.4025974025974,"lng":894.0227532203724}},{"id":47,"description":"Non-elastic heated fabric","values":{"Heatability":"2","Foldability":"-4","Comfort":"-2","Outdoor_Performance":"2","Price":"5","Energy_Efficiency":"1"},"imguri":"","layers":"Main","isDummy":false,"latlng":{"lat":367.4133880403365,"lng":885.3994461887991}},{"id":50,"description":"Upholstery","values":{"Heatability":"-4","Foldability":"-2","Comfort":"5","Outdoor_Performance":"3","Price":"20","Energy_Efficiency":"-4"},"imguri":"","layers":"Main","isDummy":false,"latlng":{"lat":431.19031141868516,"lng":562.1259259259259}},{"id":53,"description":"Pressure sensor technology","values":{"Heatability":"-1","Foldability":"0","Comfort":"2","Outdoor_Performance":"-2","Price":"10","Energy_Efficiency":"0"},"imguri":"","layers":"Main","isDummy":false,"latlng":{"lat":105.42445531670064,"lng":263.11479681016704}},{"id":56,"description":"Temperature sensor technology","values":{"Heatability":"3","Foldability":"0","Comfort":"3","Outdoor_Performance":"5","Price":"15","Energy_Efficiency":"2"},"imguri":"","layers":"Main","isDummy":false,"latlng":{"lat":96.50291888673038,"lng":546.3991813244583}},{"id":59,"description":"Battery ","values":{"Heatability":"3","Foldability":"1","Comfort":"-1","Outdoor_Performance":"3","Price":"20","Energy_Efficiency":"2"},"imguri":"","layers":"Main","isDummy":false,"latlng":{"lat":264.8979238754325,"lng":666.6827788727626}},{"id":62,"description":"Mains electricity (AC)","values":{"Heatability":"5","Foldability":"-4","Comfort":"-1","Outdoor_Performance":"2","Price":"15","Energy_Efficiency":"2"},"imguri":"","layers":"Main","isDummy":false,"latlng":{"lat":257.1769685515927,"lng":401.924846266815}},{"id":65,"description":"Waterproof equipment","values":{"Heatability":"-2","Foldability":"0","Comfort":"-3","Outdoor_Performance":"5","Price":"30","Energy_Efficiency":"-3"},"imguri":"","layers":"Main","isDummy":false,"latlng":{"lat":384.39446366782005,"lng":453.72802542134804}},{"id":68,"description":"Control/regulation","values":{"Heatability":"3","Foldability":"0","Comfort":"-2","Outdoor_Performance":"5","Price":"60","Energy_Efficiency":"5"},"imguri":"","layers":"Main","isDummy":false,"latlng":{"lat":103.19764982199551,"lng":842.8405346515771}},{"id":71,"description":"Solar panel","values":{"Heatability":"0","Foldability":"-1","Comfort":"-1","Outdoor_Performance":"5","Price":"60","Energy_Efficiency":"3"},"imguri":"","layers":"Main","isDummy":false,"latlng":{"lat":259.0484429065744,"lng":907.4869318521172}},{"id":74,"description":"Thermal insulation on one side","values":{"Heatability":"2","Foldability":"-2","Comfort":"-3","Outdoor_Performance":"4","Price":"40","Energy_Efficiency":"3"},"imguri":"","layers":"Main","isDummy":false,"latlng":{"lat":335.0916955017301,"lng":408.64644970479645}}]