<xml xmlns="http://www.w3.org/1999/xhtml"><block type="controls_if" id="oUgd{3K~U[F@#aF]}ygA" x="203" y="58"><value name="IF0"><block type="logic_compare" id="~a@gT-aydG21O-1G.sjK"><field name="OP">LT</field><value name="A"><block type="singleVar" id="RTuC:_mI#d@k69q|ly)+"><field name="varName">Heatability</field></block></value><value name="B"><block type="math_number" id="qIM#58w_X12vI;dXPueD"><field name="NUM">-5</field></block></value></block></value><statement name="DO0"><block type="popup" id="[XMzb=tiZEwjnqR(]mUV"><field name="popuptext">The heatability of the pad is extremely low. Click below to play again or to this link to play the next application scenario http://etl.ppp.uoa.gr/choico/?heatingpad2</field><next><block type="sound" id="wtXI-F-JgWmNs`%9(K{_"><field name="NAME">lose</field><next><block type="gameover" id="MLR/6i}9oB6st5-+BGN}"></block></next></block></next></block></statement><next><block type="controls_if" id="_EEFi08@w0_6.)D^9z@]"><value name="IF0"><block type="logic_compare" id="dOqBGO5[I!xN)QKxh%X["><field name="OP">LT</field><value name="A"><block type="singleVar" id="PajO%@63]|!BT@w!ksEs"><field name="varName">Outdoor_Performance</field></block></value><value name="B"><block type="math_number" id="z3(AFPJ3ZPfXFC*s;RAH"><field name="NUM">-5</field></block></value></block></value><statement name="DO0"><block type="popup" id="`Zgfx=)bBy*Y69bn1e)y"><field name="popuptext">The pad is not energy efficient.Click below to play again or to this link to play the next application scenario http://etl.ppp.uoa.gr/choico/?heatingpad2</field><next><block type="sound" id="bzf!X1*suH3[[fI`p:zq"><field name="NAME">lose</field><next><block type="gameover" id="/GlV4YbreeyDH|BiJmL*"></block></next></block></next></block></statement><next><block type="controls_if" id="_BjX3s7_~MS;fW+01BIa"><value name="IF0"><block type="logic_compare" id="S]spvCVzXz[yk,n8q=Gz"><field name="OP">LT</field><value name="A"><block type="singleVar" id="#9/lYhSQYSvRp-LEa[H;"><field name="varName">Comfort</field></block></value><value name="B"><block type="math_number" id="kLFd2PU.h8{z6?H^/f}m"><field name="NUM">-5</field></block></value></block></value><statement name="DO0"><block type="popup" id="Nl=sJYLFY[vY{H)Zbo61"><field name="popuptext">Comfort is important for wheelchair use! Click below to play again or to this link to play the next application scenario http://etl.ppp.uoa.gr/choico/?heatingpad2</field><next><block type="sound" id="xuWz)IU!d^_#@`V_VyZ-"><field name="NAME">lose</field><next><block type="gameover" id="L61Lt7!fsgaGMgK;E617"></block></next></block></next></block></statement><next><block type="controls_if" id="k{;@n^s/EqOz2I7mnJ9J"><value name="IF0"><block type="logic_compare" id="2g?^k`b5lc1|6=XN,JLu"><field name="OP">GTE</field><value name="A"><block type="singleVar" id="AU4Rh,r2~H2AK35AmD%g"><field name="varName">Price</field></block></value><value name="B"><block type="math_number" id="W+F`,L%0!Xp/K.Cpv2aZ"><field name="NUM">150</field></block></value></block></value><statement name="DO0"><block type="popup" id="]4/1,F-xHVpdy#*gk@hb"><field name="popuptext">Your product is too expensive! Click below to play again or to this link to play the next application scenario http://etl.ppp.uoa.gr/choico/?heatingpad2</field><next><block type="sound" id="D1ci9(0:Ffy/!?4hqk5U"><field name="NAME">lose</field><next><block type="gameover" id="wv0V746K_mVOR?2NuN#."></block></next></block></next></block></statement></block></next></block></next></block></next></block></xml>