<xml xmlns="http://www.w3.org/1999/xhtml"><block type="controls_if" id="da6Ns6gKb9Led]r!,F+b" x="229" y="33"><value name="IF0"><block type="logic_operation" id=",c7Li[F1//U6mPnOb17D"><field name="OP">AND</field><value name="A"><block type="logic_compare" id="q=R9l.b8@SaNQY{9v:{i"><field name="OP">GTE</field><value name="A"><block type="singleVar" id="cQsj@e{L/):#x91**[8="><field name="varName">Price</field></block></value><value name="B"><block type="math_number" id="u`]3qc2S1h(XiGs!e+hE"><field name="NUM">80</field></block></value></block></value><value name="B"><block type="logic_compare" id="RK3ZSgG8ayp/M.[~m!fc"><field name="OP">LT</field><value name="A"><block type="singleVar" id="n[c0^04A1:@j3rY[??j5"><field name="varName">Price</field></block></value><value name="B"><block type="math_number" id="Lr7C`zm]}j346)%srj0I"><field name="NUM">100</field></block></value></block></value></block></value><statement name="DO0"><block type="popup" id="9|V]TqI?e%F~p:w?yVP2"><field name="popuptext">According to the current price of your product it belongs to the 'basic version'. </field></block></statement><next><block type="controls_if" id="!M_r)#,t6ILcjc52zP}E"><value name="IF0"><block type="logic_operation" id="vI4b,zrv]C[gbi)cXb0v"><field name="OP">AND</field><value name="A"><block type="logic_compare" id=",8@bEpd0*rz-1K6?{=-L"><field name="OP">GTE</field><value name="A"><block type="singleVar" id="?-n.C1:X=#^h|5(7_M;9"><field name="varName">Price</field></block></value><value name="B"><block type="math_number" id="/]xIb52bSH!D3L%dP{2B"><field name="NUM">100</field></block></value></block></value><value name="B"><block type="logic_compare" id="W4Mg~H)WpiQn*40CsV+V"><field name="OP">LTE</field><value name="A"><block type="singleVar" id="4wr#=h25%T;[M1{7%Z@["><field name="varName">Price</field></block></value><value name="B"><block type="math_number" id=":FVeP;Y7{s9HQD+h[[iM"><field name="NUM">140</field></block></value></block></value></block></value><statement name="DO0"><block type="popup" id="NB-ztdFDh6#S#z=k!u/N"><field name="popuptext">According to the current price of your product it belongs to the 'luxury version'. Try to keep the cost low now</field></block></statement><next><block type="controls_if" id="rXGESV*h2|,-PdlbO7Rp"><value name="IF0"><block type="logic_operation" id="|{~dQVGwSG):aA]`GFX;"><field name="OP">AND</field><value name="A"><block type="logic_compare" id="}]NfO(w4/s+jXh,aq5TP"><field name="OP">LTE</field><value name="A"><block type="singleVar" id="tIt#4b`0e7F=B+z=OW(5"><field name="varName">Comfort</field></block></value><value name="B"><block type="math_number" id="+2HZ2zh_:)PGd#ue:c{@"><field name="NUM">-2</field></block></value></block></value><value name="B"><block type="logic_compare" id="w%uoYTl[!t)R/zD4xJ|a"><field name="OP">GTE</field><value name="A"><block type="singleVar" id="v}%kFX5~0}4vox;LjS,}"><field name="varName">Comfort</field></block></value><value name="B"><block type="math_number" id="2@no4PM%07|QgQQiOymZ"><field name="NUM">-4</field></block></value></block></value></block></value><statement name="DO0"><block type="popup" id="a,Xdv^Sf,Pw87Tc.p`T?"><field name="popuptext">Comfort is important for the wheelchair use. You should consider making the pad more comfortable by using an upholstery </field></block></statement><next><block type="controls_if" id="0FZ/0O}T{/FQiRkfZeD]"><value name="IF0"><block type="logic_operation" id="]ycn(kog}m=Ypo)%QAZE"><field name="OP">AND</field><value name="A"><block type="logic_compare" id="**L~WcqB9Sp-QOh4%4e-"><field name="OP">LTE</field><value name="A"><block type="singleVar" id="nM*:iNGcy5lBt1Y6G#rk"><field name="varName">Heatability</field></block></value><value name="B"><block type="math_number" id="jO-YDSR8C*,{qk(vlQ8s"><field name="NUM">-2</field></block></value></block></value><value name="B"><block type="logic_compare" id="o7MEzUPS~@yw*eCC8_[*"><field name="OP">GTE</field><value name="A"><block type="singleVar" id="y*1NPo;-M1MTK}S@aQR!"><field name="varName">Heatability</field></block></value><value name="B"><block type="math_number" id="=G4bcwm#Kurk)t^,Mh~J"><field name="NUM">-4</field></block></value></block></value></block></value><statement name="DO0"><block type="popup" id="+HU2[48Xs-jm|)SAU:Y7"><field name="popuptext">The heatability of the pad is low...</field></block></statement></block></next></block></next></block></next></block></xml>