<xml xmlns="http://www.w3.org/1999/xhtml"><block type="initialvalues" id="7%pi|u/wU`(M`t7@0~7Z" x="147" y="28"><statement name="Initial Values"><block type="initialValue" id="id1"><field name="varName">Heatability</field><value name="varVal"><block type="math_number" id="var1"><field name="NUM">0</field></block></value><next><block type="initialValue" id="id2"><field name="varName">Foldability</field><value name="varVal"><block type="math_number" id="var2"><field name="NUM">0</field></block></value><next><block type="initialValue" id="(7w5^Hvq4zNqTR[jFe6X"><field name="varName">Comfort</field><value name="varVal"><block type="math_number" id="|f}9pc^UAbtK]62Zf3g+"><field name="NUM">0</field></block></value><next><block type="initialValue" id="xvVrOfkH6dO=0k[K*R[I"><field name="varName">Outdoor_Performance</field><value name="varVal"><block type="math_number" id="@W8[H5Q!,.9d!cE?,3[r"><field name="NUM">0</field></block></value><next><block type="initialValue" id="_%=tF3RNkgCz:r9lvLVx"><field name="varName">Price</field><value name="varVal"><block type="math_number" id="P_=QHDynHRUdB1`txX)5"><field name="NUM">0</field></block></value><next><block type="initialValue" id="!z_x-EihN[g{tzdwiu1t"><field name="varName">Energy_Efficiency</field><value name="varVal"><block type="math_number" id="8@1n_MX1frGcIqa[Sq3J"><field name="NUM">0</field></block></value></block></next></block></next></block></next></block></next></block></next></block></statement></block></xml>