<xml xmlns="http://www.w3.org/1999/xhtml"><block type="controls_if" id="BN-??@pP(gSP_4-Az5Ty" x="314" y="540"><value name="IF0"><block type="logic_compare" id="j=F3Sp?0ZI:lXL,M0j,M"><field name="OP">LT</field><value name="A"><block type="singleVar" id="yAuo.V?|/.Gm!NceqabP"><field name="varName">Health</field></block></value><value name="B"><block type="math_number" id="^C*hd`M%i+7M0Gr!V(:_"><field name="NUM">20</field></block></value></block></value><statement name="DO0"><block type="popup" id="`KaSIC9:vUM9~X@}M#0D"><field name="popuptext">Be careful. With this diet you might have health issues</field></block></statement><next><block type="controls_if" id="phtxx!Tb/k^Na/=CZV6C"><value name="IF0"><block type="logic_compare" id="4WQ+q#0X%gmaG#Ou|~W]"><field name="OP">LT</field><value name="A"><block type="singleVar" id="|W-vQI^(MgTX;qTHnk4R"><field name="varName">Pleasure</field></block></value><value name="B"><block type="math_number" id="?bjC6jgf@y2bI`yA(OLK"><field name="NUM">40</field></block></value></block></value><statement name="DO0"><block type="popup" id="k*#U%IgTdp#nchsBSNH("><field name="popuptext">You should eat something you like</field></block></statement><next><block type="controls_if" id="fe6.6pI/o{.y#Z07ZqsM"><value name="IF0"><block type="logic_operation" id="Gk(4~d=h0d)%G4KDoh{B"><field name="OP">AND</field><value name="A"><block type="logic_compare" id="p3^cZ6g:_op4|LvANJ*="><field name="OP">EQ</field><value name="A"><block type="movescounter" id="cEt{0,:Jgc(T@e;4_M7x"></block></value><value name="B"><block type="math_number" id="[vDw=4f|Nlp(RckE#k-;"><field name="NUM">10</field></block></value></block></value><value name="B"><block type="logic_compare" id="}6`aZTV,`drv~6s:T4HQ"><field name="OP">LT</field><value name="A"><block type="singleVar" id="[umOsi2I?sCPo.]B8cKu"><field name="varName">Pleasure</field></block></value><value name="B"><block type="math_number" id="EQA3^3?l):o0W[1%~y3:"><field name="NUM">240</field></block></value></block></value></block></value><statement name="DO0"><block type="popup" id="EXl69JPEwVI/F]{jreMx"><field name="popuptext">You need to eat something tasty</field></block></statement><next><block type="controls_if" id=":j^ZY4#j|C_[JZvf-~(r"><value name="IF0"><block type="logic_compare" id="q[kAAdjd]qrs@V~gJ-Fc"><field name="OP">LT</field><value name="A"><block type="singleVar" id="w187DHh0h3S|6e1gf9mF"><field name="varName">Nutritional_Value</field></block></value><value name="B"><block type="math_number" id="MGU?6]]}_jYnJSb__}*-"><field name="NUM">40</field></block></value></block></value><statement name="DO0"><block type="popup" id="./IJ.`#ROxO?gKx6t[lD"><field name="popuptext">Your next meal should have higher nutritional value</field></block></statement><next><block type="controls_if" id="A{E{RIYYzCVRim1,De_T"><value name="IF0"><block type="logic_compare" id="C*lH*5=7GvAyhMN86t2A"><field name="OP">GTE</field><value name="A"><block type="singleVar" id="kEJy8+YGdN!V,L/c))p/"><field name="varName">Health</field></block></value><value name="B"><block type="math_number" id=",ZxWL46%53ABvk.J[JB*"><field name="NUM">160</field></block></value></block></value><statement name="DO0"><block type="popup" id="z^X3C3QJ[{D=e=.TQK)V"><field name="popuptext">Great! Your diet is very healthy!</field></block></statement><next><block type="controls_if" id="1xAPxOveV15QTWt^:qoO"><value name="IF0"><block type="logic_operation" id="p#,~wStYg18(bmQ(`F1Q"><field name="OP">AND</field><value name="A"><block type="logic_compare" id="lM4Py|t7P1zs%:gj-B@p"><field name="OP">GT</field><value name="A"><block type="movescounter" id="[O97jEF5A,K--KQnuBKF"></block></value><value name="B"><block type="math_number" id="*WK,7Wr6tp951b:?510k"><field name="NUM">15</field></block></value></block></value><value name="B"><block type="logic_compare" id="9.;G=+qebxuvYnP,0c)u"><field name="OP">LT</field><value name="A"><block type="singleVar" id="^mFps/~,h`h#Oc!33Kwf"><field name="varName">Health</field></block></value><value name="B"><block type="math_number" id="tIjjQ{ipe(T#6p!N5rLA"><field name="NUM">160</field></block></value></block></value></block></value><statement name="DO0"><block type="popup" id="~h;NM;,-|u4[FRQcX`p?"><field name="popuptext">Perhaps you should start eating more healthy meals</field></block></statement><next><block type="controls_if" id="HL#i{c,n(+)E{)JW~)7@"><value name="IF0"><block type="logic_compare" id="+GXF)u](PI%r~y@^x_D|"><field name="OP">GT</field><value name="A"><block type="singleVar" id="Da2pupNjr+Y1C~AO`2/|"><field name="varName">Kilos</field></block></value><value name="B"><block type="math_number" id="pmuWI%dz:vJA?=U;F#sl"><field name="NUM">100</field></block></value></block></value><statement name="DO0"><block type="popup" id="V#lH#Sd:jk,jvkQjG=5t"><field name="popuptext">You could lose some weight</field></block></statement><next><block type="controls_if" id="eW`~8M}g-bUNJto!0w%v"><value name="IF0"><block type="logic_compare" id="wQ7;L#ehHQBfK*i/fWWB"><field name="OP">LT</field><value name="A"><block type="singleVar" id="S?7/R8:KO05^?nk6g;Y5"><field name="varName">Kilos</field></block></value><value name="B"><block type="math_number" id="+MS9E.IT@VxiyV73cU`f"><field name="NUM">50</field></block></value></block></value><statement name="DO0"><block type="popup" id="h3Xx_i-@rId3aK)jJTu_"><field name="popuptext">You coul win some weight</field></block></statement></block></next></block></next></block></next></block></next></block></next></block></next></block></next></block></xml>