[{"name":"Description","type":"string","visibility":"visible"},{"name":"Περιγραφή","type":"text","visibility":"visible"},{"name":"Πληροφορίες ","type":"text","visibility":"hidden"},{"name":"Εφόσον (Επικυρωτικές Αρχές)","type":"text","visibility":"hidden"},{"name":"Εξαιτίας (Στήριξη Συμπεράσματος)","type":"text","visibility":"hidden"},{"name":"Επομένως (Θέση, Τροπικοί Προσδιορισμοί)","type":"text","visibility":"hidden"},{"name":"Εκτός αν (Ανασκευή)","type":"text","visibility":"hidden"},{"name":"ΕΙΚΟΝΑ","type":"file"},{"name":"Έγκριση_Δεκαπενταμελούς","type":"number","visibility":"hidden"},{"name":"Έγκριση_Καθηγητών","type":"number","visibility":"hidden"},{"name":"Έγκριση_Υπουργείου","type":"number","visibility":"hidden"}]