<xml xmlns="http://www.w3.org/1999/xhtml"><block type="controls_if" id="oUgd{3K~U[F@#aF]}ygA" x="410" y="85"><value name="IF0"><block type="logic_compare" id="g_xlqBi#DkQ?6%#@kSMj"><field name="OP">LTE</field><value name="A"><block type="singleVar" id=".S!R9M1v+([)+w4V1,.?"><field name="varName">Έγκριση_Καθηγητών</field></block></value><value name="B"><block type="math_number" id="pr`usW{N^zm[QgVB+CtM"><field name="NUM">75</field></block></value></block></value><statement name="DO0"><block type="background" id="o?wA{#tQ5IVbXRFE7qg/"><field name="background">https://4.bp.blogspot.com/-UD19rR1BQbA/V1uorVgWdKI/AAAAAAAADbg/9M01D8Zjlj8NLaxlnwnsB9laniWstvNWQCLcB/s1600/notapproved.png</field><next><block type="hide_all" id="jOWO:4+Z-2Pqf?LCcI-p"><next><block type="sound" id="*kgG9BB,ml=K9lUf:%7w"><field name="NAME">fail</field><next><block type="popup" id="[XMzb=tiZEwjnqR(]mUV"><field name="popuptext">Μα καλά πώς θα πάτε εκδρομή  χωρίς συνοδούς καθηγητές;</field><next><block type="gameover" id="MLR/6i}9oB6st5-+BGN}"></block></next></block></next></block></next></block></next></block></statement><next><block type="controls_if" id=".bf{*];Fv#p-}Ug=JYkP"><value name="IF0"><block type="logic_compare" id=")0BbhoX*`4^YZj.LhB;Q"><field name="OP">LTE</field><value name="A"><block type="singleVar" id="JFK?yW=?h9nJ.=8#X3j^"><field name="varName">Έγκριση_Δεκαπενταμελούς</field></block></value><value name="B"><block type="math_number" id="{}I4axDufc.scw3JO-yi"><field name="NUM">75</field></block></value></block></value><statement name="DO0"><block type="background" id="#:]GsWv%=93]KQp{gTmz"><field name="background">https://4.bp.blogspot.com/-UD19rR1BQbA/V1uorVgWdKI/AAAAAAAADbg/9M01D8Zjlj8NLaxlnwnsB9laniWstvNWQCLcB/s1600/notapproved.png</field><next><block type="hide_all" id="b~ot/o@qsH(e;3ScMh3Z"><next><block type="sound" id="N~A|:*~NJy_my0hDMD(i"><field name="NAME">fail</field><next><block type="popup" id="f6oZdKhz5=gXU+52b[F%"><field name="popuptext">Εκδρομή χωρίς τα 3/4 των μαθητών γίνεται; </field><next><block type="gameover" id="(({|HoVx9T.,.@e1T(Os"></block></next></block></next></block></next></block></next></block></statement><next><block type="controls_if" id="N^?ZJzP2+(a2XCO-B{|%"><value name="IF0"><block type="logic_compare" id="{sIT*mi^kld0#DG5kfLm"><field name="OP">LTE</field><value name="A"><block type="singleVar" id="iXN+;Uq)4f2L,wq+4fb3"><field name="varName">Έγκριση_Υπουργείου</field></block></value><value name="B"><block type="math_number" id=")Y^AAHa8XV?_:|dbM~_p"><field name="NUM">75</field></block></value></block></value><statement name="DO0"><block type="background" id="75BSY(;[F#Zh.{Dj.G1j"><field name="background">https://4.bp.blogspot.com/-UD19rR1BQbA/V1uorVgWdKI/AAAAAAAADbg/9M01D8Zjlj8NLaxlnwnsB9laniWstvNWQCLcB/s1600/notapproved.png</field><next><block type="hide_all" id="=W3`GN/A,P;sY:inK|vH"><next><block type="sound" id=";HAyM}L/i%Cb[U;5nMc9"><field name="NAME">fail</field><next><block type="popup" id="%Yg[gzngSFO`13ulFMx?"><field name="popuptext">Εκδρομή  χωρίς υπουργική έγκριση;;;! Δε νομίζω!</field><next><block type="gameover" id="qXK=P`~V2RZuX,.4b*jM"></block></next></block></next></block></next></block></next></block></statement></block></next></block></next></block></xml>