<xml xmlns="http://www.w3.org/1999/xhtml"><block type="controls_if" id="#)JGDY*.Woq:zTzis6Vf" x="203" y="-594"><mutation elseif="1"></mutation><value name="IF0"><block type="current_point_check" id="(:B+n/6hcJvWpQ550Ss["><field name="pointsNames">Τάφοι του Βενιζέλου</field></block></value><statement name="DO0"><block type="hide_point" id="!|1EK[)=Gka5C]`i!g^["><field name="pointsNames">Τάφοι του Βενιζέλου</field><next><block type="popup" id="4VXW)v=T;T=PqhT?q/uG"><field name="popuptext">ΟΚ. Ναι! Έχει ομολογουμένως εξαιρετική θέα και αποτελεί έναν χώρο στον οποίο μπορούμε να αράξουμε κάτω από τα δέντρα. Αλλά μην ξεγελιέστε! Στην πραγματικότητα πρόκειται για ένα ξεχασμένο μνημείο ελευθερίας, παρατημένο και κακοσυντήρητο σε μια γωνιά. Στην ουσία δεν είναι τίποτα περισσότερο και τίποτα λιγότερο παρά ένα μαυσωλείο.! </field></block></next></block></statement><value name="IF1"><block type="current_point_check" id="58az8,tF#Cw{LHvliZ)s"><field name="pointsNames">Φαράγγι Σαμαριάς</field></block></value><statement name="DO1"><block type="hide_point" id="l;MVgMDNb79BP|,Mqk7="><field name="pointsNames">Φαράγγι Σαμαριάς</field><next><block type="popup" id="*EDK8eN!lsPZl69ke4e;"><field name="popuptext">Είστε σοβαροί; Πού θα πάμε τα παιδιά;! Αναλογιστείτε την ευθύνη και την κούραση! Η περιήγηση στο φαράγγι διαρκεί από 5-7 ώρες, είναι κάπου 20 χλμ διαδρομής, μέσα σε πέτρες, βράχια, μικρές λιμνούλες και αγριόδεντρα. Ακόμα και αν έχεις κάνει ορειβασία αυτό φαίνεται περισσότερο σα βασανιστήριο παρά ευχάριστη διαδρομή. Ούτε λόγος για εκγύμναση. Πρόκειται για ξεκάθαρη καταπόνηση γονάτων και ποδιών με το κεφάλι συνέχεια κάτω για να μην σκοντάψεις (που θα σκοντάψεις) με αποτέλεσμα να πονάει ο αυχένας και να μην μπορείς να χαρείς την διαδρομή. </field></block></next></block></statement><next><block type="controls_if" id=";J%_!Z2W!I-2w)11+0z?"><mutation elseif="1"></mutation><value name="IF0"><block type="current_point_check" id="BxJIItG-d/vv^7l(5Bjd"><field name="pointsNames">Σφακιά</field></block></value><statement name="DO0"><block type="hide_point" id="G=775_!IUgK+~f-o.w;f"><field name="pointsNames">Σφακιά</field><next><block type="popup" id="@R_~ksiYiNrV*.FJs9w6"><field name="popuptext">Θα διασχίσουμε 75 χλμ πήγαινε και άλλα τόσα για την επιστροφή μας στο Κέντρο των Χανίων μόνο και μόνο για να δούμε τον πιο αραιοκατοικημένο Δήμο στην Ελλάδα που έχει φυσική ομορφιά; Άλλα σημεία με φυσικό κάλλος πιο κοντά δεν υπάρχουν; Τα παιδιά θα κουραστούν τόση ώρα μέσα στο λεωφορείο και σίγουρα το κόστος της εκδρομής θα αυξηθεί σημαντικά. </field></block></next></block></statement><value name="IF1"><block type="current_point_check" id="ykirvVj[QuiMiu3ElXqB"><field name="pointsNames">Θέρισος</field></block></value><statement name="DO1"><block type="hide_point" id="AAWn=O~DK1#)k(;[O%x="><field name="pointsNames">Θέρισος</field><next><block type="popup" id="#FMz5xAKwO:0)t?#H}dq"><field name="popuptext">Σοβαρά τώρα; Θα πάμε να δούμε απλώς κάποια ιστορικά κτήρια;! Οκ, όσο μεγάλη ιστορική σημασία και αν έχει το μέρος, φαίνεται ότι πλέον πρόκειται απλώς για κάποια κτήρια νεκρά που κάποτε μέσα σε αυτά συνέβησαν σπουδαία γεγονότα. Τώρα πια όμως;! Στην πραγματικότητα ακόμα και το γεγονός ότι μας πλασάρουν μεζεδάκια για να επισκεφτούμε το μέρος…. καταλαβαίνετε πώς θα είναι τα κτήρια. </field></block></next></block></statement><next><block type="controls_if" id="pt4bf~#b1VH12oo8LI:u"><mutation elseif="1"></mutation><value name="IF0"><block type="current_point_check" id="P/UFID~*V?nj1?q[mg2t"><field name="pointsNames">Λιμνοθάλασσα Μπάλου</field></block></value><statement name="DO0"><block type="hide_point" id="(^5riT474M7}OEYI#`bP"><field name="pointsNames">Λιμνοθάλασσα Μπάλου</field><next><block type="popup" id="a]Bcr~vPa?3OKLw8rjfh"><field name="popuptext">Το 2004 ο Μπάλος ήταν ένας πραγματικός παράδεισος: λίγοι επισκέπτες, παρθένο, πανέμορφο τοπίο, ησυχία και χαλάρωση. Τώρα δυστυχώς λόγω υπερβολικής οριστικοποίησης, η παραλία καταστράφηκε. Ομπρέλες και ξαπλώστρες παντού, 10000 επισκέπτες κάθε μέρα, σκουπίδια, κάτι άσχημες καντίνες που παίζουν μουσική δυνατά και το χειρότερο όλων, κάτι απολίτιστοι ντόπιοι που κυκλοφορούν και δήθεν περιπολούν, επιθετικοί και αγενείς με τον κόσμο. Αν θελήσουμε να πάμε με αυτοκίνητο κινδυνεύουμε να σκοτωθούμε από τον χωματόδρομο των 8 χλμ. δίπλα στο γκρεμό! Άλλα και να φτάσουμε τελικά, θα δούμε τα χάλια που σας περιέγραψα. Ας επιλέξουμε άλλη θάλασσα της Κρήτης για τα μπάνια μας και όχι αυτή τη λιμνοθάλασσα -βούρκο! </field></block></next></block></statement><value name="IF1"><block type="current_point_check" id="VZD0/^2rtm9hqJ!QTuK/"><field name="pointsNames">Ελαφονήσι</field></block></value><statement name="DO1"><block type="hide_point" id="3#JPtAw+HHPKnCo7c5-8"><field name="pointsNames">Ελαφονήσι</field><next><block type="popup" id="7d}/*0MV6{l[~cRABj[m"><field name="popuptext">Πριν από μια εικοσαετία το μέρος το είχαν επισκεφτεί κάποιοι συγγενείς μου. Ο δρόμος ήταν κακοτράχαλος και η διαδρομή δύσκολη. Το μέρος ήταν ήρεμο και πραγματικά όμορφο. Κρατούσανε το νεράκι τους και το κολατσιό τους, γιατί κάποιοι συγγενείς μας τους είχαν ενημερώσει ότι εκεί δεν υπάρχει τίποτα. Φέτος, αφού νοικιάσανε τζιπάκι για να μην «ταλαιπωρήσουν» το αυτοκίνητο τους, κίνησαν ξανά κατά εκεί. Προς μεγάλη τους έκπληξη έφτασαν σχεδόν ως το κύμα με ευκολία που θα φτάνε ακόμα και αυτοκίνητο πολυτελείας, αντίκρισαν δεκάδες τουριστικά λεωφορεία, καντίνες και υπαίθρια μαγαζάκια που πουλούσαν κάθε λογής τουριστική ανοησία. Παραλία δεν φαινόταν από τις ομπρέλες και τις ορδές των τουριστών, πολλοί από τους οποίους στέγνωναν τις πετσέτες τους πάνω στους αιωνόβιους κέδρους. Όλα θυσία στο βωμό του χρήματος με τα στραβά μάτια  των αρμοδίων σε περιοχές προστατευόμενες....</field></block></next></block></statement><next><block type="controls_if" id="q6[rcWi)TEcnKmpLmruB"><mutation elseif="1"></mutation><value name="IF0"><block type="current_point_check" id="QvMWt)XL%ch-jN0=qo7y"><field name="pointsNames">Φαλάσαρνα</field></block></value><statement name="DO0"><block type="hide_point" id="EHhq/t!aJ5Gd.)pv^|CA"><field name="pointsNames">Φαλάσαρνα</field><next><block type="popup" id="x%:U9[j};|edhZanK``;"><field name="popuptext">Μια υπέροχη παραλία, ένα εκπληκτικό φυσικό τοπίο και ξαφνικά παντού θερμοκήπια.... Και πέρα από το αισθητικό κομμάτι - γιατί η εικόνα από ψηλά αντί να είναι μαγευτική είναι λίγο αποκαρδιωτική - το ουσιαστικό κομμάτι το κοιτάζει κανείς;; Άραγε έχει μετρήσει κανείς την τοξικότητα του θαλάσσιου νερού; Και μη μου πει κανείς πως δεν έχει επηρεαστεί ο υδροφόρος ορίζοντας από όλα τα γεωργικά φάρμακα και τα λιπάσματα που σίγουρα χρησιμοποιούνται για τις καλλιέργειες. Επίσης η σωστή τουριστική αξιοποίηση του μέρους είναι ελλιπής και μη ποιοτική. Μόνη σωστή κίνηση η τοποθέτηση προστατευτικού για την ενοχλητική άμμο όταν έχει αέρα. Χρόνος για βελτιωτικές κινήσεις υπάρχει. Νομοθεσία χρειάζεται και διάθεση από τις τοπικές αρχές στην Κίσσαμο. Όποιος θέλει ας ακούσει.</field></block></next></block></statement><value name="IF1"><block type="current_point_check" id="=;,2`3@N5Yi4SI4/@w^|"><field name="pointsNames">CRETAquarium</field></block></value><statement name="DO1"><block type="hide_point" id="Cj=2l~LR5yB/tID5.,*9"><field name="pointsNames">CRETAquarium</field><next><block type="popup" id="X545i{@Jx~#U=bAZJ,J@"><field name="popuptext">Ένα ενυδρείο κατώτερο των μέσω προσδοκιών που δεν έχει να δείξει πολλά! Οι τιμές είναι ακριβές και το προσωπικό αγενές! Δυστυχώς αποτελεί ένα ακόμα τουριστικό μέρος που βασίζεται στο εύκολο κέρδος. Είναι λίγα τα πραγματικά καλά εκθέματα που συναρπάζουν. Κατά βάση το θέαμα είναι φτωχό ποσοτικά και ποιοτικά. Οι δεξαμενές είναι πάρα πολύ μικρές, τα ψάρια προσπαθούν να βρίσκονται όσο πιο κοντά στις  αντλίες για να μπορούν να αναπνεύσουν επειδή δεν υπάρχει αρκετό οξυγόνο στο νερό, ορισμένα ψάρια έχουν χτυπημένες μύτες πιθανότατα επειδή προσκρούουν πάνω στα τζάμια. </field></block></next></block></statement><next><block type="controls_if" id="oUgd{3K~U[F@#aF]}ygA"><mutation elseif="1"></mutation><value name="IF0"><block type="current_point_check" id="@M*jpKDcot8nGDLeO0nu"><field name="pointsNames">Κνωσός</field></block></value><statement name="DO0"><block type="hide_point" id="r_r0Rs|BtYEvTi[ccjL7"><field name="pointsNames">Κνωσός</field><next><block type="popup" id="[Q+z*@b?dHC7[R=3+,rX"><field name="popuptext">Μάλιστα! Αξίζει όλη αυτή η ταλαιπωρία που θα υποστούμε για μερικά ερείπια και πέτρες χωρίς να κατανοούμε καν την ιστορική και αρχαιολογική τους αξία; Τα περισσότερα από τα οποία στην Κνωσό δεν φαίνονται καν πίσω από τα βρώμικα τζάμια, στα οποία η αντανάκλαση του ήλιου κάνει ακόμα πιο δύσκολη την θέαση τους. Επιπρόσθετα δεν διανέμεται δωρεάν ενημερωτικό φυλλάδιο με αποτέλεσμα να είμαστε υποχρεωμένοι να στεκόμαστε ώρες στον ήλιο στην προσπάθειά μας να διαβάσουμε τις πινακίδες που έχουν λιγοστές πληροφορίες. Ή μήπως θα κλείσουμε και ξεναγό αυξάνοντας περαιτέρω τα έξοδα; </field></block></next></block></statement><value name="IF1"><block type="current_point_check" id="oQTr]JrlNNHIypUfk}M2"><field name="pointsNames">Φαιστός</field></block></value><statement name="DO1"><block type="hide_point" id="Z6v{{pwH{v@]B=c*kc`Y"><field name="pointsNames">Φαιστός</field><next><block type="popup" id="[FmBn-R.x3t9%:@BP8@G"><field name="popuptext">Αξίζει όλη αυτή η ταλαιπωρία που θα υποστούμε για μερικά ερείπια και πέτρες; Στην πραγματικότητα η Φαιστός αποτελεί ένα εγκαταλελειμμένο μετά τις ανασκαφές μέρος χωρίς καμία αναστήλωση ή κάποια προσπάθεια αναπαράστασης. Ο δε δίσκος της Φαιστού δεν βρίσκεται καν εδώ. Εκτίθεται σε αρχαιολογικό μουσείο στο Ηράκλειο.! </field></block></next></block></statement><next><block type="controls_if" id="QQeZk2^YR~oL66oq6zJr"><mutation elseif="1"></mutation><value name="IF0"><block type="current_point_check" id="h,%JU-td51n%Q8QP{V0/"><field name="pointsNames">Μουσείο του Ελ Γκρέκο</field></block></value><statement name="DO0"><block type="hide_point" id="1`w]kBI%ujYhAQz%?+ti"><field name="pointsNames">Μουσείο του Ελ Γκρέκο</field><next><block type="popup" id="]?k2fX(|z|Ln[kfm_b,V"><field name="popuptext">Ποιά ακριβώς είναι η έννοια του Μουσείου; Στο Μουσείο του Ελ Γκρέκο υπάρχει παντελής έλλειψη οργάνωσης. Πληρώνεις 2,5 ευρώ για να περιηγηθείς σε ένα πολύ μικρό και αμφίβολο ως προς την αυθεντικότητά του σπίτι, στου οποίου τα δωμάτια υπάρχουν ορισμένα αντίγραφα έργων του Θεοτοκόπουλου με πλήρη απουσία ενημερωτικού υλικού.</field></block></next></block></statement><value name="IF1"><block type="current_point_check" id="cEE;,5yo:u!z0xXouM?L"><field name="pointsNames">Μονή Αρκαδίου</field></block></value><statement name="DO1"><block type="hide_point" id="O,MTNjKd!KI6v+GX7oP["><field name="pointsNames">Μονή Αρκαδίου</field><next><block type="popup" id="UeelKY[trI@:x{TV5E]`"><field name="popuptext">Οκ ένα μοναστήρι με ιστορική σημασία. Τίποτα περισσότερο, τίποτα λιγότερο. Πόσα ιστορικά σημεία θα επισκεφτούμε πια σε αυτή τη πενθήμερη; ΒΑΡΙΕΜΑΙ! </field></block></next></block></statement><next><block type="controls_if" id=",QI0^0xa6}gng}w~~nyG"><mutation elseif="1"></mutation><value name="IF0"><block type="current_point_check" id="?dy.gV@Bkp,/1[sGs@E`"><field name="pointsNames">Οικία Ξυλούρη</field></block></value><statement name="DO0"><block type="hide_point" id="z.Lyk.;SqqkwwXUTJz{M"><field name="pointsNames">Οικία Ξυλούρη</field><next><block type="popup" id="hMT(,dQlWvrZv/OL[i-Z"><field name="popuptext">Ποια ακριβώς λογική υπάρχει απλώς να επισκεφτείς ένα σπίτι με φωτογραφίες στους τοίχους στο οποίο έζησε ο Ξυλούρης. Λες και αν ζούσε στο διπλανό ή το παραδίπλα, δεν θα κατάφερνε να γίνει η φωνή του σύμβολο ελευθερίας και ήθους! Φωτογραφίες του βλέπουμε και στο διαδίκτυο. Καμία απολύτως διάδραση. Άλλη μια παθητική περιήγηση σε ένα μουσείο για να δικαιολογηθεί ο εκπαιδευτικός χαρακτήρας της εκδρομής.</field></block></next></block></statement><value name="IF1"><block type="current_point_check" id="sP*Z4EF/v`azYq8T:4i:"><field name="pointsNames">Σπιναλόγκα</field></block></value><statement name="DO1"><block type="hide_point" id="W)?C+O;*w4qHY|A(MZ8+"><field name="pointsNames">Σπιναλόγκα</field><next><block type="popup" id="bR*tt6KLD%,npv[@=_AF"><field name="popuptext">Ενετικό φρούριο σε νευραλγικό σημείο για την άμυνα όλης της περιοχής, το οποίο μετατράπηκε στην νεότερη ιστορία σε άντρο απομόνωσης λεπρών ή ενδεχομένως να ασθενήσουν υγιών ανθρώπων. Η θέα του από απέναντι προκαλεί δέος και συγκίνηση για τις τραγικές στιγμές που βίωσαν εδώ οι ασθενείς ή οι πιθανολογούμενοι ασθενείς. Παρατημένο μνημείο, έρμαιο του χρόνου και των φυσικών φαινομένων. Θα μπορούσε να είχε μεταμορφωθεί με λίγη φροντίδα και στοιχειώδεις εργασίες συντήρησης. Η πρόσβαση γίνεται με τοπικά καΐκια από την Πλάκα απέναντι με τακτικά δρομολόγια την καλοκαιρινή περίοδο . Ωστόσο υπάρχει ΤΕΡΑΣΤΙΑ ΟΙΚΟΝΟΜΙΚΗ ΕΚΜΕΤΑΛΛΕΥΣΗ (Πληρώνεις 10 ευρώ μόνο για το καράβι και άλλα 8 για να μπεις μέσα στην Σπιναλόγκα). Η εξωτερική πύλη του κάστρου, οι πολεμίστρες, τα πετρόκτιστα δρομάκια, το νοσοκομείο, αποθήκες και οικίες θα κεντρίσουν το ενδιαφέρον αν και δεν υπάρχουν πινακίδες που να εξηγούν τι βλέπεις και πώς ήταν τότε. Δεν υπάρχουν ανοικτά σπίτια δομημένα όπως τότε ούτε κάποιος ξεναγός. Άσε που κάποια σημεία είναι επικίνδυνα για ατύχημα! </field></block></next></block></statement><next><block type="controls_if" id="}d.n]rVL{i!*[AHyr]i|"><mutation elseif="1"></mutation><value name="IF0"><block type="current_point_check" id="!M_da?)!zY#QDdM*Hd5T"><field name="pointsNames">Φοινικόδασος του Βάι</field></block></value><statement name="DO0"><block type="hide_point" id="RCDZ{s9y#lf}5L9B,Fhz"><field name="pointsNames">Φοινικόδασος του Βάι</field><next><block type="popup" id="d0X39/A_%TKPJ6l11YrF"><field name="popuptext">Η παραλία είναι πολύ καλή αλλά τελείως ψεύτικη, πηγμένη στην ξαπλώστρα, στα Jet ski και ταχύπλοα, στη δυνατή μουσική και στην ρακέτα. Όσοι την θεωρούν εξωτική απορώ αν έχουν πάει σε εξωτικά μέρη. Είναι μια βιομηχανοποιημένη παραλία. Ελάτε φάτε, βουτήξτε, φύγετε, επόμενος. </field></block></next></block></statement><value name="IF1"><block type="current_point_check" id="Igq61dga:YFQkJ}v!MEZ"><field name="pointsNames">McDonald's</field></block></value><statement name="DO1"><block type="popup" id="+[*fdZ1EbZ@S~]4k6:Tr"><field name="popuptext">Θέλουμε να τονωθεί η ελληνική αγορά και οι παραδόσεις. Προτιμούμε οι μαθητές σας να παροτρυνθούν σε επιλογές προς αυτή την κατεύθυνση. Ας σταματήσουμε τη προώθηση παγκοσμιοποιημένων προτύπων. Τέλος στον ολοκληρωτισμό των McDonald's! </field></block></statement><next><block type="controls_if" id="P/S_)I;.J8/SCN(?dqg^"><mutation elseif="1"></mutation><value name="IF0"><block type="current_point_check" id="?Y`|}FH5j71]f!~@%XY0"><field name="pointsNames">Ρακάδικο</field></block></value><statement name="DO0"><block type="popup" id="|j[OCkVy7Le0_vu*v[]g"><field name="popuptext">Να δοκιμάσουμε την κρητική κουζίνα αλλά εφόσον αυτό μπορεί να γίνει ανέξοδα στο ξενοδοχείο μας αφού έχουμε ημιδιατροφή γιατί να πληρώσουμε σε ταβέρνα ή ρακάδικο; Ας πιούμε ένα σφηνάκι ως welcome drink!</field></block></statement><value name="IF1"><block type="current_point_check" id="dw!nnZit76(|;6i?(aAc"><field name="pointsNames">Club</field></block></value><statement name="DO1"><block type="popup" id="i{+H6**q;Umxj~Y(|n06"><field name="popuptext">Για ποιά διασκέδαση μιλάμε; Κανένας νόμος δε τηρείται. Κάπνα, στριμωξίδι και μπόμπες. Μην μου πείτε ότι δεν τα έχετε ακούσει όλα αυτά; Συχνά στιβάζουν σε μικρά clubs πολλά σχολεία με αποτέλεσμα να μην υπάρχει χώρος καν για χορό. Τα δε ποτά είναι μπόμπες για να αυξηθεί το κέρδος. </field></block></statement><next><block type="controls_if" id="bX0g}Ok5fq0~3yb6vv0X"><mutation elseif="1"></mutation><value name="IF0"><block type="current_point_check" id="yu-cp;)mNAFM6U?/WkEl"><field name="pointsNames">Σουβλατζίδικο</field></block></value><statement name="DO0"><block type="popup" id="Aq1Iq1;w}}aQGo,}P3@H"><field name="popuptext">Η κρητική κουζίνα έχει χαρακτηριστεί ως μια από τις καλύτερες και πιο ισορροπημένες παγκοσμίως. Σκοπός της εκδρομής εκτός από την κοινωνικοποίηση και τη ψυχαγωγία των μαθητών είναι και η επαφή με παραδοσιακά ήθη έθιμα και παραδόσεις. Το σουβλάκι δεν συνδέεται με την κρητική κουζίνα οπότε θα ήταν προτιμότερη κάποια κρητική επιλογή έναντι αυτού. </field></block></statement><value name="IF1"><block type="current_point_check" id="uksL]R2Bu#`9K_e5%^tm"><field name="pointsNames">Ρεμπετάδικο</field></block></value><statement name="DO1"><block type="popup" id="me;[o%`(t;*MPn)?dmQ5"><field name="popuptext">Δυστυχώς όσο και να θέλει το υπουργείο να προωθήσει την παράδοση και να αποφύγουμε τα clubs και στα ρεμπετάδικα η κατάσταση παραμένει εξίσου τραγική. Δεν σερβίρεται καν φαγητό πλάι στο άφθονο κακής ποιότητας κρασί με αποτέλεσμα να αυξάνονται οι πιθανότητες κάποιος να μεθύσει ή να τον πειράξει το ποτό. </field></block></statement></block></next></block></next></block></next></block></next></block></next></block></next></block></next></block></next></block></next></block></xml>