<xml xmlns="http://www.w3.org/1999/xhtml"><block type="initialvalues" id="7%pi|u/wU`(M`t7@0~7Z" x="-67" y="54"><statement name="Initial Values"><block type="initialValue" id="id1"><field name="varName">Έγκριση_Δεκαπενταμελούς</field><value name="varVal"><block type="math_number" id="var1"><field name="NUM">100</field></block></value><next><block type="initialValue" id="id2"><field name="varName">Έγκριση_Καθηγητών</field><value name="varVal"><block type="math_number" id="var2"><field name="NUM">100</field></block></value><next><block type="initialValue" id="Nix*Mj%2Mpw_U2Pf%2Td"><field name="varName">Έγκριση_Υπουργείου</field><value name="varVal"><block type="math_number" id="]:GH=7E7YSh7(*g(IGBg"><field name="NUM">100</field></block></value></block></next></block></next></block></statement></block></xml>