[{"id":32,"description":"ΠΟΛΥΚΑΤΟΙΚΙΑ","values":{"ΙΚΑΝΟΠΟΙΗΣΗ_ΑΣΤΕΓΩΝ_ΠΟΛΙΤΩΝ":"10","ΙΚΑΝΟΠΟΙΗΣΗ_ΣΤΕΓΑΣΜΕΝΩΝ_ΠΟΛΙΤΩΝ":"-10","ΔΥΝΑΤΟΤΗΤΑ_ΕΠΑΝΕΚΛΟΓΗΣ":{"type":"rand","from":"-7","to":"3"}},"imguri":"","layers":"Main","isDummy":false,"latlng":{"lat":-10.061901582934581,"lng":-74.40814270498134}},{"id":35,"description":"ΒΙΒΛΙΟΘΗΚΗ","values":{"ΙΚΑΝΟΠΟΙΗΣΗ_ΑΣΤΕΓΩΝ_ΠΟΛΙΤΩΝ":"-5","ΙΚΑΝΟΠΟΙΗΣΗ_ΣΤΕΓΑΣΜΕΝΩΝ_ΠΟΛΙΤΩΝ":"3","ΔΥΝΑΤΟΤΗΤΑ_ΕΠΑΝΕΚΛΟΓΗΣ":{"type":"rand","from":"-3","to":"3"}},"imguri":"","layers":"Main","isDummy":false,"latlng":{"lat":97.02249296124656,"lng":-43.39182679222057}},{"id":38,"description":"ΣΧΟΛΕΙΟ","values":{"ΙΚΑΝΟΠΟΙΗΣΗ_ΑΣΤΕΓΩΝ_ΠΟΛΙΤΩΝ":"-2","ΙΚΑΝΟΠΟΙΗΣΗ_ΣΤΕΓΑΣΜΕΝΩΝ_ΠΟΛΙΤΩΝ":"5","ΔΥΝΑΤΟΤΗΤΑ_ΕΠΑΝΕΚΛΟΓΗΣ":{"type":"rand","from":"-1","to":"3"}},"imguri":"","layers":"Main","isDummy":false,"latlng":{"lat":46.98305625835816,"lng":13.137910274585323}},{"id":41,"description":"ΜΟΥΣΕΙΟ","values":{"ΙΚΑΝΟΠΟΙΗΣΗ_ΑΣΤΕΓΩΝ_ΠΟΛΙΤΩΝ":"-5","ΙΚΑΝΟΠΟΙΗΣΗ_ΣΤΕΓΑΣΜΕΝΩΝ_ΠΟΛΙΤΩΝ":"4","ΔΥΝΑΤΟΤΗΤΑ_ΕΠΑΝΕΚΛΟΓΗΣ":{"type":"rand","from":"-3","to":"3"}},"imguri":"","layers":"Main","isDummy":false,"latlng":{"lat":73.00356334386012,"lng":81.17370001870574}},{"id":44,"description":"ΝΟΣΟΚΟΜΕΙΟ","values":{"ΙΚΑΝΟΠΟΙΗΣΗ_ΑΣΤΕΓΩΝ_ΠΟΛΙΤΩΝ":"5","ΙΚΑΝΟΠΟΙΗΣΗ_ΣΤΕΓΑΣΜΕΝΩΝ_ΠΟΛΙΤΩΝ":"-2","ΔΥΝΑΤΟΤΗΤΑ_ΕΠΑΝΕΚΛΟΓΗΣ":{"type":"rand","from":"-2","to":"3"}},"imguri":"","layers":"Main","isDummy":false,"latlng":{"lat":-75.11316929668948,"lng":55.6602788646606}},{"id":47,"description":"ΘΕΑΤΡΟ","values":{"ΙΚΑΝΟΠΟΙΗΣΗ_ΑΣΤΕΓΩΝ_ΠΟΛΙΤΩΝ":"-10","ΙΚΑΝΟΠΟΙΗΣΗ_ΣΤΕΓΑΣΜΕΝΩΝ_ΠΟΛΙΤΩΝ":"5","ΔΥΝΑΤΟΤΗΤΑ_ΕΠΑΝΕΚΛΟΓΗΣ":{"type":"rand","from":"-5","to":"3"}},"imguri":"","layers":"Main","isDummy":false,"latlng":{"lat":31.971225247491645,"lng":107.18738433263411}}]