<xml xmlns="http://www.w3.org/1999/xhtml"><block type="controls_if" id="oUgd{3K~U[F@#aF]}ygA" x="195" y="45"><value name="IF0"><block type="logic_compare" id="~a@gT-aydG21O-1G.sjK"><field name="OP">LT</field><value name="A"><block type="singleVar" id="RTuC:_mI#d@k69q|ly)+"><field name="varName">ΙΚΑΝΟΠΟΙΗΣΗ_ΑΣΤΕΓΩΝ_ΠΟΛΙΤΩΝ</field></block></value><value name="B"><block type="math_number" id="qIM#58w_X12vI;dXPueD"><field name="NUM">10</field></block></value></block></value><statement name="DO0"><block type="popup" id="[XMzb=tiZEwjnqR(]mUV"><field name="popuptext">Η δημοτικότητα σου έπεσε πάρα πολύ.</field><next><block type="gameover" id="MLR/6i}9oB6st5-+BGN}"></block></next></block></statement></block><block type="controls_if" id="`oBF;Q4PeSbDmd%?gv;f" x="195" y="171"><value name="IF0"><block type="logic_compare" id="p]:Cx(5uWQBtQHHLz!iE"><field name="OP">LT</field><value name="A"><block type="singleVar" id="X/Eq2V@g/YviayHk@+Qy"><field name="varName">ΙΚΑΝΟΠΟΙΗΣΗ_ΣΤΕΓΑΣΜΕΝΩΝ_ΠΟΛΙΤΩΝ</field></block></value><value name="B"><block type="math_number" id="47dP:*(Fk[Z*DG0pQ3[h"><field name="NUM">20</field></block></value></block></value><statement name="DO0"><block type="popup" id="%svi{DM,5eW(8j[6xT!+"><field name="popuptext">Η δημοτικότητα σου έπεσε πάρα πολύ.</field><next><block type="gameover" id="L}P%n+WtDJ67eLx}h}sD"></block></next></block></statement></block><block type="controls_if" id="p#`F/B.`eYqkovhEVbXa" x="205" y="316"><value name="IF0"><block type="logic_compare" id="MMof,Y_`rTQ_!vX./pM:"><field name="OP">LT</field><value name="A"><block type="singleVar" id="}V3A8n^z^Lj_+jgmq)4f"><field name="varName">ΔΥΝΑΤΟΤΗΤΑ_ΕΠΑΝΕΚΛΟΓΗΣ</field></block></value><value name="B"><block type="math_number" id="afB9T-#MZZaL;Gz90nuO"><field name="NUM">30</field></block></value></block></value><statement name="DO0"><block type="popup" id="%HJWAkpvYH~U96f|)a:?"><field name="popuptext">Η επανεκλογή σου είναι απίθανη στις ερχόμενες εκλογές.</field><next><block type="gameover" id="@Sqbz)P~Jc_J,.bJ{g@;"></block></next></block></statement></block><block type="controls_if" id="b04p*~LhwFT2e*G3`N82" x="199" y="440"><value name="IF0"><block type="logic_compare" id="XWxlnyD#`gJ9}c==?a1!"><field name="OP">GTE</field><value name="A"><block type="singleVar" id="mW4vQ#Xz}*%U7oD0i#90"><field name="varName">ΔΥΝΑΤΟΤΗΤΑ_ΕΠΑΝΕΚΛΟΓΗΣ</field></block></value><value name="B"><block type="math_number" id="Cua/}70l^2?wCJWBqUM|"><field name="NUM">80</field></block></value></block></value><statement name="DO0"><block type="popup" id="+e#IuJ`[QM%Jf~Mz+!a,"><field name="popuptext">Συγχαρητήρια είστε ο νέος δήμαρχος της πόλης.</field><next><block type="gameover" id="hF;!26+vk1vt@]OFEc!q"></block></next></block></statement></block></xml>