<xml xmlns="http://www.w3.org/1999/xhtml"><block type="controls_if" id="oUgd{3K~U[F@#aF]}ygA" x="162" y="66"><value name="IF0"><block type="logic_compare" id="~a@gT-aydG21O-1G.sjK"><field name="OP">LT</field><value name="A"><block type="singleVar" id="RTuC:_mI#d@k69q|ly)+"><field name="varName">ΙΚΑΝΟΠΟΙΗΣΗ_ΑΣΤΕΓΩΝ_ΠΟΛΙΤΩΝ</field></block></value><value name="B"><block type="math_number" id="qIM#58w_X12vI;dXPueD"><field name="NUM">20</field></block></value></block></value><statement name="DO0"><block type="popup" id="[Q+z*@b?dHC7[R=3+,rX"><field name="popuptext">Προσοχή, θα χάσεις τους ψηφοφόρους σου.</field></block></statement><next><block type="controls_if" id="(Lk_;,AF6S-7R44%HR;M"><value name="IF0"><block type="logic_compare" id="9nwxkPs+/~|Cso.!~C.J"><field name="OP">LT</field><value name="A"><block type="singleVar" id="q4CGtATL%[`(RzYo!tHW"><field name="varName">ΙΚΑΝΟΠΟΙΗΣΗ_ΣΤΕΓΑΣΜΕΝΩΝ_ΠΟΛΙΤΩΝ</field></block></value><value name="B"><block type="math_number" id="t_jCl_HDN}vkfyhv}-)Q"><field name="NUM">30</field></block></value></block></value><statement name="DO0"><block type="popup" id="~3pTq,xDdU3/CU:|9PN?"><field name="popuptext">Προσοχή, θα χάσεις τους ψηφοφόρους σου.</field></block></statement><next><block type="controls_if" id="2!9VHH|Xh;A@J7u)OWC9"><value name="IF0"><block type="logic_compare" id="EnForLu-PgJs:5.xU3WU"><field name="OP">LT</field><value name="A"><block type="singleVar" id="?j_e6/Ei8C6SqV@%qxn%"><field name="varName">ΔΥΝΑΤΟΤΗΤΑ_ΕΠΑΝΕΚΛΟΓΗΣ</field></block></value><value name="B"><block type="math_number" id="`!+H)-vEerg_%Y62jsa~"><field name="NUM">35</field></block></value></block></value><statement name="DO0"><block type="popup" id="br4Jh#K6QQd5abA5/fl1"><field name="popuptext">Προσοχή, μάλλον θα χάσεις τις εκλογές.</field></block></statement><next><block type="controls_if" id="@}u6dmD/9]pSm`vrFf`="><value name="IF0"><block type="logic_compare" id="Ot53I/YbJK#3PYV]h}wE"><field name="OP">GT</field><value name="A"><block type="singleVar" id="4IA:Kv!T+X+X9,dSPUMl"><field name="varName">ΔΥΝΑΤΟΤΗΤΑ_ΕΠΑΝΕΚΛΟΓΗΣ</field></block></value><value name="B"><block type="math_number" id="4xkT)uybSenJ)Xqh{r+I"><field name="NUM">65</field></block></value></block></value><statement name="DO0"><block type="popup" id="dMDm)m)qs3jEFk[dd?)7"><field name="popuptext">Οι ψηφοφόροι σε συμπαθούν συνέχισε έτσι.</field></block></statement></block></next></block></next></block></next></block></xml>