<xml xmlns="http://www.w3.org/1999/xhtml"><block type="initialvalues" id="7%pi|u/wU`(M`t7@0~7Z" x="88" y="88"><statement name="Initial Values"><block type="initialValue" id="id1"><field name="varName">ΙΚΑΝΟΠΟΙΗΣΗ_ΑΣΤΕΓΩΝ_ΠΟΛΙΤΩΝ</field><value name="varVal"><block type="math_number" id="var1"><field name="NUM">30</field></block></value><next><block type="initialValue" id="id2"><field name="varName">ΙΚΑΝΟΠΟΙΗΣΗ_ΣΤΕΓΑΣΜΕΝΩΝ_ΠΟΛΙΤΩΝ</field><value name="varVal"><block type="math_number" id="var2"><field name="NUM">50</field></block></value><next><block type="initialValue" id="pNWPBH[/PbqdyOH;zA/q"><field name="varName">ΔΥΝΑΤΟΤΗΤΑ_ΕΠΑΝΕΚΛΟΓΗΣ</field><value name="varVal"><block type="math_number" id="y,L3Ww^C)z}-/gp,dF,^"><field name="NUM">50</field></block></value></block></next></block></next></block></statement></block></xml>