[{"id":32,"description":"Survey","values":{"Description":"Here your instructor gathers information from you to improve the course.","Time_Requied":"-1","Material_Progress":"0","Get_in_Touch":"0","Fun":"2"},"imguri":"","layers":"Main","isDummy":false,"latlng":{"lat":420.32843229588025,"lng":749.1335732835356}},{"id":35,"description":"File – photos/images","values":{"Description":"Explore images.","Time_Requied":"-1","Material_Progress":"2","Get_in_Touch":"0","Fun":"3"},"imguri":"","layers":"Main","isDummy":false,"latlng":{"lat":343.19334965141667,"lng":138.926653253076}},{"id":38,"description":"Forum","values":{"Description":"Have asynchronous discussions","Time_Requied":"-5","Material_Progress":"3","Get_in_Touch":"5","Fun":"5"},"imguri":"","layers":"Main","isDummy":false,"latlng":{"lat":425.1307244838031,"lng":634.4165436064992}},{"id":41,"description":"Quiz","values":{"Description":"This is a Quiz activity that contains questions from our course.","Time_Requied":"-3","Material_Progress":"1","Get_in_Touch":"-3","Fun":"1"},"imguri":"","layers":"Main","isDummy":false,"latlng":{"lat":89.62649212215652,"lng":750.984159167743}},{"id":44,"description":"Chat","values":{"Description":"Have a real-time discussion","Time_Requied":"-5","Material_Progress":"1","Get_in_Touch":"5","Fun":"5"},"imguri":"","layers":"Main","isDummy":false,"latlng":{"lat":428.10204948088716,"lng":135.11032663056417}},{"id":47,"description":"Database","values":{"Description":"Explore a bank of record entries.","Time_Requied":"-5","Material_Progress":"4","Get_in_Touch":"-2","Fun":"-1"},"imguri":"","layers":"Main","isDummy":false,"latlng":{"lat":434.81806961030384,"lng":493.2107818466913}},{"id":50,"description":"URL","values":{"Description":"Interact with external websites. ","Time_Requied":"-3","Material_Progress":"4","Get_in_Touch":"-3","Fun":"1"},"imguri":"","layers":"Main","isDummy":false,"latlng":{"lat":282.47527081774695,"lng":739.817140485272}},{"id":53,"description":"Choice","values":{"Description":"Multiple choice questionnaire.","Time_Requied":"-5","Material_Progress":"2","Get_in_Touch":"-3","Fun":"1"},"imguri":"","layers":"Main","isDummy":false,"latlng":{"lat":89.04140727134482,"lng":646.2572526959667}},{"id":56,"description":"File - video","values":{"Description":"See a video.","Time_Requied":"-2","Material_Progress":"2","Get_in_Touch":"-3","Fun":"3"},"imguri":"","layers":"Main","isDummy":false,"latlng":{"lat":80.36527966456859,"lng":129.64068798422352}},{"id":59,"description":"File – doc/pdf","values":{"Description":"Read a document.","Time_Requied":"-4","Material_Progress":"3","Get_in_Touch":"-2","Fun":"-3"},"imguri":"","layers":"Main","isDummy":false,"latlng":{"lat":179.92689220806636,"lng":139.19732807587823}},{"id":62,"description":"File – wav/audio","values":{"Description":"Listen to an audio file.","Time_Requied":"-1","Material_Progress":"2","Get_in_Touch":"-3","Fun":"2"},"imguri":"","layers":"Main","isDummy":false,"latlng":{"lat":258.6374286113009,"lng":143.51689419556817}},{"id":65,"description":"Workshop","values":{"Description":"","Time_Requied":"-5","Material_Progress":"5","Get_in_Touch":"5","Fun":"3"},"imguri":"","layers":"Main","isDummy":false,"latlng":{"lat":430.5794362935906,"lng":389.6818715732321}},{"id":68,"description":"SCORM package","values":{"Description":"SCORM package that includes course content.","Time_Requied":"-5","Material_Progress":"4","Get_in_Touch":"-3","Fun":"-2"},"imguri":"","layers":"Main","isDummy":false,"latlng":{"lat":79.91060953416141,"lng":503.0879112419273}},{"id":71,"description":"Wiki","values":{"Description":"Let's have a peer assessment. Upload your work and get some feedback from your peers.","Time_Requied":"-5","Material_Progress":"3","Get_in_Touch":"5","Fun":"3"},"imguri":"","layers":"Main","isDummy":false,"latlng":{"lat":186.93687705926732,"lng":764.2271719453146}},{"id":74,"description":"External tool","values":{"Description":"","Time_Requied":"-5","Material_Progress":"4","Get_in_Touch":"-3","Fun":"2"},"imguri":"","layers":"Main","isDummy":false,"latlng":{"lat":88.77516324679799,"lng":384.7396329669934}},{"id":77,"description":"Lesson","values":{"Description":"","Time_Requied":"-5","Material_Progress":"4.9","Get_in_Touch":"2","Fun":"-3"},"imguri":"","layers":"Main","isDummy":false,"latlng":{"lat":353.56567130556635,"lng":747.8316011344599}},{"id":80,"description":"Assignment","values":{"Description":"","Time_Requied":"-5","Material_Progress":"3","Get_in_Touch":"-3","Fun":"-5"},"imguri":"","layers":"Main","isDummy":false,"latlng":{"lat":82.71749031382578,"lng":255.9169169599905}},{"id":83,"description":"Glossary","values":{"Description":"This is like a dictionary for our course. Browse a list of definitions.","Time_Requied":"-5","Material_Progress":"4","Get_in_Touch":"-3","Fun":"-4"},"imguri":"","layers":"Main","isDummy":false,"latlng":{"lat":428.6076828844985,"lng":249.2704663970331}}]