<xml xmlns="http://www.w3.org/1999/xhtml"><block type="controls_if" id="oUgd{3K~U[F@#aF]}ygA" x="21" y="31"><value name="IF0"><block type="logic_operation" id="Stxj@M0r_L|g`%T]2v4v"><field name="OP">AND</field><value name="A"><block type="logic_compare" id="^sC-`^1ZTb~8TnjvTyrD"><field name="OP">GT</field><value name="A"><block type="movescounter" id="!kQVseFJ9!KUed[:SDe~"></block></value><value name="B"><block type="math_number" id="E4b1A))HH]wX91MUI_5B"><field name="NUM">10</field></block></value></block></value><value name="B"><block type="logic_compare" id="~a@gT-aydG21O-1G.sjK"><field name="OP">LT</field><value name="A"><block type="singleVar" id="RTuC:_mI#d@k69q|ly)+"><field name="varName">Time_Requied</field></block></value><value name="B"><block type="math_number" id="qIM#58w_X12vI;dXPueD"><field name="NUM">40</field></block></value></block></value></block></value><statement name="DO0"><block type="popup" id="[Q+z*@b?dHC7[R=3+,rX"><field name="popuptext">You choose time consuming activities. Be careful not to run out of time.</field></block></statement><next><block type="controls_if" id="g#O%_/Hr+:~(RgLufg+x"><value name="IF0"><block type="logic_operation" id="[+bi)~J}Y.e%fN9C!tY7"><field name="OP">AND</field><value name="A"><block type="logic_compare" id="78q{L2]OWZZ{9)uDkA[/"><field name="OP">GT</field><value name="A"><block type="movescounter" id="ZzK{YAHu8{@K:40x3nEv"></block></value><value name="B"><block type="math_number" id="6wQyw!eP}Hdykb{v?V7f"><field name="NUM">8</field></block></value></block></value><value name="B"><block type="logic_compare" id="BL]?}AJ3(a~n5go3Kw:Y"><field name="OP">LT</field><value name="A"><block type="singleVar" id="%,6~8D)AN,)0VjVEf|p|"><field name="varName">Material_Progress</field></block></value><value name="B"><block type="math_number" id="elp#[0^}.}E[JVB-:n9d"><field name="NUM">10</field></block></value></block></value></block></value><statement name="DO0"><block type="popup" id="4+9!5myOTxS]njFjY^|G"><field name="popuptext">Choose more activities that include content material.</field></block></statement><next><block type="controls_if" id="ZRbVI{Mj#|fFCqn+8tM7"><value name="IF0"><block type="logic_operation" id="5UWc6LP?cMJ|4Vo]9l-x"><field name="OP">AND</field><value name="A"><block type="logic_compare" id="M{+5WoS_yQ7q?KE,uVYq"><field name="OP">GT</field><value name="A"><block type="movescounter" id="=N58pcuTXL{Cw-ZzbQ-O"></block></value><value name="B"><block type="math_number" id="CSa[6B9m+Br|#XmH_voY"><field name="NUM">6</field></block></value></block></value><value name="B"><block type="logic_compare" id="Ii@*zSTM)IfP`hs5_Q0N"><field name="OP">LT</field><value name="A"><block type="singleVar" id="dK}abj2x^w2rA|1D;HKZ"><field name="varName">Get_in_Touch</field></block></value><value name="B"><block type="math_number" id="n@,AF`)!P!Nt}iBis)H?"><field name="NUM">5</field></block></value></block></value></block></value><statement name="DO0"><block type="popup" id="XW?P6CRz,6dqN0%!}UC{"><field name="popuptext">Interaction with your peers can give you feedback. Choose activities that allow you to get in touch with others.</field></block></statement><next><block type="controls_if" id=":Am={siIy@MB6.!9k:[K"><value name="IF0"><block type="logic_operation" id="p#2lOfZxdNiGx%0k9J*8"><field name="OP">AND</field><value name="A"><block type="logic_compare" id="=t~dNluQWr-Cq+u#L]P("><field name="OP">GT</field><value name="A"><block type="movescounter" id="7.G+[q|PeV9R45q2%H@*"></block></value><value name="B"><block type="math_number" id="pZvAn`(,DlxUE/%io8GW"><field name="NUM">8</field></block></value></block></value><value name="B"><block type="logic_compare" id="n/#9K449PEWqT;2@twJj"><field name="OP">LT</field><value name="A"><block type="singleVar" id="~09=U5^|fU:OCY,|DOkI"><field name="varName">Fun</field></block></value><value name="B"><block type="math_number" id="{h_~nJT=edf{;V#p@,P!"><field name="NUM">25</field></block></value></block></value></block></value><statement name="DO0"><block type="popup" id="JI*B:vD0^7nJW7%+w^CR"><field name="popuptext">Choose activities that make learning fun so that you can keep your interest high and stay motivated.</field></block></statement><next><block type="controls_if" id="]kZr)-,IyL@KY,cYl!.u"><value name="IF0"><block type="logic_compare" id="k-1sk^66e7~t+K4|Fenc"><field name="OP">GT</field><value name="A"><block type="singleVar" id="1_R-qi[u_CaJokNW^:[j"><field name="varName">Material_Progress</field></block></value><value name="B"><block type="math_number" id="|2`%Bk|Vv0K.*SBVEMOP"><field name="NUM">30</field></block></value></block></value><statement name="DO0"><block type="popup" id="e1gy1}=dhu0Mc?cK5~5_"><field name="popuptext">Welldone! You have achieved to cover a big pat of the learning material.</field></block></statement><next><block type="controls_if" id="UuGtk;zbMW(o8[v{I,!."><value name="IF0"><block type="logic_operation" id="?{PUWh6_SK:@u3{-qc:z"><field name="OP">AND</field><value name="A"><block type="logic_compare" id="W;A.qDFXr~.pDPq_4nl7"><field name="OP">GT</field><value name="A"><block type="movescounter" id="Ay?e1AB3=aCMEH,lq3%p"></block></value><value name="B"><block type="math_number" id="`YJ*2d;WsD9dr_aTU|~a"><field name="NUM">12</field></block></value></block></value><value name="B"><block type="logic_compare" id="6==}x.,BSvGDs@eOZW;g"><field name="OP">GT</field><value name="A"><block type="singleVar" id="F}^Dm#fxq#}%]@mq9F2("><field name="varName">Get_in_Touch</field></block></value><value name="B"><block type="math_number" id="|?c~C)##r-W;};#n*yo{"><field name="NUM">20</field></block></value></block></value></block></value><statement name="DO0"><block type="popup" id="qf@Jn/b^8Mpq+u,lF#GB"><field name="popuptext">Getting in touch with others is an important factor to improve your learning outcomes. Keep having contact with your peers like that!</field></block></statement></block></next></block></next></block></next></block></next></block></next></block></xml>