<xml xmlns="http://www.w3.org/1999/xhtml"><block type="controls_if" id="6Qm(0MQ7=h[j2Eeu|iHn" x="82" y="91"><value name="IF0"><block type="logic_operation" id="CBWYxpzi;a@[)VcPiQqX"><field name="OP">AND</field><value name="A"><block type="logic_compare" id="^toZ{GIwgy~W^Z:xH3p("><field name="OP">GT</field><value name="A"><block type="movescounter" id="|;P(RD7z{R2VcX(}D/Z^"></block></value><value name="B"><block type="math_number" id="Sdm3)P8#sY@|%Aa?ygS%"><field name="NUM">12</field></block></value></block></value><value name="B"><block type="logic_compare" id="./#Lrj|`}{|dA?C2|c?9"><field name="OP">LT</field><value name="A"><block type="singleVar" id="^Eog=niV;m`KjsREvR(]"><field name="varName">Material_Progress</field></block></value><value name="B"><block type="math_number" id="_xT=6]4l:Hx|?vmOnC/w"><field name="NUM">20</field></block></value></block></value></block></value><statement name="DO0"><block type="popup" id="|!L2d}4FBWGscexUK!E#"><field name="popuptext">You did not manage to cover your learning material.</field><next><block type="gameover" id="P7shH*C?wsz%q?cO`G}z"></block></next></block></statement><next><block type="controls_if" id="Q@2MUVzp+)IU8]U-v|IA"><value name="IF0"><block type="logic_operation" id="a}YqXb+LChLnBQSaLm;="><field name="OP">AND</field><value name="A"><block type="logic_compare" id="V[L:#Tgz}hF;n@O|8x6y"><field name="OP">GT</field><value name="A"><block type="movescounter" id="Av0M.VLa]Vws[gRFw~{p"></block></value><value name="B"><block type="math_number" id="yKM8vS@8cNMb/-/f61JH"><field name="NUM">15</field></block></value></block></value><value name="B"><block type="logic_compare" id="4o0hetXO{,u*lLSIO=Z!"><field name="OP">LT</field><value name="A"><block type="singleVar" id="8E^B+1_Ot);Pl0fS%XM_"><field name="varName">Fun</field></block></value><value name="B"><block type="math_number" id="nukT(ia`L(9usPu42uw2"><field name="NUM">15</field></block></value></block></value></block></value><statement name="DO0"><block type="popup" id="##aF9G^S;b=w/IwmOWX5"><field name="popuptext">Since you do not have fun learning, you are no longer motivated...Try to choose more motivating activities next time.</field><next><block type="gameover" id=".+:h*@HPgx0zTIgzZfC;"></block></next></block></statement><next><block type="controls_if" id="={`eF=Zzg[_;I4x?qSb!"><value name="IF0"><block type="logic_operation" id="mDeCooF:~+?JBGzH;B4-"><field name="OP">AND</field><value name="A"><block type="logic_compare" id="xiuVvtd9?;tqf=~nKkFk"><field name="OP">GT</field><value name="A"><block type="movescounter" id="u{D}L{p)]0-;R@2H~yLV"></block></value><value name="B"><block type="math_number" id="q(k/+qb]-P3kDZ)1zY/Z"><field name="NUM">15</field></block></value></block></value><value name="B"><block type="logic_compare" id="k@gwKPId*=6^V1vY^]bH"><field name="OP">LT</field><value name="A"><block type="singleVar" id="dpRmgjw{gD7J0z)qnbMa"><field name="varName">Time_Requied</field></block></value><value name="B"><block type="math_number" id="LfY?ET.3H7J0S2D3W/#e"><field name="NUM">20</field></block></value></block></value></block></value><statement name="DO0"><block type="popup" id="340*y![Q?h,G`bsT0z9A"><field name="popuptext">You run out of time.</field><next><block type="gameover" id="(qegg@#p=Z:Vd`Vm,DW@"></block></next></block></statement></block></next></block></next></block></xml>