[{"id":34,"description":"Ξεκούραση στο πάρκο","values":{"Covid_Risk":{"type":"rand","from":"5","to":"10"},"Φυσική_Κατάσταση":"-10","Διασκέδαση":"20","Κοινωνική_Ζωή":"25","Χρήματα":"-5"},"imguri":"","layers":"Main","isDummy":false,"latlng":{"lat":58.15096971921239,"lng":84.58769679302817}},{"id":37,"description":"Βόλτα με έναν/μια φίλο/η","values":{"Covid_Risk":{"type":"rand","from":"5","to":"15"},"Φυσική_Κατάσταση":"20","Διασκέδαση":"20","Κοινωνική_Ζωή":"30","Χρήματα":"-5"},"imguri":"","layers":"Main","isDummy":false,"latlng":{"lat":143.85769435953293,"lng":218.896362835828}},{"id":40,"description":"Ποδόσφαιρο","values":{"Covid_Risk":{"type":"rand","from":"10","to":"30"},"Φυσική_Κατάσταση":"40","Διασκέδαση":"40","Κοινωνική_Ζωή":"40","Χρήματα":"-10"},"imguri":"","layers":"Main","isDummy":false,"latlng":{"lat":88.64811967508695,"lng":908.2910362124821}},{"id":43,"description":"Τράπεζα","values":{"Covid_Risk":{"type":"rand","from":"30","to":"35"},"Φυσική_Κατάσταση":"5","Διασκέδαση":"-30","Κοινωνική_Ζωή":"8","Χρήματα":"50"},"imguri":"","layers":"Main","isDummy":false,"latlng":{"lat":298.6052250897397,"lng":207.0990436645581}},{"id":46,"description":"Μανάβικο","values":{"Covid_Risk":{"type":"rand","from":"15","to":"25"},"Φυσική_Κατάσταση":"10","Διασκέδαση":"-25","Κοινωνική_Ζωή":"15","Χρήματα":"-30"},"imguri":"","layers":"Main","isDummy":false,"latlng":{"lat":287.47214921971397,"lng":812.093197111319}},{"id":49,"description":"Σούπερ Μάρκετ","values":{"Covid_Risk":{"type":"rand","from":"30","to":"35"},"Φυσική_Κατάσταση":"15","Διασκέδαση":"-20","Κοινωνική_Ζωή":"23","Χρήματα":"-20"},"imguri":"","layers":"Main","isDummy":false,"latlng":{"lat":348.928441956816,"lng":676.1254973987377}},{"id":52,"description":"Σπίτι","values":{"Covid_Risk":{"type":"plus","num":"-2"},"Φυσική_Κατάσταση":"-5","Διασκέδαση":"-5","Κοινωνική_Ζωή":"-8","Χρήματα":"2"},"imguri":"","layers":"Main","isDummy":false,"latlng":{"lat":387.74764897112556,"lng":433.99692112296384}},{"id":55,"description":"Πολυκατάστημα","values":{"Covid_Risk":{"type":"rand","from":"30","to":"35"},"Φυσική_Κατάσταση":"10","Διασκέδαση":"50","Κοινωνική_Ζωή":"50","Χρήματα":"-40"},"imguri":"","layers":"Main","isDummy":false,"latlng":{"lat":311.5142896885032,"lng":38.174810523567345}},{"id":58,"description":"Τρέξιμο","values":{"Covid_Risk":{"type":"rand","from":"-15","to":"-20"},"Φυσική_Κατάσταση":"50","Διασκέδαση":"10","Κοινωνική_Ζωή":"-25","Χρήματα":"-10"},"imguri":"","layers":"Main","isDummy":false,"latlng":{"lat":182.68740832122427,"lng":463.1431700157562}},{"id":61,"description":"Τηλεκπαίδευση","values":{"Covid_Risk":{"type":"rand","from":"-20","to":"-25"},"Φυσική_Κατάσταση":"-35","Διασκέδαση":"-30","Κοινωνική_Ζωή":"10","Χρήματα":"60"},"imguri":"","layers":"bedroom","isDummy":false,"latlng":{"lat":187.50105929574775,"lng":216.46910749308748}},{"id":62,"description":"Ύπνος","values":{"Covid_Risk":{"type":"rand","from":"-15","to":"-20"},"Φυσική_Κατάσταση":"-25","Διασκέδαση":"-20","Κοινωνική_Ζωή":"-20","Χρήματα":"0"},"imguri":"","layers":"bedroom","isDummy":false,"latlng":{"lat":180.1023616499584,"lng":514.7003460211807}},{"id":63,"description":"Διάβασμα","values":{"Covid_Risk":{"type":"rand","from":"-15","to":"-20"},"Φυσική_Κατάσταση":"-20","Διασκέδαση":"5","Κοινωνική_Ζωή":"-15","Χρήματα":"-4"},"imguri":"","layers":"bedroom","isDummy":false,"latlng":{"lat":266.92501570803876,"lng":803.9302608412628}},{"id":64,"description":"Ταινία/Σειρά","values":{"Covid_Risk":{"type":"rand","from":"-15","to":"-20"},"Φυσική_Κατάσταση":"-30","Διασκέδαση":"30","Κοινωνική_Ζωή":"-10","Χρήματα":"-10"},"imguri":"","layers":"bedroom","isDummy":false,"latlng":{"lat":166.31128871753555,"lng":76.260328002384}},{"id":65,"description":"Βίντεο-κλίση με φίλους","values":{"Covid_Risk":{"type":"rand","from":"-20","to":"-25"},"Φυσική_Κατάσταση":"-25","Διασκέδαση":"25","Κοινωνική_Ζωή":"30","Χρήματα":"-6"},"imguri":"","layers":"bedroom","isDummy":false,"latlng":{"lat":238.99161905654097,"lng":97.1995671098514}},{"id":66,"description":"Γυμναστική","values":{"Covid_Risk":{"type":"rand","from":"-20","to":"-25"},"Φυσική_Κατάσταση":"30","Διασκέδαση":"15","Κοινωνική_Ζωή":"-10","Χρήματα":"-6"},"imguri":"","layers":"bedroom","isDummy":false,"latlng":{"lat":73.71530615862721,"lng":613.5659246764467}},{"id":67,"description":"Έξοδος από το σπίτι","values":{"Covid_Risk":{"type":"plus","num":"5"},"Φυσική_Κατάσταση":"2","Διασκέδαση":"5","Κοινωνική_Ζωή":"5","Χρήματα":"-2"},"imguri":"","layers":"bedroom","isDummy":false,"latlng":{"lat":262.777721070148,"lng":354.12380839265217}},{"id":68,"description":"Καραντίνα 14 μέρες","values":{"Covid_Risk":{"type":"plus","num":"-80"},"Φυσική_Κατάσταση":"-60","Διασκέδαση":"-40","Κοινωνική_Ζωή":"-30","Χρήματα":"-50"},"imguri":"","layers":"bedroom","isDummy":false,"latlng":{"lat":267.6462811107879,"lng":561.6775014196878}},{"id":69,"description":"Πάρτυ γενεθλίων","values":{"Covid_Risk":{"type":"rand","from":"25","to":"65"},"Φυσική_Κατάσταση":"15","Διασκέδαση":"35","Κοινωνική_Ζωή":"61","Χρήματα":"-10"},"imguri":"","layers":"Main","isDummy":false,"latlng":{"lat":386.7555396107637,"lng":133.16209343440636}},{"id":72,"description":"Online Παιχνίδια","values":{"Covid_Risk":{"type":"rand","from":"-15","to":"-20"},"Φυσική_Κατάσταση":"-30","Διασκέδαση":"30","Κοινωνική_Ζωή":"-15","Χρήματα":"-40"},"imguri":"","layers":"bedroom","isDummy":false,"latlng":{"lat":200.45155986941083,"lng":77.14152388146726}}]