<xml xmlns="http://www.w3.org/1999/xhtml"><block type="controls_if" id="kBEqxA{tC}Dr~kA~ETu}" x="-1990" y="-801"><mutation elseif="1"></mutation><value name="IF0"><block type="logic_compare" id="c_mBehb4ClFwq|PvECYY"><field name="OP">GT</field><value name="A"><block type="singleVar" id="Y63+#19.GTEJ0^:%s2l1"><field name="varName">Humidity</field></block></value><value name="B"><block type="math_number" id="SWZv0kRm9lR.6Ir?q!S}"><field name="NUM">96</field></block></value></block></value><statement name="DO0"><block type="sound" id="qSXSEmHPcA{hX29^d41Q"><field name="NAME">lose</field><next><block type="popup" id="EhQ+vU4D9psQew2ou#ro"><field name="popuptext">TOO MUCH HUMIDITY </field><next><block type="popup" id="ZpidsVX7ry6`EWy9uNA*"><field name="popuptext">TRY AGAIN!</field><next><block type="text_print" id="fMh[H7qpvoF@xaI8_:/q"><value name="TEXT"><block type="text" id="LMfUL8BC8MjJMnNS63g3"><field name="TEXT">TOO MUCH HUMIDITY</field></block></value><next><block type="gameover" id="R/;~}(9-UBlcS)i2JRYZ"></block></next></block></next></block></next></block></next></block></statement><value name="IF1"><block type="logic_compare" id="wVI2^agEB[3sc?_Razy!"><field name="OP">GT</field><value name="A"><block type="singleVar" id="mtdi#5uiFB~Rs*ep@T*a"><field name="varName">Oxygen</field></block></value><value name="B"><block type="math_number" id="S?l,:_DLq,a(TmRHNIGT"><field name="NUM">96</field></block></value></block></value><statement name="DO1"><block type="sound" id="!/LcsR-TYelk[cfj}rbS"><field name="NAME">lose</field><next><block type="popup" id="Ht(uluEd,#k3a`1/E*o("><field name="popuptext">TOO MUCH OXYGEN</field><next><block type="popup" id="cuA(uLGa4ivvsk`BrIT*"><field name="popuptext">TRY AGAIN!</field><next><block type="text_print" id="4-Y;gPx,eV;B,=vTqdKC"><value name="TEXT"><block type="text" id=".7DQWGQuu+[Q_eLaq^Jh"><field name="TEXT">TOO MUCH OXYGEN</field></block></value><next><block type="gameover" id="xWPWMWIb~^f.N08BR=SS"></block></next></block></next></block></next></block></next></block></statement></block><block type="controls_if" id="oUgd{3K~U[F@#aF]}ygA" x="-2739" y="-754"><mutation elseif="1"></mutation><value name="IF0"><block type="logic_operation" id="neiAAp)A`wXvfET/Wa%M"><field name="OP">AND</field><value name="A"><block type="logic_compare" id="Lsd%U~+L?RuK,mg|C)NP"><field name="OP">GTE</field><value name="A"><block type="singleVar" id="fM`*CL`bc5a3IJ_CSo7d"><field name="varName">Humidity</field></block></value><value name="B"><block type="math_number" id="E%wS3KXP-BLO]3Fg2q]Y"><field name="NUM">90</field></block></value></block></value><value name="B"><block type="logic_compare" id="OpJeVxd@S~.?B.sE.2Su"><field name="OP">LTE</field><value name="A"><block type="singleVar" id=":(?^0-YTMfA]Z0vO%vQy"><field name="varName">Humidity</field></block></value><value name="B"><block type="math_number" id="d+6}CR!bAF%Cbr}zXOnt"><field name="NUM">93</field></block></value></block></value></block></value><statement name="DO0"><block type="sound" id="Vs:DR0C3qnwLu_H#Tj;Y"><field name="NAME">drums</field><next><block type="sound" id="9Xs,O=MnYCY|PC)U+8[W"><field name="NAME">cheering</field><next><block type="sound" id="hXioAaPRfrv6Uw@o=vY3"><field name="NAME">applause</field><next><block type="popup" id="[XMzb=tiZEwjnqR(]mUV"><field name="popuptext">CONGRATULATIONS YOU HAVE CREATED A COMPOST</field><next><block type="text_print" id="4H4?nKmL]}}[W}ptY6*h"><value name="TEXT"><block type="text" id="CsC!u?7JktdEByG-14-("><field name="TEXT">MISSION ACOMPLISHED</field></block></value></block></next></block></next></block></next></block></next></block></statement><value name="IF1"><block type="logic_operation" id="1sHLJjTlq}X-AqH/Vm/`"><field name="OP">AND</field><value name="A"><block type="logic_compare" id="k3zO!UAm`UaIp]:pO@W}"><field name="OP">GTE</field><value name="A"><block type="singleVar" id="=*FUOjP{#WNfLT0Ppfrq"><field name="varName">Oxygen</field></block></value><value name="B"><block type="math_number" id="`/Nd+G4/NEy|_[``=ou7"><field name="NUM">90</field></block></value></block></value><value name="B"><block type="logic_compare" id="qttn7~*S_;Fk5Rd,!;R_"><field name="OP">LTE</field><value name="A"><block type="singleVar" id="?3rO-m[aLLec%]L8ZB@8"><field name="varName">Oxygen</field></block></value><value name="B"><block type="math_number" id="jY5=f0@CLt^yts:OZlet"><field name="NUM">93</field></block></value></block></value></block></value><statement name="DO1"><block type="sound" id=";YQHr4zrYt@#uH87@;]g"><field name="NAME">drums</field><next><block type="sound" id="XD%bMyeC2q%c6jAHABj/"><field name="NAME">cheering</field><next><block type="sound" id="1#ANyhl2*9vTwT?:TDpR"><field name="NAME">applause</field><next><block type="popup" id="LP]-K,LO)YhB9/X;tpoj"><field name="popuptext">CONGRATULATIONS YOU HAVE CREATED A COMPOST</field><next><block type="text_print" id="Q^};u68YEMhCoYv]~/Ui"><value name="TEXT"><block type="text" id="M*pq=c*sbo`o8PP6C2iW"><field name="TEXT">MISSION ACOMPLISHED</field></block></value></block></next></block></next></block></next></block></next></block></statement></block><block type="controls_if" id="=Pal9oH~?%yq#MWz%FM(" x="-1990" y="-431"><mutation elseif="1"></mutation><value name="IF0"><block type="logic_compare" id="BY+s^inZdY|)qBC7,e?z"><field name="OP">LT</field><value name="A"><block type="singleVar" id="j3Q,j++x0iCsG_?.4_4P"><field name="varName">Humidity</field></block></value><value name="B"><block type="math_number" id=")n[4{p~YC6_wuFN#2EQc"><field name="NUM">13</field></block></value></block></value><statement name="DO0"><block type="sound" id="@Pd+EU@,^Xdx1zt,UM=l"><field name="NAME">lose</field><next><block type="popup" id="9qOdpy6Wij)XCJS.Oe[P"><field name="popuptext">TRY AGAIN!</field><next><block type="popup" id="{Q?-`q.bzj.X~f4j0@~y"><field name="popuptext"> VERY LOW HUMIDITY</field><next><block type="text_print" id="dY_K=/l,CR_.m?0T!rs3"><value name="TEXT"><block type="text" id=".-#3IJ3(`R/)HOiTKkp@"><field name="TEXT">VERY LOW HUMIDITY</field></block></value><next><block type="gameover" id="QXEDyZB;k[R{b^%*CT8|"></block></next></block></next></block></next></block></next></block></statement><value name="IF1"><block type="logic_compare" id="Zz7:[;c^eMKzV:vMo}2."><field name="OP">LT</field><value name="A"><block type="singleVar" id="Gr:(Tywg/0%T!v2MHj6o"><field name="varName">Oxygen</field></block></value><value name="B"><block type="math_number" id="`dZM|%+RBxUk1lnLqiOU"><field name="NUM">13</field></block></value></block></value><statement name="DO1"><block type="sound" id="+~#jJSCLtY,7thE49ATP"><field name="NAME">lose</field><next><block type="popup" id="y6dOEJ):xsnV~8Rbso4Q"><field name="popuptext">VERY LOW OXYGEN</field><next><block type="popup" id=";Q!~1zN@Uce)m0Yr0Oo["><field name="popuptext">TRY AGAIN!</field><next><block type="text_print" id="#B=eN+{EBCsW3|!BzZ}f"><value name="TEXT"><block type="text" id="QnVFVtyS~}N9-SWX[#u5"><field name="TEXT">VERY LOW OXYGEN</field></block></value><next><block type="gameover" id="~rBt0E6tb7;43o3_Qn~G"></block></next></block></next></block></next></block></next></block></statement></block><block type="controls_if" id="/yiWamc9k.!yzdW{R7%D" x="-2739" y="-335"><mutation elseif="1"></mutation><value name="IF0"><block type="logic_compare" id="FeUF{PZ)K#cl,f7HbRCR"><field name="OP">GT</field><value name="A"><block type="singleVar" id="nR7MxllWFjU~kH3g^MGM"><field name="varName">Mixture</field></block></value><value name="B"><block type="math_number" id="qw0CCs]UB(P,HWAqx{%8"><field name="NUM">10</field></block></value></block></value><statement name="DO0"><block type="sound" id=")ATXPyLaXFcW/vV0+p!K"><field name="NAME">lose</field><next><block type="popup" id="/C[f;1Yl6X)3su[hg;ui"><field name="popuptext">MIXTURE OVERLOAD</field><next><block type="popup" id="!I;5U@`p)E[T^!_IOqz7"><field name="popuptext">TRY AGAIN!</field><next><block type="gameover" id="eXNT0^gND=OE:t~nSVgE"></block></next></block></next></block></next></block></statement><value name="IF1"><block type="logic_compare" id="i*bh4bS6oWYLO^!:/IBl"><field name="OP">LT</field><value name="A"><block type="singleVar" id="{r=)eqK`!f;2hfuwaeV9"><field name="varName">Mixture</field></block></value><value name="B"><block type="math_number" id="[Jb{MN9#!DX.#+}G)1Px"><field name="NUM">-10</field></block></value></block></value><statement name="DO1"><block type="sound" id=",])h3A[RkuQ}rohE+^Q#"><field name="NAME">lose</field><next><block type="popup" id="yA`cj:-nG%+(N0L,(xMl"><field name="popuptext">MIXTURE OVERLOAD</field><next><block type="popup" id="{*qjcG?dM-Q)wa~1tSJb"><field name="popuptext">TRY AGAIN!</field><next><block type="gameover" id="K}]}3@whu;Rn2H#4j];}"></block></next></block></next></block></next></block></statement></block></xml>