<xml xmlns="http://www.w3.org/1999/xhtml"><block type="controls_if" id="oUgd{3K~U[F@#aF]}ygA" x="-2633" y="-2273"><value name="IF0"><block type="logic_compare" id="y?Es@A1Uef;ZC#rN}c~B"><field name="OP">LT</field><value name="A"><block type="singleVar" id="h!(AhSOg.0)E8^nCH/}K"><field name="varName">Humidity</field></block></value><value name="B"><block type="math_number" id="l~/N4T2;TEup5;!i.Uw("><field name="NUM">10</field></block></value></block></value><statement name="DO0"><block type="sound" id="-=D?(ivCk[u0ID2teEzC"><field name="NAME">beep</field><next><block type="popup" id="7}3njcEPol;Ik?]o#^Kc"><field name="popuptext">Humidity is low!</field><next><block type="text_print" id="ij4i%o=0(JI+|PI{ZZJs"><value name="TEXT"><block type="text" id=":W~bdg)2gMvM[bnTp?0`"><field name="TEXT">Humidity below 10</field></block></value></block></next></block></next></block></statement><next><block type="controls_if" id="K2SlZZ9fW.9MLCg%jnDQ"><value name="IF0"><block type="logic_compare" id="v|I.=cw`91zv.qZJT6GE"><field name="OP">LT</field><value name="A"><block type="singleVar" id="8doR;C2Rwsgd)3g[/Dfj"><field name="varName">Oxygen</field></block></value><value name="B"><block type="math_number" id="O?8P{RazJ_HX2@%iu_@R"><field name="NUM">10</field></block></value></block></value><statement name="DO0"><block type="sound" id="UfjZrMs`r8.]+eZ:e7{2"><field name="NAME">beep</field><next><block type="popup" id="x0PL}H)8*|/[STGn[Ks6"><field name="popuptext">Oxygen is low!</field><next><block type="text_print" id="UAS~[asytn5A4Tgh/X?n"><value name="TEXT"><block type="text" id="grs^@[K!+At5dX#!z|9I"><field name="TEXT">Oxygen below 10</field></block></value></block></next></block></next></block></statement><next><block type="controls_if" id=",!x~+b=rFKcAqQ(6Z?|f"><value name="IF0"><block type="logic_operation" id="5y*!,f,WWfzq1!NJxcNS"><field name="OP">OR</field><value name="A"><block type="logic_compare" id="Dme7,K1%aLha5G}5fa#["><field name="OP">GT</field><value name="A"><block type="singleVar" id="~5cPE=Hqv*eGyFDd[[-*"><field name="varName">Mixture</field></block></value><value name="B"><block type="math_number" id="PVpFnVUuCvf+7YP;kU.I"><field name="NUM">8</field></block></value></block></value><value name="B"><block type="logic_compare" id="v3I5wM#|c7JIg)9I!m)C"><field name="OP">LT</field><value name="A"><block type="singleVar" id="kw{@P[GVqdf6`tUHm0=}"><field name="varName">Mixture</field></block></value><value name="B"><block type="math_number" id="^y+Yn6IYX9.{cNd}k!+n"><field name="NUM">-8</field></block></value></block></value></block></value><statement name="DO0"><block type="sound" id="@CQB5dSU-J)0VdCQkQQ-"><field name="NAME">beep</field><next><block type="popup" id="sk]IN8=)b;4Ud;]K7L]4"><field name="popuptext">Check Mixture</field><next><block type="text_print" id="uA+3=mLV![caeGN]8n8N"><value name="TEXT"><block type="text" id="b}~iX:h6LB|^[~HTca}x"><field name="TEXT">Mixture problem</field></block></value></block></next></block></next></block></statement><next><block type="controls_if" id="!sS3zz7QoCO9`sZ,`9=V"><mutation elseif="2"></mutation><value name="IF0"><block type="logic_operation" id="9:knCl4akA4YAQWR[nw7"><field name="OP">AND</field><value name="A"><block type="logic_compare" id="y.YLk{=ewF^:3oKeI=ds"><field name="OP">GTE</field><value name="A"><block type="singleVar" id=":nujEYFc2fr:ZEFO~F0t"><field name="varName">Oxygen</field></block></value><value name="B"><block type="math_number" id="jV|cEy!~:)Xgu;AGjgCn"><field name="NUM">20</field></block></value></block></value><value name="B"><block type="logic_compare" id=")ejHL|l*Vikg1Ixy7,2J"><field name="OP">LTE</field><value name="A"><block type="singleVar" id="%(MX+ZdCcPT3!r%V.Map"><field name="varName">Oxygen</field></block></value><value name="B"><block type="math_number" id="k0.h{A8U2oBMk,oa^k%m"><field name="NUM">23</field></block></value></block></value></block></value><statement name="DO0"><block type="text_print" id="(.Gm=b7OBpFXUYAvsXQ?"><value name="TEXT"><block type="text" id="E#.0mkPPjp2+_,s7*|bw"><field name="TEXT">Temperature : 30-40 °C</field></block></value><next><block type="popup" id="`6erSiT!E+UpFW_d[nn]"><field name="popuptext">Temperature : 30-40 °C</field></block></next></block></statement><value name="IF1"><block type="logic_operation" id="IM0^*?CcXt!MR3U({wuL"><field name="OP">AND</field><value name="A"><block type="logic_compare" id="goQdN^4ZK@~iBPn@0sYL"><field name="OP">GTE</field><value name="A"><block type="singleVar" id="vO1;g~*.J%n+~(h[[V;d"><field name="varName">Humidity</field></block></value><value name="B"><block type="math_number" id="H9)nK,2[J(rxz9q3[^-P"><field name="NUM">20</field></block></value></block></value><value name="B"><block type="logic_compare" id=")LGic?d3)6U{p(Fm^}w_"><field name="OP">LTE</field><value name="A"><block type="singleVar" id="-EUK6z!8)Sha)X6MH.:J"><field name="varName">Humidity</field></block></value><value name="B"><block type="math_number" id="Tky(lQs@Jlltwq]V8v._"><field name="NUM">23</field></block></value></block></value></block></value><statement name="DO1"><block type="text_print" id="fQLeapq|l_]BZ!q(Uj94"><value name="TEXT"><block type="text" id="yIn5X.}U@`41GQik@1%%"><field name="TEXT">Temperature : 30-40 °C</field></block></value></block></statement><value name="IF2"><block type="logic_operation" id="-:91m`)s1/gS~C}geeQL"><field name="OP">OR</field><value name="A"><block type="logic_operation" id="[w.Q2KJd.Oy2SYLYw=GK"><field name="OP">AND</field><value name="A"><block type="logic_compare" id="H7dL-mtd6lYPJlqBX4qk"><field name="OP">GTE</field><value name="A"><block type="singleVar" id="LKcd6DR,sZ~:xVhTOmPo"><field name="varName">Oxygen</field></block></value><value name="B"><block type="math_number" id="qMMDIwZXNp7Ke`H9UDsR"><field name="NUM">50</field></block></value></block></value><value name="B"><block type="logic_compare" id=")pBXu8pd;o/R]gZxj)-S"><field name="OP">LTE</field><value name="A"><block type="singleVar" id="D|^%HA=aNpi9i5Bz{kDt"><field name="varName">Oxygen</field></block></value><value name="B"><block type="math_number" id="LKP30*}jn*o2wMUoin?I"><field name="NUM">51</field></block></value></block></value></block></value><value name="B"><block type="logic_operation" id="MxMzHR63J+Z#D^kxYLX3"><field name="OP">AND</field><value name="A"><block type="logic_compare" id="ukzHptxyHJ0D01rorw}*"><field name="OP">GTE</field><value name="A"><block type="singleVar" id="?TXOcFqTG!_+qyY4Yp!)"><field name="varName">Humidity</field></block></value><value name="B"><block type="math_number" id="V]^a0WHI3}|m6}2tuFq|"><field name="NUM">50</field></block></value></block></value><value name="B"><block type="logic_compare" id="vxIkm?Tpdrzxy3b0}AD,"><field name="OP">LTE</field><value name="A"><block type="singleVar" id="U#jnN*VhYm?5[hMSGL^f"><field name="varName">Humidity</field></block></value><value name="B"><block type="math_number" id="0=N~Nt4ZmUF~)ugaQIvS"><field name="NUM">51</field></block></value></block></value></block></value></block></value><statement name="DO2"><block type="popup" id="{I_u;nAY|Sj%/X|P?ti%"><field name="popuptext">Beginning of Procedure! </field><next><block type="popup" id="RVUahML*CE]?;CoX7%qW"><field name="popuptext">Temperature between 50-60 °C</field><next><block type="popup" id="xuK=)zB~6.`lq4)L@.bJ"><field name="popuptext">Keep Going!!</field></block></next></block></next></block></statement><next><block type="controls_if" id="/NvsJhJkNwZ%jOi?jx+p"><value name="IF0"><block type="logic_operation" id="/)HGB_Tg0kRjXExYp-^P" inline="false"><field name="OP">OR</field><value name="A"><block type="logic_operation" id="S2{ufc[-awF_pb?C+c%R"><field name="OP">AND</field><value name="A"><block type="logic_compare" id="vz1hsA%*P)w*N0~c[zQr"><field name="OP">GTE</field><value name="A"><block type="singleVar" id="3mKnOvvoTMcELRYfzXGX"><field name="varName">Oxygen</field></block></value><value name="B"><block type="math_number" id="t`z,63pdzH3%Q4J+@.K%"><field name="NUM">50</field></block></value></block></value><value name="B"><block type="logic_compare" id="Brg=QQnM#puBcb{I~3|?"><field name="OP">LTE</field><value name="A"><block type="singleVar" id="asKv9pT0hNA85=FF7Xw}"><field name="varName">Oxygen</field></block></value><value name="B"><block type="math_number" id="lEC]3C_w.6j`K;EkxsOg"><field name="NUM">53</field></block></value></block></value></block></value><value name="B"><block type="logic_operation" id="BnLY+nrV*U2`#AE)]TU,"><field name="OP">AND</field><value name="A"><block type="logic_compare" id="z%|LqzwgjFT!f?5R!TO%"><field name="OP">GTE</field><value name="A"><block type="singleVar" id="nX8Zs/.z/iHBB!AcaC+Y"><field name="varName">Humidity</field></block></value><value name="B"><block type="math_number" id="6s3MvllxpW(e-Cm4(@_?"><field name="NUM">50</field></block></value></block></value><value name="B"><block type="logic_compare" id="iWq`7TEucs2_;5SS8BD%"><field name="OP">LTE</field><value name="A"><block type="singleVar" id="Pqn/Ac{`c;Q9{tox1VRN"><field name="varName">Humidity</field></block></value><value name="B"><block type="math_number" id="OLcY]H0hIof1R7jWnEV|"><field name="NUM">53</field></block></value></block></value></block></value></block></value><statement name="DO0"><block type="text_print" id="?xEKdzE#d#.;y49`^[EM"><value name="TEXT"><block type="text" id="TyaT_.2t6mL8PAbJ86{%"><field name="TEXT">Temperature :50-60  °C</field></block></value><next><block type="text_print" id="u%2_fgo.)@%pdP{f[rvC"><value name="TEXT"><block type="text" id="N[mbmq4_LtKO*x(SDmT="><field name="TEXT">Beginning of the Procedure! </field></block></value></block></next></block></statement><next><block type="controls_if" id="xocU.I8r*k`J)fn#]6au"><value name="IF0"><block type="logic_operation" id="*1M.dn=f*!gf3U!s?Pe0"><field name="OP">AND</field><value name="A"><block type="logic_compare" id="U;@P%*IEV](jkxUopK:U"><field name="OP">GT</field><value name="A"><block type="singleVar" id="|d|%1Yjc3p%UVX0_O2^)"><field name="varName">Humidity</field></block></value><value name="B"><block type="math_number" id="4ou4h4DWUWsU9NDaFGto"><field name="NUM">70</field></block></value></block></value><value name="B"><block type="logic_compare" id="C4q9}I|+oF=Uz1(~Ey6A"><field name="OP">LT</field><value name="A"><block type="singleVar" id="%arB6oUe3WD5e^TCHV#,"><field name="varName">Oxygen</field></block></value><value name="B"><block type="math_number" id="yi7XVfqn;I`1-Qeq7iu@"><field name="NUM">50</field></block></value></block></value></block></value><statement name="DO0"><block type="sound" id="WMc-Rn;.U:bTLpZu*Rna"><field name="NAME">beep</field><next><block type="popup" id="x(86~t!-Tgl-7W=%=H)d"><field name="popuptext">Humidity is very high. Remeber to keep a balance!!</field><next><block type="text_print" id="_WB~:m`IZY6aT3)qOzFq"><value name="TEXT"><block type="text" id="nrf6NNlXL.jd.5::O]m%"><field name="TEXT">High Humidity - Low Oxyegen</field></block></value></block></next></block></next></block></statement><next><block type="controls_if" id="ACUF3S]ac#JLx6XJZUX)"><value name="IF0"><block type="logic_operation" id="7K]cm+G`#?}ccRNk}2LW"><field name="OP">AND</field><value name="A"><block type="logic_compare" id="qKE/;#%i4_zfL*YkGMDJ"><field name="OP">GT</field><value name="A"><block type="singleVar" id="W]8ia?c4cl+Tj)*Wh,[P"><field name="varName">Oxygen</field></block></value><value name="B"><block type="math_number" id="%og!X+{jBU3kS#pUh{@h"><field name="NUM">70</field></block></value></block></value><value name="B"><block type="logic_compare" id="TV[#3I!n-8NLEIC{u#gu"><field name="OP">LT</field><value name="A"><block type="singleVar" id=";8{-g%u`MuJzXcOY_Z)H"><field name="varName">Humidity</field></block></value><value name="B"><block type="math_number" id="|2nQX=qoBv[#IRr6XHit"><field name="NUM">50</field></block></value></block></value></block></value><statement name="DO0"><block type="sound" id="?PyW{A#t*mQ[^1LkA}KW"><field name="NAME">beep</field><next><block type="popup" id="l6Oilar7XvWU?.08+3Uf"><field name="popuptext">Oxygeb is very high. Remeber to keep a balance!!</field><next><block type="text_print" id="{hul06fe#f(RIL|Ga5oh"><value name="TEXT"><block type="text" id=",M]Lr=^M%e04QVxbNDP7"><field name="TEXT">High Oxygen - Low Humidity</field></block></value></block></next></block></next></block></statement></block></next></block></next></block></next></block></next></block></next></block></next></block><block type="controls_if" id="wXy{W3z0olWm-D[s.R1n" x="-1987" y="-2304"><value name="IF0"><block type="current_point_check" id="UBMY//,z^U.Q`[Tn%r,W"><field name="pointsNames">Plastic</field></block></value><statement name="DO0"><block type="sound" id="PJ~[_dI(:D`P4f.hA]%}"><field name="NAME">rooster</field><next><block type="popup" id="[p5S=Eri`lZ8sn5JX`St"><field name="popuptext">BE CAREFULL!!</field><next><block type="text_print" id="epzo]5aSR`U~%:?]-(tn"><value name="TEXT"><block type="text" id="]7mGn4n%5)pC2!K_dbgR"><field name="TEXT">Matterial not suitable . PLASTIC</field></block></value></block></next></block></next></block></statement><next><block type="controls_if" id="Y%b;!]upImSll8/V(kck"><value name="IF0"><block type="current_point_check" id="rjM{=zx/-4ml@H0?v,!F"><field name="pointsNames"> Meat</field></block></value><statement name="DO0"><block type="sound" id="OJ*s?wl4?@Tv[s%Ybm3t"><field name="NAME">rooster</field><next><block type="popup" id="(.ha%UC%@U_;8%B*1:#5"><field name="popuptext">BE CAREFULL!!</field><next><block type="text_print" id="]v{vECxL_;PpT~eV0AcQ"><value name="TEXT"><block type="text" id="V2PRyn#v[:M!5|Z+I8Bx"><field name="TEXT">Matterial not suitable. MEAT</field></block></value></block></next></block></next></block></statement><next><block type="controls_if" id="O,QyldLRlk5V[llE7,V4"><value name="IF0"><block type="current_point_check" id="w?|-8Sx#aM{WG5mCun=a"><field name="pointsNames">Citrus Fruit Peel</field></block></value><statement name="DO0"><block type="sound" id="`IQa@!Fu2@38p?d-g:uK"><field name="NAME">rooster</field><next><block type="popup" id="]9@*cLposfLf,2/D?SGG"><field name="popuptext">BE CAREFULL!!</field><next><block type="text_print" id="hLa~fPv%%-BAnJfYCrZr"><value name="TEXT"><block type="text" id="bP=qC(c|kUAtW;Wmo)V!"><field name="TEXT">Matterial not suitable . CITRUS FRUIT PEEL</field></block></value></block></next></block></next></block></statement></block></next></block></next></block><block type="controls_if" id="BEJ~TH=NRdeM?!pXA!m1" x="-1340" y="-2297"><mutation elseif="9"></mutation><value name="IF0"><block type="current_point_check" id="?:BlM|]xnRb#Kx[[)jvt"><field name="pointsNames"> Roots</field></block></value><statement name="DO0"><block type="text_print" id="A/=B[]R%{D-jf_OHI3kA"><value name="TEXT"><block type="text" id="20LF_iEOH8m8wR0{~X-2"><field name="TEXT">Green</field></block></value></block></statement><value name="IF1"><block type="current_point_check" id="W3^8cE]YO8nfZE[LFz(7"><field name="pointsNames"> Flowers</field></block></value><statement name="DO1"><block type="text_print" id="*#:%l3OXbha;L9aDmQ#~"><value name="TEXT"><block type="text" id="95LHR+lS}PlXOP?mP/W5"><field name="TEXT">Green</field></block></value></block></statement><value name="IF2"><block type="current_point_check" id="D0W~)XUi3!i-##7HuOR7"><field name="pointsNames"> Green</field></block></value><statement name="DO2"><block type="text_print" id="^/,OSh:TPeOr^6bXTSyP"><value name="TEXT"><block type="text" id="~R/EXM09.=?oyYv6yh]H"><field name="TEXT">Green</field></block></value></block></statement><value name="IF3"><block type="current_point_check" id="u9lZBz9h{h#,ziE_@%-("><field name="pointsNames"> Vegetables</field></block></value><statement name="DO3"><block type="text_print" id="F=)gyyuT15xXY`T_JS9g"><value name="TEXT"><block type="text" id="r+?;=*e[Frld|h0c3PDZ"><field name="TEXT">Green</field></block></value></block></statement><value name="IF4"><block type="current_point_check" id="3YlQ0%/d-6tX0lR7V;3R"><field name="pointsNames"> Sticks</field></block></value><statement name="DO4"><block type="text_print" id="*Do^+A`c!q(m?A/by`,8"><value name="TEXT"><block type="text" id="etQzrwofCG#-@N25.Auz"><field name="TEXT">Brown</field></block></value></block></statement><value name="IF5"><block type="current_point_check" id="c=ZoWCdj=C!/)XF*N;6!"><field name="pointsNames"> Flour</field></block></value><statement name="DO5"><block type="text_print" id="Yq])u.Ba3H`4i}7Kp8Ks"><value name="TEXT"><block type="text" id="k}|?roPMHt8WtY]fFA#*"><field name="TEXT">Brown</field></block></value></block></statement><value name="IF6"><block type="current_point_check" id="GaV[.Vp[o8~C=t~,!;)X"><field name="pointsNames"> Juice</field></block></value><statement name="DO6"><block type="text_print" id="5KkaF#i#f!-dCO-c693D"><value name="TEXT"><block type="text" id="[[gyeeO!?r*NI(g}x0Cr"><field name="TEXT">Green</field></block></value></block></statement><value name="IF7"><block type="current_point_check" id="TX2fTd8a!gW(SXx0C+x^"><field name="pointsNames"> Tea bags</field></block></value><statement name="DO7"><block type="text_print" id="1=;*0Wle9S^:6Jy:Tt0v"><value name="TEXT"><block type="text" id="jUxQ|-#{blh^Y;!JH!?Y"><field name="TEXT">Green</field></block></value></block></statement><value name="IF8"><block type="current_point_check" id="=Gbc@RlA/H_x)(3-/l9D"><field name="pointsNames"> Dry leaves</field></block></value><statement name="DO8"><block type="text_print" id="flys`{QQWcr(=o?Xz3c6"><value name="TEXT"><block type="text" id=")A~[P6OC.pDH_a~OH9YS"><field name="TEXT">Brown</field></block></value></block></statement><value name="IF9"><block type="current_point_check" id="a+zX]H{YgDD//nwm|-ff"><field name="pointsNames"> Rice</field></block></value><statement name="DO9"><block type="text_print" id="3vxB~uI8*LEXo{Cyi[Sv"><value name="TEXT"><block type="text" id="2B8:W(H_TSW3+Xfk^#D)"><field name="TEXT">Green</field></block></value></block></statement><next><block type="controls_if" id="d!uL=?tu]eB6ql4-!dP0"><mutation elseif="10"></mutation><value name="IF0"><block type="current_point_check" id="g8HrC-;sdI?NG5J?,?+F"><field name="pointsNames"> Fruits</field></block></value><statement name="DO0"><block type="text_print" id="-NKnXuZ-jvUqO=HeG`t|"><value name="TEXT"><block type="text" id=":XA.wB^=gjGi9wLyWhfs"><field name="TEXT">Green</field></block></value></block></statement><value name="IF1"><block type="current_point_check" id="`WlJ[C#ZQ3-_yVOc0.,_"><field name="pointsNames"> Coffee filters</field></block></value><statement name="DO1"><block type="text_print" id="oaZpUM=G/}C`02BjUY`i"><value name="TEXT"><block type="text" id="ItS:R`!4FP[j~4J~i`aG"><field name="TEXT">Green</field></block></value></block></statement><value name="IF2"><block type="current_point_check" id="NmGlbKf5,{J-#H=PN=Vm"><field name="pointsNames"> Citrus Fruit Peel</field></block></value><statement name="DO2"><block type="sound" id="L6W6b/x?n{7O{BQSy|r["><field name="NAME">beep</field><next><block type="text_print" id="O*BhU(J|KT?A2sMc3*4d"><value name="TEXT"><block type="text" id="MXR|^j(=31`1VJIGDri`"><field name="TEXT">Forbitten Product</field></block></value><next><block type="popup" id="m0fo5[9EF*+4Ic9[Qh|b"><field name="popuptext">Forbitten Product</field></block></next></block></next></block></statement><value name="IF3"><block type="current_point_check" id="kq@@y|f0j-G,iOK=,2U*"><field name="pointsNames"> Meat</field></block></value><statement name="DO3"><block type="sound" id="xQn+Q9A1,_d?wa(LV9kG"><field name="NAME">beep</field><next><block type="text_print" id="uJDI}iK7XpP_ad;HOkRc"><value name="TEXT"><block type="text" id="XK+j:7;VzAO%wX?6?c59"><field name="TEXT">Forbitten Product</field></block></value><next><block type="popup" id="B-:f,Ya[@*vE]f[;#zS}"><field name="popuptext">Forbitten Product</field></block></next></block></next></block></statement><value name="IF4"><block type="current_point_check" id="|Gk?N4=.^4fatjmN6J{k"><field name="pointsNames"> Kitchen paper</field></block></value><statement name="DO4"><block type="text_print" id="n1@Q~.QhpQ.YlM/gLT~Y"><value name="TEXT"><block type="text" id="xNQutX4D`M`C~`9.+3?h"><field name="TEXT">Brown</field></block></value></block></statement><value name="IF5"><block type="current_point_check" id="D7#BL7jaUA{]7NFBYC#~"><field name="pointsNames"> Toilet paper cylinder</field></block></value><statement name="DO5"><block type="text_print" id="h9bL:Fs4L04DhcH[Iw4D"><value name="TEXT"><block type="text" id="JR0*Jufbu1H40/?so*h)"><field name="TEXT">Brown</field></block></value></block></statement><value name="IF6"><block type="current_point_check" id="3v/6z}Ar*`rVRnL,A2lC"><field name="pointsNames"> Soil</field></block></value><statement name="DO6"><block type="text_print" id="I:n%U1W+wHyOALuRx.pf"><value name="TEXT"><block type="text" id="Wclf)Fp#zX4:BUWPYj)D"><field name="TEXT">Brown</field></block></value></block></statement><value name="IF7"><block type="current_point_check" id="}sDpCSU`!U0va:aB]^NP"><field name="pointsNames"> Plastic</field></block></value><statement name="DO7"><block type="sound" id="OggZ*%UBwf]trO*V02,3"><field name="NAME">beep</field><next><block type="text_print" id="r)^}2rUNKLRR)W`KUgH!"><value name="TEXT"><block type="text" id="K.WBnOU3o+:|[wQ#l|52"><field name="TEXT">Forbitten Product</field></block></value><next><block type="popup" id="-|{z*8`pCCJ8q1]|3b[h"><field name="popuptext">Forbitten Product</field></block></next></block></next></block></statement><value name="IF8"><block type="current_point_check" id="u:5(|9Y4wo{PUhA*mR)r"><field name="pointsNames"> Straw</field></block></value><statement name="DO8"><block type="text_print" id="x-1]M)28B4%eKu2+Ae(5"><value name="TEXT"><block type="text" id="cDr?-Ohw/*Til9lOik#~"><field name="TEXT">Brown</field></block></value></block></statement><value name="IF9"><block type="current_point_check" id="f7od(Wh`_+g0)gCF/t(a"><field name="pointsNames"> Newspaper</field></block></value><statement name="DO9"><block type="text_print" id="*}pF(v]N-;r)]Kem@)lq"><value name="TEXT"><block type="text" id="A+PWTh:1w+-%3k!PXU*5"><field name="TEXT">Brown</field></block></value></block></statement><value name="IF10"><block type="current_point_check" id="T-SK(l;x|o;bWKxQ9}iL"><field name="pointsNames"> Ash</field></block></value><statement name="DO10"><block type="text_print" id="SBPTy(_|s%NlOY]=pR^:"><value name="TEXT"><block type="text" id="c!K9/)hT@j9`DbB?:e;6"><field name="TEXT">Brown</field></block></value></block></statement><next><block type="controls_if" id="]mRR#:i`@;Mdhug@J^Ei"><mutation elseif="3"></mutation><value name="IF0"><block type="current_point_check" id=":,[x2^.O6{cg?WA2(3VA"><field name="pointsNames"> Shavings</field></block></value><statement name="DO0"><block type="text_print" id="eNJ-zY,8G{yZ`eKSWq]+"><value name="TEXT"><block type="text" id="ClIDeM^zT1pg]w;Qc)C."><field name="TEXT">Brown</field></block></value></block></statement><value name="IF1"><block type="current_point_check" id="ki=6e-PTVF)F-qE~W?Q("><field name="pointsNames"> Cereal</field></block></value><statement name="DO1"><block type="text_print" id="cT2^C@3vSFbilE6s-3t?"><value name="TEXT"><block type="text" id="4PL`hw_Y3_MJUbq8)r/="><field name="TEXT">Brown</field></block></value></block></statement><value name="IF2"><block type="current_point_check" id="o4})KVI0e93KE6a?=4=b"><field name="pointsNames">WATER</field></block></value><statement name="DO2"><block type="popup" id="7o6bOuzn~#%=.xx`wCAU"><field name="popuptext">WATER</field><next><block type="text_print" id="spZI|n6r1D~u:T=xk5g@"><value name="TEXT"><block type="text" id="Iq)]~NP[e%IFr%u-a9|Y"><field name="TEXT">water</field></block></value></block></next></block></statement><value name="IF3"><block type="current_point_check" id="0I9-g1{I-zCUN[mX`D--"><field name="pointsNames"> Feather</field></block></value><statement name="DO3"><block type="text_print" id=";5vr=5#}eQzvxe[IaD1w"><value name="TEXT"><block type="text" id="`AZ17w3X8B`F*{H9ZS%%"><field name="TEXT">Brown</field></block></value></block></statement></block></next></block></next></block><block type="controls_if" id=";X!_h{pv*5LrO=^SM?W3" x="-850" y="-2322"><value name="IF0"><block type="logic_operation" id="BLl+pf{~C(:?0i9yX:~%"><field name="OP">AND</field><value name="A"><block type="logic_compare" id="Y=R7w;1{MT5pZC/JLSe5"><field name="OP">GT</field><value name="A"><block type="singleVar" id="[]`4#RDvg?z(;FhI-;@y"><field name="varName">Humidity</field></block></value><value name="B"><block type="math_number" id="5dy@ks@m?HAD=2=5i7,|"><field name="NUM">23</field></block></value></block></value><value name="B"><block type="logic_compare" id="oPTd:VL208J#!WM-x5`^"><field name="OP">LT</field><value name="A"><block type="singleVar" id="Hj551N~/t[{;_E?56cq3"><field name="varName">Humidity</field></block></value><value name="B"><block type="math_number" id="2GAPIjmA3]_}RZ:;CsR8"><field name="NUM">25</field></block></value></block></value></block></value><statement name="DO0"><block type="text_print" id="hO?}WuWofD*4Qz]7}8vw"><value name="TEXT"><block type="text" id="*WU#wcri%;NGK]CDdtdo"><field name="TEXT">Doing well!</field></block></value><next><block type="popup" id="hO+2m]pvtMfiIMN5#V`W"><field name="popuptext">Keep going! You are doing great!</field></block></next></block></statement><next><block type="controls_if" id="S@Zs~lLX=.zsz5Q[DH!W"><value name="IF0"><block type="logic_operation" id="pUp}_dlCaCze~#o]a_}F"><field name="OP">AND</field><value name="A"><block type="logic_compare" id="6K*Dxgi[I_L1qQuRxi42"><field name="OP">GT</field><value name="A"><block type="singleVar" id="iJpEuZZl89y9O4ydHJ3."><field name="varName">Oxygen</field></block></value><value name="B"><block type="math_number" id="+2f=lMYl*l:}#S@w%biQ"><field name="NUM">23</field></block></value></block></value><value name="B"><block type="logic_compare" id="r!]ex[oKM58V2TMncca6"><field name="OP">LT</field><value name="A"><block type="singleVar" id="5?6MHC`4w[QBvf4nfzVn"><field name="varName">Oxygen</field></block></value><value name="B"><block type="math_number" id="~^_]D%hQ%~0k1Cb/;rCD"><field name="NUM">25</field></block></value></block></value></block></value><statement name="DO0"><block type="text_print" id="o;Ju*Rz4R|)#M`Yx:qiW"><value name="TEXT"><block type="text" id="J22j,8Z39+k7Vx@6Dk|:"><field name="TEXT">Doing well!</field></block></value><next><block type="popup" id="uDT=V|L;J)Gw~Vr6gomy"><field name="popuptext">Keep going! You are doing great!</field></block></next></block></statement><next><block type="controls_if" id="(xJ@y[Jb;%`,#8CYK*+|"><value name="IF0"><block type="logic_compare" id="}EZ4i=xA_%uRC9.p-/FZ"><field name="OP">EQ</field><value name="A"><block type="singleVar" id="tuEzt.0FB=X{OBTCAv|O"><field name="varName">Mixture</field></block></value><value name="B"><block type="math_number" id="tr@DY7`C2Ksn5W.vc26K"><field name="NUM">0</field></block></value></block></value><statement name="DO0"><block type="text_print" id="6pGKsOA4YiWu!.)ivc!{"><value name="TEXT"><block type="text" id="gtrQ=;.9Ledwk2,w+KIR"><field name="TEXT">Mixture Control</field></block></value></block></statement><next><block type="controls_if" id="!?B+%DfWZXw1B.WJYvA4"><value name="IF0"><block type="logic_operation" id="c=97d1=^J2/isMr0*D+H"><field name="OP">AND</field><value name="A"><block type="logic_compare" id="#U@g|OPHXT5|uE*;%G?V"><field name="OP">GTE</field><value name="A"><block type="singleVar" id="fYXH7U9CAn`cd!o%F`D1"><field name="varName">Humidity</field></block></value><value name="B"><block type="math_number" id=")@dYm=t;Gb^jZQP?^tzN"><field name="NUM">28</field></block></value></block></value><value name="B"><block type="logic_compare" id="]kzX?BrQ?4F^vNb[(vmV"><field name="OP">LTE</field><value name="A"><block type="singleVar" id="KG,U7)CA`.oe1irqmgFi"><field name="varName">Humidity</field></block></value><value name="B"><block type="math_number" id="`9cuZ{gF@zF9eevdL*+U"><field name="NUM">31</field></block></value></block></value></block></value><statement name="DO0"><block type="sound" id="%)2uwOjkE[u3jhhS*,UR"><field name="NAME">beep</field><next><block type="popup" id="09c{/E8JNIed^MOuV4.A"><field name="popuptext">Oops, temperature is getting low.  Choose something GREEN IN COLOR - GREEN IN CATEGORY!</field></block></next></block></statement><next><block type="controls_if" id="2Aq-Xz[Icbc[0Su2?~/+"><value name="IF0"><block type="logic_operation" id="]i(Hg`AuG2CExK@b4K-U"><field name="OP">AND</field><value name="A"><block type="logic_compare" id="~?q~E6DeW-w=Zj6p]umK"><field name="OP">GTE</field><value name="A"><block type="singleVar" id="{9j55E[FOkq})D,)zaS+"><field name="varName">Oxygen</field></block></value><value name="B"><block type="math_number" id="/uY)ij|,@t4@hTKPXe^_"><field name="NUM">70</field></block></value></block></value><value name="B"><block type="logic_compare" id="f9_K1];esLMVv{:Om[^X"><field name="OP">LTE</field><value name="A"><block type="singleVar" id="S}NS8{.AH#bkV@oKDtW%"><field name="varName">Oxygen</field></block></value><value name="B"><block type="math_number" id="@0y[BzvD0iNM)h(jEVks"><field name="NUM">73</field></block></value></block></value></block></value><statement name="DO0"><block type="sound" id="UotF^ynd~V_Ms|#BdCy4"><field name="NAME">beep</field><next><block type="popup" id="C~kB-D.t?k3G(6!9,cwk"><field name="popuptext">The inside of the pile is DRY.  Choose a LIQUID without changing MIXTURE! </field></block></next></block></statement><next><block type="controls_if" id="R54xY0=[{04=C?p!{^qP"><value name="IF0"><block type="current_point_check" id=")Av3Wvjv##!85)Ud0X_G"><field name="pointsNames">WATER</field></block></value><statement name="DO0"><block type="sound" id="M,2*ds4XwyEp5B.;xVB}"><field name="NAME">beep</field><next><block type="popup" id="eN/pFl0[ydbM2DF2|pZc"><field name="popuptext">The pile is wet again!!</field></block></next></block></statement><next><block type="controls_if" id=",cIks1WXqdIcpGiK*CkD"><value name="IF0"><block type="logic_operation" id="-he/]}^bC)6,cb{2)Bd;"><field name="OP">AND</field><value name="A"><block type="logic_compare" id="hd=0q?x7U6n+R%L%+_g{"><field name="OP">GT</field><value name="A"><block type="singleVar" id="`#x*:oQ.wcI*A(fzoB9C"><field name="varName">General_Waste</field></block></value><value name="B"><block type="math_number" id="W5qPQ#r.xRQlsCCU/!(z"><field name="NUM">270</field></block></value></block></value><value name="B"><block type="logic_compare" id="`.6^{an(h}ycfffCueDM"><field name="OP">LT</field><value name="A"><block type="singleVar" id="@XF12jO/EiiQqS8q)V7;"><field name="varName">General_Waste</field></block></value><value name="B"><block type="math_number" id="44zBE~GKebd{ui#W{XIE"><field name="NUM">300</field></block></value></block></value></block></value><statement name="DO0"><block type="sound" id="-T17IiFmfdo`z8_3mQ^A"><field name="NAME">beep</field><next><block type="popup" id="p;(O4];WCP?:[]XPPmv2"><field name="popuptext">Waste is reducing! Good Job :)</field></block></next></block></statement><next><block type="controls_if" id=",LUh4lz:^fX+-fm5#Zz("><value name="IF0"><block type="current_point_check" id="Mxo!46ZYOqj8r!-_[T7m"><field name="pointsNames">TURN</field></block></value><statement name="DO0"><block type="sound" id="bUIL,7sK)8VYgbY~/68z"><field name="NAME">beep</field><next><block type="popup" id="P@*77z_j=.%qERlF8H#G"><field name="popuptext">TURN TURN TURN!!!</field></block></next></block></statement></block></next></block></next></block></next></block></next></block></next></block></next></block></next></block></xml>