<xml xmlns="http://www.w3.org/1999/xhtml"><block type="initialvalues" id="7%pi|u/wU`(M`t7@0~7Z" x="-504" y="-200"><statement name="Initial Values"><block type="initialValue" id="id1"><field name="varName">Humidity</field><value name="varVal"><block type="math_number" id="var1"><field name="NUM">15</field></block></value><next><block type="initialValue" id="id2"><field name="varName">Oxygen</field><value name="varVal"><block type="math_number" id="var2"><field name="NUM">15</field></block></value><next><block type="initialValue" id="=xd./=0+0t)b;wrGl@T#"><field name="varName">Mixture</field><value name="varVal"><block type="math_number" id="{?X_40gQ!2ykdesCXQ~#"><field name="NUM">0</field></block></value><next><block type="initialValue" id=")O[W[_Hy@,ot@MN#WFbG"><field name="varName">General_Waste</field><value name="varVal"><block type="math_number" id="C6{m@HM]Rf8TEv94TRO@"><field name="NUM">500</field></block></value></block></next></block></next></block></next></block></statement></block></xml>