[{"name":"Description","type":"string","visibility":"visible"},{"name":"Περιγραφή","type":"text","visibility":"visible"},{"name":"Λογική_Μαθηματικά","type":"number","visibility":"hidden"},{"name":"Γλώσσα","type":"number","visibility":"hidden"},{"name":"Μουσική_Ρυθμός","type":"number","visibility":"hidden"},{"name":"Χωροταξία","type":"number","visibility":"hidden"},{"name":"Κιναισθησία","type":"number","visibility":"hidden"},{"name":"Ανθρ_Σχέσεις","type":"number","visibility":"hidden"},{"name":"Αυτογνωσία","type":"number","visibility":"hidden"},{"name":"Φυσιολατρεία","type":"number","visibility":"hidden"},{"name":"Clue","type":"file","visibility":"visible"}]