<xml xmlns="http://www.w3.org/1999/xhtml"><block type="controls_if" id="z!WX.bttS^ql=2p*rd9b" x="-483" y="-1104"><value name="IF0"><block type="logic_operation" id="]WR.r)c+HM,S2V71Ocx;"><field name="OP">AND</field><value name="A"><block type="logic_compare" id="^o%0F^QC5U=b^4}0N3*i"><field name="OP">GT</field><value name="A"><block type="movescounter" id="39O4()x%5S`mVt6zZbeA"></block></value><value name="B"><block type="math_number" id="xLA-WKrpHt6:DX#*dSr:"><field name="NUM">3</field></block></value></block></value><value name="B"><block type="logic_operation" id="a|a2^~ya)3kxk+0:MqX5"><field name="OP">AND</field><value name="A"><block type="logic_compare" id="u0kqZ@Yhu=ir}I:U^Jy["><field name="OP">LT</field><value name="A"><block type="singleVar" id="F;S|BnHSSa*pxFB;QdFb"><field name="varName">Γλώσσα</field></block></value><value name="B"><block type="math_number" id="`g2Y~;McK+^6`KK?,xlc"><field name="NUM">100</field></block></value></block></value><value name="B"><block type="logic_compare" id="xP;U?[_e@tE#1QY@XI6S"><field name="OP">LT</field><value name="A"><block type="singleVar" id="h^F.c;kq16{AN}LUy_4?"><field name="varName">Μουσική_Ρυθμός</field></block></value><value name="B"><block type="math_number" id="OF#*KugbjiDOiTxN1#oA"><field name="NUM">100</field></block></value></block></value></block></value></block></value><statement name="DO0"><block type="popup" id="ZIn0k%r581/-Vzg!`JOk"><field name="popuptext">Να είσαι πιο προσεκτικός. Σκέψου καλά ποια αντικείμενα σχετίζονται με την υπόθεση.</field></block></statement><next><block type="controls_if" id="oUgd{3K~U[F@#aF]}ygA"><mutation elseif="1"></mutation><value name="IF0"><block type="logic_compare" id="~a@gT-aydG21O-1G.sjK"><field name="OP">LT</field><value name="A"><block type="singleVar" id="RTuC:_mI#d@k69q|ly)+"><field name="varName">Λογική_Μαθηματικά</field></block></value><value name="B"><block type="math_number" id="qIM#58w_X12vI;dXPueD"><field name="NUM">35</field></block></value></block></value><statement name="DO0"><block type="popup" id="k(l!7=*(ZAkI_H#.)Y+j"><field name="popuptext">Πρόσεχε ντετέκτιβ, δεν μπορείς να επιλέγεις αντικείμενα τα οποία δεν βοηθούν καθόλου την καλλιέργεια λογικών και μαθηματικών δεξιοτήτων</field></block></statement><value name="IF1"><block type="logic_compare" id="PD4thdz%6B.3CE%?0YXR"><field name="OP">GTE</field><value name="A"><block type="singleVar" id="!G(lc=3%QR/fbn(Yk}/A"><field name="varName">Λογική_Μαθηματικά</field></block></value><value name="B"><block type="math_number" id=":X6)m~FaL8td|My)H-}S"><field name="NUM">200</field></block></value></block></value><statement name="DO1"><block type="popup" id="R*?lIK@^KYFx/Wyn#n/a"><field name="popuptext">Πιστεύεις στ αλήθεια πως η λύση αυτού του μυστηρίου βρίσκεται πίσω από λογικές και μαθηματικές πράξεις;</field></block></statement><next><block type="controls_if" id="pQgpUVl1XHi%qo1dEueA"><value name="IF0"><block type="logic_compare" id="Q9PD)Q:~YDM71vv5m.xG"><field name="OP">LT</field><value name="A"><block type="singleVar" id="s=QV5B+r1[ztl*~|,#w/"><field name="varName">Γλώσσα</field></block></value><value name="B"><block type="math_number" id="k!,_K}XxGlyrrT~d_OXR"><field name="NUM">35</field></block></value></block></value><statement name="DO0"><block type="popup" id="25=BEoG_eu_F/rRr}T3}"><field name="popuptext">Πρόσεχε ντετέκτιβ, η γλωσσική σου ευφυΐα πέφτει σε χαμηλά επίπεδα και δεν θα μπορέσεις να αποτρέψεις την αποκάλυψη της ταυτότητάς σου.</field></block></statement><next><block type="controls_if" id="%Violkcnh6oWfa%+vaod"><value name="IF0"><block type="logic_compare" id="D4YBJPrT*T1*rP_Ln4st"><field name="OP">LT</field><value name="A"><block type="singleVar" id="L#t7mjQ?k+BELm%w}l8I"><field name="varName">Μουσική_Ρυθμός</field></block></value><value name="B"><block type="math_number" id="?NHz%Jt/-F;NX52t|V7_"><field name="NUM">35</field></block></value></block></value><statement name="DO0"><block type="popup" id="1GT]{]pZDqBrY#YN!AQL"><field name="popuptext">Αλήθεια ντετέκτιβ, δεν θεωρείς σημαντικές τις μουσικές γνώσεις για να μπορέσεις να λυσεις το μυστήριο;</field></block></statement><next><block type="controls_if" id="J/.Px5IR*nR/A0e5/DU@"><mutation elseif="1"></mutation><value name="IF0"><block type="logic_compare" id="bn`B|V@{YKOXuvi~%20I"><field name="OP">LT</field><value name="A"><block type="singleVar" id="Dk92S3B3YXj=Aj^Y)(IA"><field name="varName">Χωροταξία</field></block></value><value name="B"><block type="math_number" id="V(/uGp=dV*sUsg+9iBot"><field name="NUM">35</field></block></value></block></value><statement name="DO0"><block type="popup" id="%1.mZHwpSVJQxzXkJ:{m"><field name="popuptext">Πρόσεχε ντετέκτιβ, δεν μπορείς να θεωρείς πως η ικανότητα να προσανατολίζεσαι στον χώρο δεν θα σε βοηθήσει...</field></block></statement><value name="IF1"><block type="logic_compare" id="N=cak}ir`2D}^rUWsE?T"><field name="OP">GTE</field><value name="A"><block type="singleVar" id="Ul`-RDF4g7={G#d37_(*"><field name="varName">Χωροταξία</field></block></value><value name="B"><block type="math_number" id="b![nP.ub%]po7v!0U)tR"><field name="NUM">200</field></block></value></block></value><statement name="DO1"><block type="popup" id="tC1D@XVHLJbYnZp:E0n1"><field name="popuptext">Πιστεύεις στ αλήθεια πως η λύση αυτού του μυστηρίου απαιτεί κυρίως κιναισθητικές ικανότητες;</field></block></statement><next><block type="controls_if" id="wM{Soqo[Y3/WMjN=^^`0"><value name="IF0"><block type="logic_compare" id="],D8CK?})`YMSg,-()bX"><field name="OP">LT</field><value name="A"><block type="singleVar" id="3*_`d3+l*WV+UYmz@bNK"><field name="varName">Κιναισθησία</field></block></value><value name="B"><block type="math_number" id="8OSn%NTS*I/y|,P4P(OE"><field name="NUM">35</field></block></value></block></value><statement name="DO0"><block type="popup" id="-xd76YdNHIND2,(F9!jH"><field name="popuptext">Πρόσεχε ντετέκτιβ, η ικανότητα σου  να χρησιμοποιείς το σώμα σου μειώνεται αισθητά.</field></block></statement><next><block type="controls_if" id="VXVDjMRiB:%+Sa)1ugZJ"><value name="IF0"><block type="logic_compare" id="?t@.(ObE01`5a10#%3jh"><field name="OP">LT</field><value name="A"><block type="singleVar" id="^w;ZhdTQruBVFQvx811["><field name="varName">Ανθρ_Σχέσεις</field></block></value><value name="B"><block type="math_number" id="I2*kNje64#AStb=k090["><field name="NUM">35</field></block></value></block></value><statement name="DO0"><block type="popup" id="7La,?7L!cB+P=Sfk9Uk."><field name="popuptext">Πρόσεχε ντετέκτιβ, είναι πολύ σημαντικό να αναπτύσσεις σχέσεις με τους ανθρώπους γύρω σου.</field></block></statement><next><block type="controls_if" id="x4%KfO4:k9.hKy3}|aaW"><mutation elseif="1"></mutation><value name="IF0"><block type="logic_compare" id="%l[0/1z`1V--Gg_zOe6h"><field name="OP">LT</field><value name="A"><block type="singleVar" id="=n|Da:,eaP+OXRGR(jnt"><field name="varName">Αυτογνωσία</field></block></value><value name="B"><block type="math_number" id="Yl!B[pBF^@^MxsJmH:l|"><field name="NUM">35</field></block></value></block></value><statement name="DO0"><block type="popup" id="ctFlR+5B:^YuSkOE],RJ"><field name="popuptext">Πρόσεχε ντετέκτιβ, η αυτογνωσία σου είναι σε χαμηλά επίπεδα.</field></block></statement><value name="IF1"><block type="logic_compare" id="lIO)=nPN6~k;CC:({4i1"><field name="OP">GTE</field><value name="A"><block type="singleVar" id="h1azynqeCD~~_.galKUK"><field name="varName">Αυτογνωσία</field></block></value><value name="B"><block type="math_number" id="XP~muCoy:jfnm5TJ9S?3"><field name="NUM">200</field></block></value></block></value><statement name="DO1"><block type="popup" id="KBR=_YGLAM2Q)eC#u?ZR"><field name="popuptext">Πιστεύεις στ αλήθεια πως επιλέγοντας αντικείμενα που σχετίζονται κυρίως με την αυτογνωσία θα σε βοηθήσει να λύσεις το μυστήριο;</field></block></statement><next><block type="controls_if" id="74z-5f%uC(4c{p!||vO/"><mutation elseif="1"></mutation><value name="IF0"><block type="logic_compare" id="d}#q3m+;KXeWLF9Qch:S"><field name="OP">LT</field><value name="A"><block type="singleVar" id="fje)rPV8%cLT.82_?_Gn"><field name="varName">Φυσιολατρεία</field></block></value><value name="B"><block type="math_number" id="k4!HC/c.c9}Cmy,1s*+T"><field name="NUM">35</field></block></value></block></value><statement name="DO0"><block type="popup" id="5aMB?8GIL=+(/iC?w9`Q"><field name="popuptext">Πρόσεχε ντετέκτιβ, δεν μπορείς να επιλέγεις αντικείμενα τα οποία δεν βοηθούν καθόλου την καλλιέργεια δεξιοτήτων σχετικών με τη φύση γύρω σου.</field></block></statement><value name="IF1"><block type="logic_compare" id="(y/@I~dLM?8Mzuqtx:5}"><field name="OP">GTE</field><value name="A"><block type="singleVar" id="Yj3Db[g0Lkfq`UB|7NK|"><field name="varName">Φυσιολατρεία</field></block></value><value name="B"><block type="math_number" id="p1C]2r)d/yn0Q.8Z)U|0"><field name="NUM">200</field></block></value></block></value><statement name="DO1"><block type="popup" id="7W3WWYZyAl|0DG(Fi{K+"><field name="popuptext">Πιστεύεις στ αλήθεια πως η λύση αυτού του μυστηρίου βρίσκεται πίσω από λογικές και μαθηματικές πράξεις;</field></block></statement></block></next></block></next></block></next></block></next></block></next></block></next></block></next></block></next></block></xml>