<xml xmlns="http://www.w3.org/1999/xhtml"><block type="initialvalues" id="7%pi|u/wU`(M`t7@0~7Z" x="134" y="122"><statement name="Initial Values"><block type="initialValue" id="id1"><field name="varName">Λογική_Μαθηματικά</field><value name="varVal"><block type="math_number" id="var1"><field name="NUM">50</field></block></value><next><block type="initialValue" id="id2"><field name="varName">Γλώσσα</field><value name="varVal"><block type="math_number" id="var2"><field name="NUM">50</field></block></value><next><block type="initialValue" id="~fTs;CNF,q^Rw|?c;[)w"><field name="varName">Μουσική_Ρυθμός</field><value name="varVal"><block type="math_number" id="vmoJ_RZ:`Th6{A,vQ_VA"><field name="NUM">50</field></block></value><next><block type="initialValue" id="C6t)9.qr`)z:o94l.zP/"><field name="varName">Χωροταξία</field><value name="varVal"><block type="math_number" id="(*bQ*KH7,I3(A}2BxCQv"><field name="NUM">50</field></block></value><next><block type="initialValue" id=".NN/Ujl`TPFLhw0)+{^%"><field name="varName">Κιναισθησία</field><value name="varVal"><block type="math_number" id="1K]CpqbH6cZS%D.~l_Jp"><field name="NUM">50</field></block></value><next><block type="initialValue" id="Y3;Q@Zd~k.Ze3keoqnLk"><field name="varName">Ανθρ_Σχέσεις</field><value name="varVal"><block type="math_number" id="%7S`^5Par^vq)5Zi~|lb"><field name="NUM">50</field></block></value><next><block type="initialValue" id="p:v(~GV|=/]t![a6.oGk"><field name="varName">Αυτογνωσία</field><value name="varVal"><block type="math_number" id="*YUAwzy8a)1UL/kVI@E2"><field name="NUM">50</field></block></value><next><block type="initialValue" id="+xZSw~QWLj!wP]Wscajl"><field name="varName">Φυσιολατρεία</field><value name="varVal"><block type="math_number" id="xt)pIIy!`?4a1_u9|XEu"><field name="NUM">50</field></block></value></block></next></block></next></block></next></block></next></block></next></block></next></block></next></block></statement></block></xml>