<xml xmlns="http://www.w3.org/1999/xhtml"><block type="controls_if" id="c*Gnk`,Sl%R_@bCX!i3o" x="-641" y="-898"><mutation elseif="1"></mutation><value name="IF0"><block type="logic_operation" id="GxtJdvZ`VNc5+=@m}4o5"><field name="OP">AND</field><value name="A"><block type="logic_compare" id="%3ako8aJrK3esQM)y|e@"><field name="OP">EQ</field><value name="A"><block type="movescounter" id="vM6FbVYU`lHqX{qf*r?v"></block></value><value name="B"><block type="math_number" id="(TSM,Jlnfe1UkTYF*JqW"><field name="NUM">8</field></block></value></block></value><value name="B"><block type="logic_operation" id="=dd=P4Y/N.tqu}s+9SJ*"><field name="OP">AND</field><value name="A"><block type="logic_compare" id="^A!N*XcjbUifwTFZiTLI"><field name="OP">GTE</field><value name="A"><block type="singleVar" id="9B`vnM..]Q=sqE}A7:[~"><field name="varName">Γλώσσα</field></block></value><value name="B"><block type="math_number" id="tWAOu(r-Ka{}NJxv2bM@"><field name="NUM">200</field></block></value></block></value><value name="B"><block type="logic_compare" id="7.=iWAMX#*#vS0`TNO[_"><field name="OP">GTE</field><value name="A"><block type="singleVar" id="ir4uR_s=9A9bCb/pl!yE"><field name="varName">Μουσική_Ρυθμός</field></block></value><value name="B"><block type="math_number" id="c=jM`!Id@nIXf5POZ/]w"><field name="NUM">200</field></block></value></block></value></block></value></block></value><statement name="DO0"><block type="popup" id="zdt7ffJiv2Hdjs3S]_=z"><field name="popuptext">Συγζαρητήρια ντετέκτιβ!!!Κατάφερες να συγκεντρώσεις τα 8 αντικείμενα και να λύσεις το μυστήριο</field><next><block type="sound" id="0?b-dF+,a}^l#s=7#?Kd"><field name="NAME">applause</field><next><block type="gameover" id="vIjW]c1)fyYfP{O+!?GF"></block></next></block></next></block></statement><value name="IF1"><block type="logic_compare" id=",|^RLn_gh4X]Ywq*!?@("><field name="OP">EQ</field><value name="A"><block type="movescounter" id="1SgH_}l[)RgZwyB?vUV0"></block></value><value name="B"><block type="math_number" id="1EnniJjny;d;r=8F(Swx"><field name="NUM">8</field></block></value></block></value><statement name="DO1"><block type="popup" id="GG;r!2r2|2Wftc+_}--W"><field name="popuptext">Λυπάμαι πρέπει να μελετήσεις την υπόθεση από την αρχή.</field><next><block type="sound" id="[_:n;C`[%Sifo7zvgpRK"><field name="NAME">lose</field><next><block type="gameover" id="KktI_vl~pxdazF[wNRe~"></block></next></block></next></block></statement><next><block type="controls_if" id="/;~uwuWDkNR*Ji`VHqG{"><value name="IF0"><block type="logic_operation" id=").5NszN.rP.z]MfG@gIg"><field name="OP">AND</field><value name="A"><block type="logic_operation" id=")(DO;eMR^q1]f(TZC/Y2"><field name="OP">AND</field><value name="A"><block type="logic_compare" id="}koxkhy?K}unv)hcTBQv"><field name="OP">GTE</field><value name="A"><block type="singleVar" id="AyP{vZ6Txxqr/7z:bRl1"><field name="varName">Γλώσσα</field></block></value><value name="B"><block type="math_number" id="-zYQ5Y68PL}~(XoMZtJ2"><field name="NUM">200</field></block></value></block></value><value name="B"><block type="logic_compare" id="[c.@}[#*)+aZQ/:`XM8{"><field name="OP">GTE</field><value name="A"><block type="singleVar" id="vqrGpRK5qQHIJQ`af7AN"><field name="varName">Μουσική_Ρυθμός</field></block></value><value name="B"><block type="math_number" id="FfTsMlsPv~8`]5D}Cw*Y"><field name="NUM">200</field></block></value></block></value></block></value><value name="B"><block type="logic_operation" id="hjOQ_)`ufY=2R:)Y(Akb"><field name="OP">AND</field><value name="A"><block type="logic_compare" id="i%ru2wj:heoam-V/b-CI"><field name="OP">GTE</field><value name="A"><block type="singleVar" id="!mwb~hT9O9uj![hvk+s1"><field name="varName">Κιναισθησία</field></block></value><value name="B"><block type="math_number" id="(ErstCJnX#IDkI1o+MJa"><field name="NUM">150</field></block></value></block></value><value name="B"><block type="logic_compare" id="}gfwJSTgCoWF7CWbE@F:"><field name="OP">GTE</field><value name="A"><block type="singleVar" id="y1,p2^1hY7ub:5jSIyet"><field name="varName">Ανθρ_Σχέσεις</field></block></value><value name="B"><block type="math_number" id="`M3gI=6mzR2SF`H^jS,}"><field name="NUM">150</field></block></value></block></value></block></value></block></value><statement name="DO0"><block type="popup" id="2UlV|0B6VuaDEn~k6,j0"><field name="popuptext">Η υπόθεση για σένα ήταν παιχνιδάκι! Κατάφερες να λύσεις το μυστήριο με λιγότερο από 8 αντικείμενα.</field><next><block type="sound" id="__^0d1L!yd9M/`OZ!19y"><field name="NAME">applause</field><next><block type="gameover" id="%MLa/G[Z7;vef@]d(;z6"></block></next></block></next></block></statement><next><block type="controls_if" id="oUgd{3K~U[F@#aF]}ygA"><value name="IF0"><block type="logic_compare" id="~a@gT-aydG21O-1G.sjK"><field name="OP">LT</field><value name="A"><block type="singleVar" id="RTuC:_mI#d@k69q|ly)+"><field name="varName">Λογική_Μαθηματικά</field></block></value><value name="B"><block type="math_number" id="qIM#58w_X12vI;dXPueD"><field name="NUM">30</field></block></value></block></value><statement name="DO0"><block type="popup" id="[XMzb=tiZEwjnqR(]mUV"><field name="popuptext">Μπορεί σε αυτήν την υπόθεση να μην χρειάζεται υψηλή μαθηματική ευφυΐα, δεν σημαίνει όμως πως μπορείς να γίνεις ένας καλός ντετέκτιβ με καθόλου μαθηματική σκέψη.</field><next><block type="sound" id="O)7%+zz[wY??|I:eHQ=m"><field name="NAME">lose</field><next><block type="gameover" id="MLR/6i}9oB6st5-+BGN}"></block></next></block></next></block></statement><next><block type="controls_if" id="Utq~hC+ccKfe`(P`tHvL"><value name="IF0"><block type="logic_compare" id="x?B:Xyt5WdDnE5@ovu4Y"><field name="OP">LT</field><value name="A"><block type="singleVar" id="m%+uv/P0[rI?XKO}_uEA"><field name="varName">Χωροταξία</field></block></value><value name="B"><block type="math_number" id="S,a!9gZ7;Ts[l2n8d/`1"><field name="NUM">30</field></block></value></block></value><statement name="DO0"><block type="popup" id="}oEjm]2ia@qq;CF{lfjC"><field name="popuptext">Μπορεί σε αυτήν την υπόθεση να μην χρειάζεται να καλλιεργήσεις την ικανότητα να κινείσαι με ευκολία στο χώρο, δεν σημαίνει πως μπορείς να είναι σε τόσο χαμηλά επίπεδα</field><next><block type="sound" id="b?NzvIFQVN%HD|3@rVL["><field name="NAME">lose</field><next><block type="gameover" id="f]D4*yz~WJ}}WN/_-b;h"></block></next></block></next></block></statement><next><block type="controls_if" id="Y4oJW#p1hxbU]mQk!bV-"><value name="IF0"><block type="logic_compare" id="HJii5C;vX;vwu9^06}-t"><field name="OP">LT</field><value name="A"><block type="singleVar" id="!:B^hkk}Y~VQ|eS^;0kk"><field name="varName">Αυτογνωσία</field></block></value><value name="B"><block type="math_number" id="ph8*?L:PzgnEAM~GQ;KJ"><field name="NUM">30</field></block></value></block></value><statement name="DO0"><block type="popup" id="h`W!3xmIhm,UX9+`}9Ee"><field name="popuptext">Λυπάμαι ντετέκτιβ, έπρεπε να αφιερώσεις λίγο περισσότερο χρόνο για να γνωρίσεις τον εαυτό σου.</field><next><block type="sound" id="d==mq(Cnp2:jghwMVu)k"><field name="NAME">lose</field><next><block type="gameover" id="!,]H^LWzvK2DDPCloGA;"></block></next></block></next></block></statement><next><block type="controls_if" id="dEd`a3qwqq%A!@Fw?:Z0"><value name="IF0"><block type="logic_compare" id="5t?T8_ubgKqtfiO``N[3"><field name="OP">LT</field><value name="A"><block type="singleVar" id="Ha@#OV`qw9.xKlX#7XE5"><field name="varName">Φυσιολατρεία</field></block></value><value name="B"><block type="math_number" id="he;ELPPt.iJ*9yJ]5kIL"><field name="NUM">30</field></block></value></block></value><statement name="DO0"><block type="popup" id="(T8x|AbD(I~1C*%U|0|*"><field name="popuptext">Λυπάμαι ντετέκτιβ, έπρεπε να δώσεις προσοχή και σε αντικείμενα που σχετίζονται  με τη φύση.</field><next><block type="sound" id="u6RZkn7-8LlTMiwHVk,G"><field name="NAME">lose</field><next><block type="gameover" id="02|_nj+Y~FGL;R~qO@qe"></block></next></block></next></block></statement><next><block type="controls_if" id=":`D_MQeRt4edOfDcx./P"><value name="IF0"><block type="logic_compare" id="K,[X7-+#|b)Oqg8iO1%P"><field name="OP">LT</field><value name="A"><block type="singleVar" id="z7R!4%GDgyUnEYo_e!Ty"><field name="varName">Γλώσσα</field></block></value><value name="B"><block type="math_number" id="g6Z*CbWNlSl^p(ins%yW"><field name="NUM">30</field></block></value></block></value><statement name="DO0"><block type="popup" id="%#`lQz#~1Sw3J^+KuLT{"><field name="popuptext">Λυπάμαι ντετέκτιβ, είναι απίθανο να μπορέσεις να λύσεις αυτό το μυστήριο χωρίς την ικανότητα να χειρίζεσαι καλά τον λόγο.</field><next><block type="sound" id="A+T!Px0/.XBql%9cR8iV"><field name="NAME">lose</field><next><block type="gameover" id="]#vGd.Cqwp)UGnC5wn8e"></block></next></block></next></block></statement><next><block type="controls_if" id="k%.csUT%pikrHHo4NQ+Q"><value name="IF0"><block type="logic_compare" id="tkFSg!WHdn-Pe)}gP1P6"><field name="OP">LT</field><value name="A"><block type="singleVar" id="odDne%Ps{Ia~L{ew(I]a"><field name="varName">Μουσική_Ρυθμός</field></block></value><value name="B"><block type="math_number" id="Wk.n~yCZTOo%Vne(![Q`"><field name="NUM">30</field></block></value></block></value><statement name="DO0"><block type="popup" id="S0R+6_VVV;Gt)C^,X[9#"><field name="popuptext">Λυπάμαι ντετέκτιβ, αλλά πως θα καταφέρεις να διεισδύσεις στο χώρο του Μεγάρου Μουσικής χωρίς καμία ιδέα από μουσική...</field><next><block type="gameover" id="q5l?zQ}/M!4WizEBYd=m"></block></next></block></statement><next><block type="controls_if" id="/:EPKE8(oPzC_L;R`,-7"><value name="IF0"><block type="logic_compare" id="(rX@8`wM)ivl2g,Hd^zr"><field name="OP">LT</field><value name="A"><block type="singleVar" id="K0UK(snL@L1K6}i:Xcdj"><field name="varName">Κιναισθησία</field></block></value><value name="B"><block type="math_number" id="[K~oQ:~MzVTb,x;M5KR7"><field name="NUM">30</field></block></value></block></value><statement name="DO0"><block type="popup" id="i,[|c;;#z;}LEGH]=[pf"><field name="popuptext">Λυπάμαι ντετέκτιβ, σ αυτήν την υπόθεση θα συναντήσεις πολλούς ανθρώπους με υψηλή κιναισθητική νοημοσύνη. Πρέπει να μπορείς να φέρεσαι σαν ένας απ' αυτούς.</field><next><block type="sound" id="`gGXKJsVHQu1qQqk(t4("><field name="NAME">lose</field><next><block type="gameover" id="KHJrUU-3LkidPeOYar]Q"></block></next></block></next></block></statement><next><block type="controls_if" id="?(?TOP0Q,yQJj3bz+9cC"><value name="IF0"><block type="logic_compare" id="p1hI!%BD4D_#-W#=6^nK"><field name="OP">LT</field><value name="A"><block type="singleVar" id="=GaokN:g+6kJn~;VjNkE"><field name="varName">Ανθρ_Σχέσεις</field></block></value><value name="B"><block type="math_number" id="J;/;lh?|@%}xdw(^r7j^"><field name="NUM">30</field></block></value></block></value><statement name="DO0"><block type="popup" id=":{#6U9Gt.vK6zFU38vG*"><field name="popuptext">Πρόσεχε ντετέκτιβ. Δεν θεωρείς τις ανθρώπινες σχέσεις σημαντικές για να λύσεις το μυστήριο;; </field><next><block type="sound" id="XosOmaNC@,1okXE%t1C*"><field name="NAME">lose</field><next><block type="gameover" id="ZRfxR5,IwQ:M/PBaofL+"></block></next></block></next></block></statement></block></next></block></next></block></next></block></next></block></next></block></next></block></next></block></next></block></next></block></xml>